# Recovery of a sinusoidal phase imprinted by a light shift, one run per injected frequency
# From Baynham et al., arXiv:2504.09158, doi:10.5281/zenodo.19592552 (CC BY 4.0), Fig. 5a
# Sources: data_analysis/data/intermediate_data/signal_fitting_results_by_frequency.csv (final iteration), and data_analysis/data/precomputed_true_signals/signal_extraction_*.npz, reduced as 'data_analysis/figures/Figure 5a.ipynb' does
# Columns: injected_hz, the run's nominal frequency; curve, 'fit' for the likelihood of a sinusoid fitted to the differential phase
#   (logL above its minimum) or 'true' for the periodogram of the light-shift drive; f_hz, trial frequency; value, normalised to unit peak
injected_hz,curve,f_hz,value
0.0001,fit,7e-05,0.0606523
0.0001,fit,7.004338956268438e-05,0.0614212
0.0001,fit,7.008680602042816e-05,0.0621861
0.0001,fit,7.013024938990201e-05,0.0629466
0.0001,fit,7.017371968778733e-05,0.0637021
0.0001,fit,7.021721693077572e-05,0.0644522
0.0001,fit,7.026074113556928e-05,0.0651965
0.0001,fit,7.030429231888001e-05,0.0659344
0.0001,fit,7.034787049743071e-05,0.0666655
0.0001,fit,7.039147568795442e-05,0.0673893
0.0001,fit,7.043510790719467e-05,0.0681054
0.0001,fit,7.047876717190493e-05,0.0688133
0.0001,fit,7.052245349884952e-05,0.0695126
0.0001,fit,7.0566166904803e-05,0.0702027
0.0001,fit,7.060990740655043e-05,0.0708832
0.0001,fit,7.06536750208869e-05,0.0715536
0.0001,fit,7.069746976461831e-05,0.0722136
0.0001,fit,7.0741291654561e-05,0.0728626
0.0001,fit,7.078514070754125e-05,0.0735002
0.0001,fit,7.082901694039625e-05,0.0741259
0.0001,fit,7.08729203699735e-05,0.0747394
0.0001,fit,7.091685101313101e-05,0.0753401
0.0001,fit,7.096080888673689e-05,0.0759277
0.0001,fit,7.100479400767009e-05,0.0765018
0.0001,fit,7.104880639281988e-05,0.0770618
0.0001,fit,7.109284605908617e-05,0.0776075
0.0001,fit,7.113691302337888e-05,0.0781383
0.0001,fit,7.118100730261887e-05,0.078654
0.0001,fit,7.122512891373735e-05,0.0791541
0.0001,fit,7.126927787367612e-05,0.0796382
0.0001,fit,7.13134541993871e-05,0.0801059
0.0001,fit,7.135765790783313e-05,0.080557
0.0001,fit,7.140188901598743e-05,0.0809909
0.0001,fit,7.144614754083386e-05,0.0814075
0.0001,fit,7.149043349936642e-05,0.0818063
0.0001,fit,7.153474690859003e-05,0.082187
0.0001,fit,7.157908778552017e-05,0.0825493
0.0001,fit,7.162345614718243e-05,0.0828929
0.0001,fit,7.166785201061342e-05,0.0832175
0.0001,fit,7.17122753928601e-05,0.0835227
0.0001,fit,7.175672631098019e-05,0.0838084
0.0001,fit,7.180120478204154e-05,0.0840742
0.0001,fit,7.1845710823123e-05,0.0843199
0.0001,fit,7.189024445131389e-05,0.0845452
0.0001,fit,7.193480568371424e-05,0.0847499
0.0001,fit,7.197939453743424e-05,0.0849338
0.0001,fit,7.202401102959515e-05,0.0850967
0.0001,fit,7.206865517732869e-05,0.0852383
0.0001,fit,7.211332699777732e-05,0.0853586
0.0001,fit,7.215802650809372e-05,0.0854572
0.0001,fit,7.220275372544161e-05,0.0855341
0.0001,fit,7.224750866699537e-05,0.0855891
0.0001,fit,7.229229134993958e-05,0.0856221
0.0001,fit,7.233710179146993e-05,0.085633
0.0001,fit,7.238194000879258e-05,0.0856215
0.0001,fit,7.242680601912455e-05,0.0855878
0.0001,fit,7.247169983969304e-05,0.0855316
0.0001,fit,7.25166214877364e-05,0.0854529
0.0001,fit,7.256157098050355e-05,0.0853516
0.0001,fit,7.260654833525419e-05,0.0852278
0.0001,fit,7.265155356925828e-05,0.0850813
0.0001,fit,7.269658669979699e-05,0.0849123
0.0001,fit,7.274164774416198e-05,0.0847206
0.0001,fit,7.278673671965583e-05,0.0845062
0.0001,fit,7.283185364359136e-05,0.0842694
0.0001,fit,7.287699853329259e-05,0.0840099
0.0001,fit,7.292217140609428e-05,0.083728
0.0001,fit,7.296737227934148e-05,0.0834238
0.0001,fit,7.301260117039044e-05,0.0830972
0.0001,fit,7.305785809660803e-05,0.0827484
0.0001,fit,7.310314307537199e-05,0.0823775
0.0001,fit,7.314845612407045e-05,0.0819846
0.0001,fit,7.319379726010273e-05,0.0815699
0.0001,fit,7.323916650087878e-05,0.0811336
0.0001,fit,7.32845638638195e-05,0.0806758
0.0001,fit,7.332998936635614e-05,0.0801967
0.0001,fit,7.33754430259312e-05,0.0796965
0.0001,fit,7.342092485999786e-05,0.0791754
0.0001,fit,7.346643488602024e-05,0.0786337
0.0001,fit,7.351197312147286e-05,0.0780716
0.0001,fit,7.35575395838415e-05,0.0774894
0.0001,fit,7.360313429062264e-05,0.0768872
0.0001,fit,7.364875725932377e-05,0.0762655
0.0001,fit,7.369440850746274e-05,0.0756245
0.0001,fit,7.374008805256876e-05,0.0749646
0.0001,fit,7.378579591218186e-05,0.074286
0.0001,fit,7.383153210385253e-05,0.0735891
0.0001,fit,7.387729664514256e-05,0.0728742
0.0001,fit,7.392308955362449e-05,0.0721418
0.0001,fit,7.396891084688191e-05,0.0713922
0.0001,fit,7.401476054250883e-05,0.0706258
0.0001,fit,7.406063865811063e-05,0.069843
0.0001,fit,7.410654521130348e-05,0.0690442
0.0001,fit,7.415248021971458e-05,0.0682299
0.0001,fit,7.419844370098165e-05,0.0674005
0.0001,fit,7.424443567275372e-05,0.0665565
0.0001,fit,7.429045615269069e-05,0.0656983
0.0001,fit,7.43365051584635e-05,0.0648265
0.0001,fit,7.438258270775364e-05,0.0639415
0.0001,fit,7.442868881825395e-05,0.0630438
0.0001,fit,7.44748235076683e-05,0.062134
0.0001,fit,7.452098679371105e-05,0.0612126
0.0001,fit,7.456717869410799e-05,0.0602802
0.0001,fit,7.461339922659575e-05,0.0593373
0.0001,fit,7.465964840892213e-05,0.0583844
0.0001,fit,7.470592625884543e-05,0.0574222
0.0001,fit,7.475223279413544e-05,0.0564513
0.0001,fit,7.479856803257283e-05,0.0554722
0.0001,fit,7.48449319919494e-05,0.0544857
0.0001,fit,7.489132469006756e-05,0.0534922
0.0001,fit,7.493774614474118e-05,0.0524925
0.0001,fit,7.498419637379506e-05,0.0514872
0.0001,fit,7.503067539506517e-05,0.0504769
0.0001,fit,7.507718322639808e-05,0.0494624
0.0001,fit,7.51237198856519e-05,0.0484444
0.0001,fit,7.517028539069576e-05,0.0474234
0.0001,fit,7.52168797594095e-05,0.0464003
0.0001,fit,7.526350300968438e-05,0.0453757
0.0001,fit,7.531015515942271e-05,0.0443503
0.0001,fit,7.535683622653798e-05,0.043325
0.0001,fit,7.540354622895436e-05,0.0423004
0.0001,fit,7.545028518460756e-05,0.0412773
0.0001,fit,7.549705311144426e-05,0.0402564
0.0001,fit,7.554385002742246e-05,0.0392386
0.0001,fit,7.559067595051079e-05,0.0382246
0.0001,fit,7.563753089868947e-05,0.0372151
0.0001,fit,7.568441488994974e-05,0.0362111
0.0001,fit,7.573132794229411e-05,0.0352133
0.0001,fit,7.577827007373585e-05,0.0342225
0.0001,fit,7.582524130229981e-05,0.0332395
0.0001,fit,7.587224164602184e-05,0.0322652
0.0001,fit,7.591927112294918e-05,0.0313004
0.0001,fit,7.596632975113975e-05,0.0303459
0.0001,fit,7.601341754866314e-05,0.0294027
0.0001,fit,7.606053453360015e-05,0.0284715
0.0001,fit,7.610768072404231e-05,0.0275533
0.0001,fit,7.615485613809284e-05,0.0266488
0.0001,fit,7.620206079386601e-05,0.025759
0.0001,fit,7.624929470948748e-05,0.0248848
0.0001,fit,7.629655790309371e-05,0.024027
0.0001,fit,7.63438503928328e-05,0.0231866
0.0001,fit,7.639117219686401e-05,0.0223644
0.0001,fit,7.643852333335799e-05,0.0215613
0.0001,fit,7.648590382049616e-05,0.0207783
0.0001,fit,7.653331367647173e-05,0.0200162
0.0001,fit,7.658075291948896e-05,0.019276
0.0001,fit,7.662822156776362e-05,0.0185585
0.0001,fit,7.667571963952227e-05,0.0178648
0.0001,fit,7.672324715300323e-05,0.0171957
0.0001,fit,7.677080412645614e-05,0.0165521
0.0001,fit,7.681839057814147e-05,0.0159349
0.0001,fit,7.686600652633148e-05,0.0153452
0.0001,fit,7.691365198930964e-05,0.0147837
0.0001,fit,7.696132698537084e-05,0.0142515
0.0001,fit,7.700903153282088e-05,0.0137495
0.0001,fit,7.705676564997738e-05,0.0132785
0.0001,fit,7.710452935516914e-05,0.0128394
0.0001,fit,7.715232266673649e-05,0.0124333
0.0001,fit,7.720014560303067e-05,0.012061
0.0001,fit,7.724799818241472e-05,0.0117234
0.0001,fit,7.729588042326297e-05,0.0114215
0.0001,fit,7.734379234396123e-05,0.0111561
0.0001,fit,7.739173396290629e-05,0.0109281
0.0001,fit,7.743970529850679e-05,0.0107384
0.0001,fit,7.748770636918276e-05,0.0105879
0.0001,fit,7.753573719336523e-05,0.0104774
0.0001,fit,7.758379778949708e-05,0.0104079
0.0001,fit,7.763188817603248e-05,0.0103802
0.0001,fit,7.768000837143718e-05,0.0103951
0.0001,fit,7.772815839418796e-05,0.0104535
0.0001,fit,7.777633826277345e-05,0.0105561
0.0001,fit,7.782454799569361e-05,0.0107039
0.0001,fit,7.787278761146008e-05,0.0108976
0.0001,fit,7.792105712859541e-05,0.0111379
0.0001,fit,7.796935656563415e-05,0.0114257
0.0001,fit,7.80176859411222e-05,0.0117617
0.0001,fit,7.806604527361708e-05,0.0121467
0.0001,fit,7.811443458168736e-05,0.0125813
0.0001,fit,7.816285388391358e-05,0.0130663
0.0001,fit,7.821130319888764e-05,0.0136024
0.0001,fit,7.825978254521313e-05,0.0141902
0.0001,fit,7.83082919415047e-05,0.0148303
0.0001,fit,7.8356831406389e-05,0.0155235
0.0001,fit,7.840540095850422e-05,0.0162702
0.0001,fit,7.845400061649967e-05,0.0170711
0.0001,fit,7.850263039903664e-05,0.0179267
0.0001,fit,7.855129032478787e-05,0.0188375
0.0001,fit,7.859998041243781e-05,0.0198041
0.0001,fit,7.864870068068202e-05,0.0208269
0.0001,fit,7.869745114822813e-05,0.0219063
0.0001,fit,7.87462318337952e-05,0.0230428
0.0001,fit,7.879504275611406e-05,0.0242367
0.0001,fit,7.884388393392668e-05,0.0254884
0.0001,fit,7.88927553859871e-05,0.0267983
0.0001,fit,7.894165713106083e-05,0.0281665
0.0001,fit,7.899058918792522e-05,0.0295935
0.0001,fit,7.90395515753687e-05,0.0310792
0.0001,fit,7.908854431219188e-05,0.0326241
0.0001,fit,7.913756741720701e-05,0.0342281
0.0001,fit,7.918662090923753e-05,0.0358915
0.0001,fit,7.923570480711901e-05,0.0376142
0.0001,fit,7.928481912969855e-05,0.0393964
0.0001,fit,7.933396389583508e-05,0.041238
0.0001,fit,7.938313912439875e-05,0.0431389
0.0001,fit,7.943234483427188e-05,0.0450991
0.0001,fit,7.948158104434833e-05,0.0471184
0.0001,fit,7.953084777353386e-05,0.0491967
0.0001,fit,7.958014504074543e-05,0.0513338
0.0001,fit,7.962947286491222e-05,0.0535293
0.0001,fit,7.9678831264975e-05,0.0557831
0.0001,fit,7.972822025988641e-05,0.0580947
0.0001,fit,7.97776398686104e-05,0.0604637
0.0001,fit,7.982709011012309e-05,0.0628898
0.0001,fit,7.987657100341245e-05,0.0653723
0.0001,fit,7.992608256747764e-05,0.0679109
0.0001,fit,7.997562482133017e-05,0.070505
0.0001,fit,8.00251977839931e-05,0.0731538
0.0001,fit,8.00748014745015e-05,0.0758568
0.0001,fit,8.012443591190172e-05,0.0786132
0.0001,fit,8.017410111525241e-05,0.0814223
0.0001,fit,8.022379710362386e-05,0.0842832
0.0001,fit,8.027352389609839e-05,0.0871952
0.0001,fit,8.032328151176958e-05,0.0901573
0.0001,fit,8.037306996974342e-05,0.0931686
0.0001,fit,8.04228892891375e-05,0.096228
0.0001,fit,8.04727394890815e-05,0.0993347
0.0001,fit,8.05226205887164e-05,0.102487
0.0001,fit,8.057253260719558e-05,0.105685
0.0001,fit,8.062247556368411e-05,0.108927
0.0001,fit,8.067244947735912e-05,0.112211
0.0001,fit,8.07224543674091e-05,0.115536
0.0001,fit,8.077249025303495e-05,0.118902
0.0001,fit,8.082255715344948e-05,0.122306
0.0001,fit,8.08726550878769e-05,0.125748
0.0001,fit,8.092278407555384e-05,0.129225
0.0001,fit,8.097294413572867e-05,0.132738
0.0001,fit,8.10231352876619e-05,0.136283
0.0001,fit,8.107335755062543e-05,0.139859
0.0001,fit,8.112361094390364e-05,0.143466
0.0001,fit,8.117389548679266e-05,0.147101
0.0001,fit,8.122421119860078e-05,0.150763
0.0001,fit,8.127455809864778e-05,0.15445
0.0001,fit,8.132493620626584e-05,0.15816
0.0001,fit,8.137534554079903e-05,0.161893
0.0001,fit,8.142578612160352e-05,0.165645
0.0001,fit,8.147625796804705e-05,0.169415
0.0001,fit,8.152676109950978e-05,0.173202
0.0001,fit,8.157729553538395e-05,0.177004
0.0001,fit,8.162786129507326e-05,0.180818
0.0001,fit,8.167845839799401e-05,0.184644
0.0001,fit,8.172908686357432e-05,0.188479
0.0001,fit,8.177974671125452e-05,0.192321
0.0001,fit,8.18304379604865e-05,0.196168
0.0001,fit,8.188116063073472e-05,0.200019
0.0001,fit,8.19319147414755e-05,0.203872
0.0001,fit,8.198270031219745e-05,0.207724
0.0001,fit,8.203351736240072e-05,0.211574
0.0001,fit,8.208436591159805e-05,0.215419
0.0001,fit,8.213524597931416e-05,0.219259
0.0001,fit,8.218615758508596e-05,0.223091
0.0001,fit,8.223710074846203e-05,0.226912
0.0001,fit,8.228807548900353e-05,0.230722
0.0001,fit,8.233908182628377e-05,0.234517
0.0001,fit,8.239011977988768e-05,0.238297
0.0001,fit,8.244118936941284e-05,0.242059
0.0001,fit,8.249229061446879e-05,0.245802
0.0001,fit,8.254342353467743e-05,0.249523
0.0001,fit,8.259458814967228e-05,0.25322
0.0001,fit,8.264578447909954e-05,0.256892
0.0001,fit,8.269701254261746e-05,0.260537
0.0001,fit,8.274827235989657e-05,0.264152
0.0001,fit,8.279956395061917e-05,0.267736
0.0001,fit,8.285088733448022e-05,0.271288
0.0001,fit,8.29022425311867e-05,0.274805
0.0001,fit,8.295362956045802e-05,0.278286
0.0001,fit,8.300504844202528e-05,0.281728
0.0001,fit,8.305649919563233e-05,0.28513
0.0001,fit,8.310798184103507e-05,0.288491
0.0001,fit,8.315949639800184e-05,0.291808
0.0001,fit,8.32110428863127e-05,0.29508
0.0001,fit,8.326262132576051e-05,0.298305
0.0001,fit,8.331423173615037e-05,0.301481
0.0001,fit,8.336587413729914e-05,0.304608
0.0001,fit,8.341754854903652e-05,0.307683
0.0001,fit,8.34692549912043e-05,0.310705
0.0001,fit,8.352099348365671e-05,0.313672
0.0001,fit,8.357276404625983e-05,0.316583
0.0001,fit,8.362456669889255e-05,0.319437
0.0001,fit,8.367640146144589e-05,0.322231
0.0001,fit,8.372826835382338e-05,0.324965
0.0001,fit,8.37801673959404e-05,0.327637
0.0001,fit,8.383209860772514e-05,0.330246
0.0001,fit,8.388406200911801e-05,0.33279
0.0001,fit,8.393605762007194e-05,0.335269
0.0001,fit,8.39880854605517e-05,0.337681
0.0001,fit,8.404014555053499e-05,0.340024
0.0001,fit,8.409223791001183e-05,0.342299
0.0001,fit,8.414436255898418e-05,0.344503
0.0001,fit,8.419651951746687e-05,0.346635
0.0001,fit,8.424870880548698e-05,0.348696
0.0001,fit,8.430093044308418e-05,0.350682
0.0001,fit,8.435318445031003e-05,0.352594
0.0001,fit,8.440547084722906e-05,0.354431
0.0001,fit,8.445778965391803e-05,0.356191
0.0001,fit,8.451014089046636e-05,0.357875
0.0001,fit,8.456252457697537e-05,0.35948
0.0001,fit,8.461494073355937e-05,0.361006
0.0001,fit,8.466738938034496e-05,0.362453
0.0001,fit,8.471987053747141e-05,0.36382
0.0001,fit,8.477238422508993e-05,0.365106
0.0001,fit,8.482493046336474e-05,0.36631
0.0001,fit,8.487750927247258e-05,0.367432
0.0001,fit,8.493012067260215e-05,0.368471
0.0001,fit,8.49827646839552e-05,0.369428
0.0001,fit,8.503544132674583e-05,0.3703
0.0001,fit,8.508815062120085e-05,0.371089
0.0001,fit,8.514089258755906e-05,0.371793
0.0001,fit,8.519366724607234e-05,0.372412
0.0001,fit,8.524647461700496e-05,0.372946
0.0001,fit,8.529931472063392e-05,0.373394
0.0001,fit,8.535218757724825e-05,0.373757
0.0001,fit,8.540509320715011e-05,0.374033
0.0001,fit,8.545803163065404e-05,0.374224
0.0001,fit,8.551100286808736e-05,0.374328
0.0001,fit,8.556400693978945e-05,0.374346
0.0001,fit,8.561704386611287e-05,0.374278
0.0001,fit,8.567011366742255e-05,0.374124
0.0001,fit,8.572321636409628e-05,0.373883
0.0001,fit,8.577635197652391e-05,0.373555
0.0001,fit,8.58295205251085e-05,0.373142
0.0001,fit,8.588272203026571e-05,0.372643
0.0001,fit,8.593595651242335e-05,0.372058
0.0001,fit,8.598922399202243e-05,0.371387
0.0001,fit,8.604252448951645e-05,0.370631
0.0001,fit,8.609585802537174e-05,0.36979
0.0001,fit,8.614922462006681e-05,0.368865
0.0001,fit,8.62026242940934e-05,0.367855
0.0001,fit,8.625605706795576e-05,0.366762
0.0001,fit,8.630952296217101e-05,0.365586
0.0001,fit,8.63630219972685e-05,0.364327
0.0001,fit,8.641655419379079e-05,0.362986
0.0001,fit,8.647011957229304e-05,0.361563
0.0001,fit,8.65237181533433e-05,0.36006
0.0001,fit,8.657734995752185e-05,0.358477
0.0001,fit,8.663101500542223e-05,0.356814
0.0001,fit,8.66847133176508e-05,0.355074
0.0001,fit,8.673844491482611e-05,0.353255
0.0001,fit,8.679220981758004e-05,0.35136
0.0001,fit,8.684600804655709e-05,0.34939
0.0001,fit,8.689983962241474e-05,0.347345
0.0001,fit,8.69537045658227e-05,0.345226
0.0001,fit,8.700760289746406e-05,0.343035
0.0001,fit,8.706153463803455e-05,0.340773
0.0001,fit,8.711549980824292e-05,0.33844
0.0001,fit,8.716949842881019e-05,0.336039
0.0001,fit,8.722353052047078e-05,0.333571
0.0001,fit,8.727759610397176e-05,0.331036
0.0001,fit,8.733169520007327e-05,0.328437
0.0001,fit,8.738582782954777e-05,0.325774
0.0001,fit,8.743999401318112e-05,0.323051
0.0001,fit,8.749419377177208e-05,0.320267
0.0001,fit,8.754842712613175e-05,0.317424
0.0001,fit,8.760269409708469e-05,0.314526
0.0001,fit,8.765699470546818e-05,0.311572
0.0001,fit,8.771132897213258e-05,0.308565
0.0001,fit,8.776569691794064e-05,0.305507
0.0001,fit,8.782009856376859e-05,0.3024
0.0001,fit,8.787453393050545e-05,0.299245
0.0001,fit,8.792900303905328e-05,0.296045
0.0001,fit,8.798350591032665e-05,0.292802
0.0001,fit,8.803804256525358e-05,0.289518
0.0001,fit,8.809261302477491e-05,0.286196
0.0001,fit,8.814721730984463e-05,0.282836
0.0001,fit,8.820185544142915e-05,0.279443
0.0001,fit,8.825652744050848e-05,0.276017
0.0001,fit,8.831123332807538e-05,0.272562
0.0001,fit,8.836597312513586e-05,0.269081
0.0001,fit,8.84207468527084e-05,0.265574
0.0001,fit,8.847555453182501e-05,0.262046
0.0001,fit,8.853039618353079e-05,0.258499
0.0001,fit,8.858527182888332e-05,0.254935
0.0001,fit,8.864018148895374e-05,0.251358
0.0001,fit,8.869512518482613e-05,0.247769
0.0001,fit,8.875010293759779e-05,0.244173
0.0001,fit,8.880511476837857e-05,0.240571
0.0001,fit,8.886016069829191e-05,0.236967
0.0001,fit,8.89152407484742e-05,0.233364
0.0001,fit,8.89703549400751e-05,0.229765
0.0001,fit,8.902550329425685e-05,0.226172
0.0001,fit,8.908068583219531e-05,0.222589
0.0001,fit,8.913590257507933e-05,0.21902
0.0001,fit,8.919115354411105e-05,0.215467
0.0001,fit,8.924643876050523e-05,0.211933
0.0001,fit,8.93017582454903e-05,0.208423
0.0001,fit,8.935711202030784e-05,0.204939
0.0001,fit,8.94125001062121e-05,0.201484
0.0001,fit,8.946792252447101e-05,0.198062
0.0001,fit,8.95233792963655e-05,0.194677
0.0001,fit,8.95788704431899e-05,0.191332
0.0001,fit,8.963439598625117e-05,0.188029
0.0001,fit,8.968995594687003e-05,0.184774
0.0001,fit,8.974555034638022e-05,0.181569
0.0001,fit,8.980117920612893e-05,0.178418
0.0001,fit,8.985684254747598e-05,0.175324
0.0001,fit,8.991254039179501e-05,0.172292
0.0001,fit,8.996827276047271e-05,0.169324
0.0001,fit,9.002403967490924e-05,0.166424
0.0001,fit,9.007984115651742e-05,0.163595
0.0001,fit,9.013567722672396e-05,0.160842
0.0001,fit,9.019154790696862e-05,0.158168
0.0001,fit,9.024745321870464e-05,0.155577
0.0001,fit,9.030339318339801e-05,0.153071
0.0001,fit,9.03593678225286e-05,0.150655
0.0001,fit,9.041537715758956e-05,0.148332
0.0001,fit,9.047142121008684e-05,0.146106
0.0001,fit,9.052750000154023e-05,0.143979
0.0001,fit,9.058361355348273e-05,0.141957
0.0001,fit,9.063976188746083e-05,0.140041
0.0001,fit,9.069594502503385e-05,0.138236
0.0001,fit,9.0752162987775e-05,0.136544
0.0001,fit,9.08084157972707e-05,0.13497
0.0001,fit,9.086470347512092e-05,0.133516
0.0001,fit,9.092102604293848e-05,0.132186
0.0001,fit,9.097738352235014e-05,0.130982
0.0001,fit,9.103377593499588e-05,0.129908
0.0001,fit,9.109020330252928e-05,0.128967
0.0001,fit,9.114666564661679e-05,0.128162
0.0001,fit,9.120316298893885e-05,0.127496
0.0001,fit,9.125969535118932e-05,0.126972
0.0001,fit,9.131626275507497e-05,0.126592
0.0001,fit,9.137286522231658e-05,0.126359
0.0001,fit,9.142950277464819e-05,0.126275
0.0001,fit,9.148617543381752e-05,0.126344
0.0001,fit,9.15428832215852e-05,0.126568
0.0001,fit,9.15996261597259e-05,0.126948
0.0001,fit,9.165640427002764e-05,0.127487
0.0001,fit,9.171321757429207e-05,0.128188
0.0001,fit,9.177006609433383e-05,0.129051
0.0001,fit,9.182694985198165e-05,0.13008
0.0001,fit,9.18838688690776e-05,0.131276
0.0001,fit,9.194082316747745e-05,0.13264
0.0001,fit,9.199781276904996e-05,0.134174
0.0001,fit,9.205483769567805e-05,0.135879
0.0001,fit,9.211189796925817e-05,0.137757
0.0001,fit,9.216899361169977e-05,0.139808
0.0001,fit,9.222612464492647e-05,0.142035
0.0001,fit,9.228329109087528e-05,0.144437
0.0001,fit,9.234049297149698e-05,0.147015
0.0001,fit,9.239773030875542e-05,0.149771
0.0001,fit,9.245500312462862e-05,0.152704
0.0001,fit,9.251231144110802e-05,0.155814
0.0001,fit,9.256965528019892e-05,0.159103
0.0001,fit,9.262703466391962e-05,0.162569
0.0001,fit,9.268444961430271e-05,0.166214
0.0001,fit,9.27419001533942e-05,0.170035
0.0001,fit,9.2799386303254e-05,0.174034
0.0001,fit,9.285690808595506e-05,0.17821
0.0001,fit,9.291446552358464e-05,0.182562
0.0001,fit,9.297205863824349e-05,0.187088
0.0001,fit,9.302968745204622e-05,0.191789
0.0001,fit,9.30873519871206e-05,0.196662
0.0001,fit,9.314505226560867e-05,0.201707
0.0001,fit,9.320278830966625e-05,0.206922
0.0001,fit,9.326056014146224e-05,0.212306
0.0001,fit,9.331836778317989e-05,0.217857
0.0001,fit,9.337621125701604e-05,0.223572
0.0001,fit,9.343409058518142e-05,0.229451
0.0001,fit,9.349200578990002e-05,0.235491
0.0001,fit,9.354995689341011e-05,0.241689
0.0001,fit,9.360794391796362e-05,0.248043
0.0001,fit,9.366596688582641e-05,0.254552
0.0001,fit,9.372402581927761e-05,0.261211
0.0001,fit,9.378212074061068e-05,0.268018
0.0001,fit,9.384025167213278e-05,0.274971
0.0001,fit,9.389841863616503e-05,0.282067
0.0001,fit,9.395662165504182e-05,0.289301
0.0001,fit,9.4014860751112e-05,0.296672
0.0001,fit,9.40731359467382e-05,0.304175
0.0001,fit,9.413144726429642e-05,0.311808
0.0001,fit,9.418979472617704e-05,0.319566
0.0001,fit,9.424817835478416e-05,0.327446
0.0001,fit,9.430659817253593e-05,0.335445
0.0001,fit,9.436505420186387e-05,0.343558
0.0001,fit,9.442354646521394e-05,0.351782
0.0001,fit,9.448207498504581e-05,0.360113
0.0001,fit,9.454063978383332e-05,0.368546
0.0001,fit,9.45992408840636e-05,0.377078
0.0001,fit,9.465787830823834e-05,0.385704
0.0001,fit,9.471655207887295e-05,0.39442
0.0001,fit,9.477526221849704e-05,0.403222
0.0001,fit,9.483400874965356e-05,0.412105
0.0001,fit,9.489279169490001e-05,0.421065
0.0001,fit,9.49516110768077e-05,0.430098
0.0001,fit,9.501046691796215e-05,0.439199
0.0001,fit,9.506935924096226e-05,0.448363
0.0001,fit,9.512828806842151e-05,0.457586
0.0001,fit,9.518725342296742e-05,0.466864
0.0001,fit,9.524625532724095e-05,0.476191
0.0001,fit,9.530529380389768e-05,0.485563
0.0001,fit,9.536436887560705e-05,0.494976
0.0001,fit,9.54234805650527e-05,0.504424
0.0001,fit,9.54826288949318e-05,0.513904
0.0001,fit,9.554181388795613e-05,0.523409
0.0001,fit,9.56010355668514e-05,0.532937
0.0001,fit,9.566029395435756e-05,0.542481
0.0001,fit,9.571958907322807e-05,0.552037
0.0001,fit,9.577892094623113e-05,0.561601
0.0001,fit,9.5838289596149e-05,0.571167
0.0001,fit,9.589769504577746e-05,0.580732
0.0001,fit,9.595713731792709e-05,0.59029
0.0001,fit,9.601661643542234e-05,0.599836
0.0001,fit,9.607613242110203e-05,0.609367
0.0001,fit,9.613568529781855e-05,0.618877
0.0001,fit,9.619527508843903e-05,0.628362
0.0001,fit,9.625490181584458e-05,0.637818
0.0001,fit,9.631456550293071e-05,0.647239
0.0001,fit,9.637426617260651e-05,0.656621
0.0001,fit,9.643400384779587e-05,0.665959
0.0001,fit,9.649377855143668e-05,0.67525
0.0001,fit,9.655359030648128e-05,0.684489
0.0001,fit,9.661343913589561e-05,0.693671
0.0001,fit,9.667332506266042e-05,0.702792
0.0001,fit,9.67332481097706e-05,0.711847
0.0001,fit,9.679320830023537e-05,0.720833
0.0001,fit,9.68532056570777e-05,0.729744
0.0001,fit,9.691324020333538e-05,0.738578
0.0001,fit,9.697331196206054e-05,0.747329
0.0001,fit,9.703342095631893e-05,0.755993
0.0001,fit,9.709356720919124e-05,0.764567
0.0001,fit,9.715375074377225e-05,0.773046
0.0001,fit,9.721397158317128e-05,0.781427
0.0001,fit,9.727422975051132e-05,0.789704
0.0001,fit,9.733452526893035e-05,0.797875
0.0001,fit,9.739485816158046e-05,0.805935
0.0001,fit,9.745522845162832e-05,0.813881
0.0001,fit,9.751563616225432e-05,0.821708
0.0001,fit,9.757608131665385e-05,0.829413
0.0001,fit,9.763656393803646e-05,0.836993
0.0001,fit,9.769708404962629e-05,0.844442
0.0001,fit,9.77576416746613e-05,0.851759
0.0001,fit,9.78182368363944e-05,0.858939
0.0001,fit,9.787886955809278e-05,0.865979
0.0001,fit,9.793953986303818e-05,0.872875
0.0001,fit,9.800024777452625e-05,0.879624
0.0001,fit,9.806099331586761e-05,0.886222
0.0001,fit,9.812177651038737e-05,0.892666
0.0001,fit,9.818259738142448e-05,0.898952
0.0001,fit,9.824345595233297e-05,0.905078
0.0001,fit,9.830435224648113e-05,0.91104
0.0001,fit,9.836528628725196e-05,0.916835
0.0001,fit,9.842625809804231e-05,0.92246
0.0001,fit,9.84872677022642e-05,0.927911
0.0001,fit,9.854831512334389e-05,0.933186
0.0001,fit,9.86094003847224e-05,0.938282
0.0001,fit,9.867052350985468e-05,0.943196
0.0001,fit,9.87316845222108e-05,0.947924
0.0001,fit,9.879288344527521e-05,0.952464
0.0001,fit,9.88541203025471e-05,0.956814
0.0001,fit,9.891539511753958e-05,0.96097
0.0001,fit,9.897670791378102e-05,0.96493
0.0001,fit,9.903805871481431e-05,0.968691
0.0001,fit,9.909944754419636e-05,0.972251
0.0001,fit,9.916087442549927e-05,0.975607
0.0001,fit,9.922233938230956e-05,0.978757
0.0001,fit,9.928384243822858e-05,0.981698
0.0001,fit,9.934538361687169e-05,0.984429
0.0001,fit,9.940696294186947e-05,0.986946
0.0001,fit,9.946858043686702e-05,0.989248
0.0001,fit,9.953023612552421e-05,0.991332
0.0001,fit,9.959193003151503e-05,0.993197
0.0001,fit,9.965366217852871e-05,0.99484
0.0001,fit,9.971543259026902e-05,0.996261
0.0001,fit,9.977724129045455e-05,0.997456
0.0001,fit,9.983908830281804e-05,0.998424
0.0001,fit,9.990097365110754e-05,0.999164
0.0001,fit,9.996289735908578e-05,0.999675
0.0001,fit,0.00010002485945052965,0.999954
0.0001,fit,0.00010008685994923142,1
0.0001,fit,0.0001001488988789979,0.999812
0.0001,fit,0.00010021097626365048,0.99939
0.0001,fit,0.0001002730921270256,0.998731
0.0001,fit,0.00010033524649297418,0.997836
0.0001,fit,0.00010039743938536224,0.996702
0.0001,fit,0.00010045967082807024,0.99533
0.0001,fit,0.00010052194084499383,0.993719
0.0001,fit,0.00010058424946004307,0.991869
0.0001,fit,0.00010064659669714325,0.989779
0.0001,fit,0.00010070898258023408,0.987449
0.0001,fit,0.0001007714071332705,0.984879
0.0001,fit,0.00010083387038022193,0.982069
0.0001,fit,0.00010089637234507302,0.979019
0.0001,fit,0.00010095891305182298,0.97573
0.0001,fit,0.00010102149252448594,0.972202
0.0001,fit,0.00010108411078709115,0.968436
0.0001,fit,0.00010114676786368243,0.964432
0.0001,fit,0.00010120946377831884,0.960193
0.0001,fit,0.00010127219855507397,0.955718
0.0001,fit,0.00010133497221803675,0.951009
0.0001,fit,0.00010139778479131064,0.946068
0.0001,fit,0.00010146063629901442,0.940896
0.0001,fit,0.00010152352676528143,0.935496
0.0001,fit,0.00010158645621426038,0.929869
0.0001,fit,0.00010164942467011453,0.924017
0.0001,fit,0.00010171243215702252,0.917943
0.0001,fit,0.00010177547869917761,0.911649
0.0001,fit,0.00010183856432078839,0.905138
0.0001,fit,0.00010190168904607824,0.898414
0.0001,fit,0.00010196485289928547,0.891478
0.0001,fit,0.00010202805590466378,0.884336
0.0001,fit,0.00010209129808648148,0.876989
0.0001,fit,0.00010215457946902231,0.869442
0.0001,fit,0.00010221790007658466,0.861698
0.0001,fit,0.00010228125993348243,0.853762
0.0001,fit,0.00010234465906404412,0.845639
0.0001,fit,0.00010240809749261378,0.837331
0.0001,fit,0.00010247157524355009,0.828845
0.0001,fit,0.00010253509234122725,0.820185
0.0001,fit,0.0001025986488100342,0.811356
0.0001,fit,0.00010266224467437535,0.802363
0.0001,fit,0.00010272587995866986,0.793211
0.0001,fit,0.00010278955468735243,0.783907
0.0001,fit,0.00010285326888487248,0.774456
0.0001,fit,0.00010291702257569503,0.764863
0.0001,fit,0.00010298081578429982,0.755135
0.0001,fit,0.00010304464853518219,0.745278
0.0001,fit,0.00010310852085285237,0.735298
0.0001,fit,0.00010317243276183575,0.725203
0.0001,fit,0.00010323638428667324,0.714997
0.0001,fit,0.00010330037545192056,0.70469
0.0001,fit,0.00010336440628214907,0.694286
0.0001,fit,0.00010342847680194494,0.683793
0.0001,fit,0.00010349258703590999,0.673219
0.0001,fit,0.00010355673700866084,0.66257
0.0001,fit,0.00010362092674482988,0.651854
0.0001,fit,0.00010368515626906425,0.641078
0.0001,fit,0.00010374942560602683,0.63025
0.0001,fit,0.00010381373478039539,0.619377
0.0001,fit,0.00010387808381686337,0.608467
0.0001,fit,0.00010394247274013912,0.597527
0.0001,fit,0.00010400690157494673,0.586566
0.0001,fit,0.00010407137034602529,0.57559
0.0001,fit,0.00010413587907812922,0.564608
0.0001,fit,0.00010420042779602863,0.553626
0.0001,fit,0.00010426501652450852,0.542654
0.0001,fit,0.0001043296452883697,0.531698
0.0001,fit,0.00010439431411242794,0.520766
0.0001,fit,0.00010445902302151479,0.509866
0.0001,fit,0.00010452377204047677,0.499005
0.0001,fit,0.00010458856119417624,0.488192
0.0001,fit,0.00010465339050749054,0.477432
0.0001,fit,0.00010471826000531286,0.466734
0.0001,fit,0.0001047831697125514,0.456104
0.0001,fit,0.00010484811965413019,0.445551
0.0001,fit,0.00010491310985498834,0.435081
0.0001,fit,0.00010497814034008078,0.4247
0.0001,fit,0.00010504321113437764,0.414416
0.0001,fit,0.00010510832226286452,0.404236
0.0001,fit,0.0001051734737505428,0.394165
0.0001,fit,0.00010523866562242894,0.384211
0.0001,fit,0.00010530389790355537,0.374379
0.0001,fit,0.00010536917061896957,0.364676
0.0001,fit,0.00010543448379373497,0.355106
0.0001,fit,0.00010549983745293012,0.345677
0.0001,fit,0.00010556523162164956,0.336393
0.0001,fit,0.00010563066632500294,0.32726
0.0001,fit,0.00010569614158811588,0.318283
0.0001,fit,0.0001057616574361292,0.309466
0.0001,fit,0.00010582721389419969,0.300815
0.0001,fit,0.0001058928109874993,0.292334
0.0001,fit,0.00010595844874121605,0.284026
0.0001,fit,0.0001060241271805531,0.275897
0.0001,fit,0.00010608984633072971,0.26795
0.0001,fit,0.00010615560621698029,0.260189
0.0001,fit,0.00010622140686455536,0.252616
0.0001,fit,0.00010628724829872076,0.245236
0.0001,fit,0.00010635313054475798,0.238051
0.0001,fit,0.00010641905362796451,0.231063
0.0001,fit,0.00010648501757365308,0.224277
0.0001,fit,0.00010655102240715257,0.217692
0.0001,fit,0.0001066170681538071,0.211313
0.0001,fit,0.00010668315483897695,0.20514
0.0001,fit,0.00010674928248803767,0.199175
0.0001,fit,0.000106815451126381,0.19342
0.0001,fit,0.00010688166077941394,0.187876
0.0001,fit,0.0001069479114725597,0.182544
0.0001,fit,0.00010701420323125684,0.177424
0.0001,fit,0.00010708053608096008,0.172518
0.0001,fit,0.0001071469100471395,0.167826
0.0001,fit,0.00010721332515528141,0.163348
0.0001,fit,0.00010727978143088757,0.159083
0.0001,fit,0.00010734627889947556,0.155033
0.0001,fit,0.00010741281758657911,0.151196
0.0001,fit,0.00010747939751774734,0.147572
0.0001,fit,0.00010754601871854564,0.144161
0.0001,fit,0.0001076126812145548,0.140961
0.0001,fit,0.00010767938503137192,0.137972
0.0001,fit,0.00010774613019460951,0.135192
0.0001,fit,0.00010781291672989641,0.13262
0.0001,fit,0.00010787974466287692,0.130255
0.0001,fit,0.00010794661401921163,0.128095
0.0001,fit,0.00010801352482457664,0.126138
0.0001,fit,0.00010808047710466438,0.124383
0.0001,fit,0.00010814747088518278,0.122827
0.0001,fit,0.00010821450619185614,0.121469
0.0001,fit,0.00010828158305042436,0.120306
0.0001,fit,0.00010834870148664332,0.119335
0.0001,fit,0.0001084158615262852,0.118555
0.0001,fit,0.00010848306319513768,0.117962
0.0001,fit,0.00010855030651900488,0.117555
0.0001,fit,0.00010861759152370649,0.117329
0.0001,fit,0.00010868491823507862,0.117283
0.0001,fit,0.00010875228667897298,0.117414
0.0001,fit,0.00010881969688125771,0.117718
0.0001,fit,0.00010888714886781661,0.118192
0.0001,fit,0.00010895464266454987,0.118833
0.0001,fit,0.00010902217829737337,0.119638
0.0001,fit,0.00010908975579221947,0.120603
0.0001,fit,0.00010915737517503615,0.121726
0.0001,fit,0.00010922503647178794,0.123001
0.0001,fit,0.00010929273970845498,0.124426
0.0001,fit,0.00010936048491103403,0.125998
0.0001,fit,0.00010942827210553744,0.127712
0.0001,fit,0.00010949610131799418,0.129565
0.0001,fit,0.000109563972574449,0.131552
0.0001,fit,0.0001096318859009628,0.13367
0.0001,fit,0.00010969984132361297,0.135916
0.0001,fit,0.00010976783886849261,0.138284
0.0001,fit,0.00010983587856171144,0.140771
0.0001,fit,0.00010990396042939494,0.143373
0.0001,fit,0.0001099720844976852,0.146086
0.0001,fit,0.00011004025079274007,0.148905
0.0001,fit,0.0001101084593407341,0.151827
0.0001,fit,0.00011017671016785757,0.154846
0.0001,fit,0.00011024500330031746,0.157959
0.0001,fit,0.00011031333876433654,0.161161
0.0001,fit,0.0001103817165861543,0.164448
0.0001,fit,0.00011045013679202604,0.167815
0.0001,fit,0.00011051859940822378,0.171257
0.0001,fit,0.00011058710446103547,0.174771
0.0001,fit,0.00011065565197676539,0.178352
0.0001,fit,0.0001107242419817344,0.181994
0.0001,fit,0.00011079287450227933,0.185694
0.0001,fit,0.00011086154956475367,0.189447
0.0001,fit,0.00011093026719552689,0.193247
0.0001,fit,0.00011099902742098519,0.197091
0.0001,fit,0.00011106783026753068,0.200973
0.0001,fit,0.00011113667576158235,0.204889
0.0001,fit,0.00011120556392957504,0.208834
0.0001,fit,0.00011127449479796045,0.212802
0.0001,fit,0.00011134346839320625,0.21679
0.0001,fit,0.00011141248474179695,0.220791
0.0001,fit,0.00011148154387023301,0.224802
0.0001,fit,0.00011155064580503178,0.228817
0.0001,fit,0.00011161979057272673,0.232832
0.0001,fit,0.00011168897819986772,0.236841
0.0001,fit,0.00011175820871302148,0.24084
0.0001,fit,0.00011182748213877069,0.244823
0.0001,fit,0.000111896798503715,0.248786
0.0001,fit,0.00011196615783447008,0.252723
0.0001,fit,0.00011203556015766856,0.256631
0.0001,fit,0.0001121050054999591,0.260503
0.0001,fit,0.00011217449388800737,0.264335
0.0001,fit,0.00011224402534849508,0.268122
0.0001,fit,0.00011231359990812095,0.27186
0.0001,fit,0.00011238321759359979,0.275543
0.0001,fit,0.00011245287843166344,0.279167
0.0001,fit,0.00011252258244905983,0.282726
0.0001,fit,0.00011259232967255393,0.286217
0.0001,fit,0.00011266212012892685,0.289635
0.0001,fit,0.00011273195384497677,0.292975
0.0001,fit,0.00011280183084751802,0.296232
0.0001,fit,0.00011287175116338197,0.299402
0.0001,fit,0.00011294171481941631,0.302481
0.0001,fit,0.0001130117218424854,0.305465
0.0001,fit,0.00011308177225947053,0.308349
0.0001,fit,0.00011315186609726925,0.311129
0.0001,fit,0.00011322200338279621,0.313801
0.0001,fit,0.0001132921841429823,0.316361
0.0001,fit,0.00011336240840477555,0.318806
0.0001,fit,0.00011343267619514025,0.321132
0.0001,fit,0.00011350298754105784,0.323334
0.0001,fit,0.00011357334246952605,0.325411
0.0001,fit,0.00011364374100755978,0.327358
0.0001,fit,0.00011371418318219024,0.329173
0.0001,fit,0.00011378466902046584,0.330852
0.0001,fit,0.00011385519854945131,0.332393
0.0001,fit,0.00011392577179622858,0.333792
0.0001,fit,0.00011399638878789607,0.335048
0.0001,fit,0.00011406704955156896,0.336158
0.0001,fit,0.0001141377541143796,0.33712
0.0001,fit,0.00011420850250347672,0.337932
0.0001,fit,0.00011427929474602627,0.338593
0.0001,fit,0.00011435013086921067,0.339099
0.0001,fit,0.00011442101090022955,0.339451
0.0001,fit,0.00011449193486629901,0.339647
0.0001,fit,0.00011456290279465248,0.339686
0.0001,fit,0.00011463391471253977,0.339567
0.0001,fit,0.00011470497064722807,0.339289
0.0001,fit,0.000114776070626001,0.338853
0.0001,fit,0.00011484721467615956,0.338257
0.0001,fit,0.00011491840282502121,0.337503
0.0001,fit,0.00011498963509992078,0.336589
0.0001,fit,0.00011506091152820975,0.335518
0.0001,fit,0.0001151322321372565,0.334288
0.0001,fit,0.00011520359695444675,0.332902
0.0001,fit,0.00011527500600718272,0.331361
0.0001,fit,0.00011534645932288409,0.329665
0.0001,fit,0.00011541795692898708,0.327816
0.0001,fit,0.00011548949885294535,0.325816
0.0001,fit,0.00011556108512222913,0.323667
0.0001,fit,0.00011563271576432615,0.32137
0.0001,fit,0.0001157043908067407,0.318929
0.0001,fit,0.00011577611027699459,0.316346
0.0001,fit,0.00011584787420262623,0.313623
0.0001,fit,0.00011591968261119156,0.310763
0.0001,fit,0.00011599153553026311,0.30777
0.0001,fit,0.00011606343298743101,0.304646
0.0001,fit,0.00011613537501030201,0.301395
0.0001,fit,0.00011620736162650043,0.298021
0.0001,fit,0.00011627939286366723,0.294527
0.0001,fit,0.00011635146874946102,0.290917
0.0001,fit,0.00011642358931155716,0.287195
0.0001,fit,0.00011649575457764818,0.283365
0.0001,fit,0.00011656796457544413,0.279431
0.0001,fit,0.00011664021933267177,0.275398
0.0001,fit,0.00011671251887707548,0.271271
0.0001,fit,0.00011678486323641643,0.267053
0.0001,fit,0.00011685725243847341,0.262749
0.0001,fit,0.00011692968651104199,0.258365
0.0001,fit,0.00011700216548193544,0.253904
0.0001,fit,0.00011707468937898377,0.249372
0.0001,fit,0.00011714725823003476,0.244773
0.0001,fit,0.00011721987206295294,0.240113
0.0001,fit,0.0001172925309056206,0.235397
0.0001,fit,0.00011736523478593684,0.230629
0.0001,fit,0.0001174379837318185,0.225815
0.0001,fit,0.00011751077777119943,0.220959
0.0001,fit,0.00011758361693203072,0.216066
0.0001,fit,0.00011765650124228121,0.211142
0.0001,fit,0.00011772943072993655,0.206192
0.0001,fit,0.00011780240542300025,0.201221
0.0001,fit,0.00011787542534949267,0.196233
0.0001,fit,0.00011794849053745202,0.191233
0.0001,fit,0.00011802160101493346,0.186227
0.0001,fit,0.00011809475681000994,0.181218
0.0001,fit,0.0001181679579507714,0.176213
0.0001,fit,0.00011824120446532562,0.171215
0.0001,fit,0.00011831449638179735,0.16623
0.0001,fit,0.00011838783372832928,0.161261
0.0001,fit,0.000118461216533081,0.156314
0.0001,fit,0.00011853464482423008,0.151392
0.0001,fit,0.00011860811862997119,0.1465
0.0001,fit,0.00011868163797851645,0.141642
0.0001,fit,0.00011875520289809586,0.136823
0.0001,fit,0.00011882881341695645,0.132046
0.0001,fit,0.00011890246956336318,0.127314
0.0001,fit,0.0001189761713655981,0.122633
0.0001,fit,0.00011904991885196125,0.118005
0.0001,fit,0.00011912371205076975,0.113434
0.0001,fit,0.00011919755099035873,0.108924
0.0001,fit,0.0001192714356990804,0.104477
0.0001,fit,0.00011934536620530508,0.100098
0.0001,fit,0.00011941934253742012,0.0957881
0.0001,fit,0.00011949336472383097,0.0915516
0.0001,fit,0.00011956743279296026,0.0873909
0.0001,fit,0.00011964154677324863,0.0833087
0.0001,fit,0.00011971570669315393,0.0793075
0.0001,fit,0.00011978991258115211,0.0753898
0.0001,fit,0.00011986416446573631,0.0715579
0.0001,fit,0.00011993846237541777,0.0678139
0.0001,fit,0.0001200128063387251,0.06416
0.0001,fit,0.00012008719638420452,0.060598
0.0001,fit,0.00012016163254042037,0.0571298
0.0001,fit,0.00012023611483595417,0.0537569
0.0001,fit,0.00012031064329940571,0.050481
0.0001,fit,0.00012038521795939192,0.0473035
0.0001,fit,0.00012045983884454802,0.0442256
0.0001,fit,0.00012053450598352649,0.0412486
0.0001,fit,0.00012060921940499805,0.0383735
0.0001,fit,0.00012068397913765067,0.0356012
0.0001,fit,0.00012075878521019066,0.0329326
0.0001,fit,0.00012083363765134159,0.0303683
0.0001,fit,0.00012090853648984531,0.027909
0.0001,fit,0.00012098348175446101,0.0255551
0.0001,fit,0.00012105847347396623,0.0233069
0.0001,fit,0.00012113351167715595,0.0211648
0.0001,fit,0.00012120859639284297,0.0191288
0.0001,fit,0.00012128372764985839,0.017199
0.0001,fit,0.00012135890547705061,0.0153752
0.0001,fit,0.00012143412990328647,0.0136574
0.0001,fit,0.00012150940095745016,0.0120452
0.0001,fit,0.00012158471866844431,0.0105382
0.0001,fit,0.00012166008306518895,0.00913591
0.0001,fit,0.00012173549417662251,0.00783779
0.0001,fit,0.00012181095203170091,0.00664312
0.0001,fit,0.00012188645665939847,0.00555112
0.0001,fit,0.000121962008088707,0.0045609
0.0001,fit,0.00012203760634863677,0.00367151
0.0001,fit,0.00012211325146821553,0.00288188
0.0001,fit,0.00012218894347648952,0.00219086
0.0001,fit,0.00012226468240252248,0.0015972
0.0001,fit,0.00012234046827539673,0.00109959
0.0001,fit,0.000122416301124212,0.000696618
0.0001,fit,0.00012249218097808663,0.000386784
0.0001,fit,0.00012256810786615664,0.000168518
0.0001,fit,0.00012264408181757608,4.01676e-05
0.0001,fit,0.00012272010286151747,0
0.0001,fit,0.0001227961710271709,4.62079e-05
0.0001,fit,0.00012287228634374507,0.000176909
0.0001,fit,0.00012294844884046623,0.000390148
0.0001,fit,0.00012302465854657934,0.000683899
0.0001,fit,0.00012310091549134689,0.00105607
0.0001,fit,0.00012317721970405007,0.00150449
0.0001,fit,0.00012325357121398768,0.00202694
0.0001,fit,0.00012332997005047724,0.00262112
0.0001,fit,0.00012340641624285388,0.00328469
0.0001,fit,0.00012348290982047144,0.00401524
0.0001,fit,0.0001235594508127015,0.00481028
0.0001,fit,0.0001236360392489342,0.00566731
0.0001,fit,0.00012371267515857772,0.00658375
0.0001,fit,0.00012378935857105833,0.00755697
0.0001,fit,0.00012386608951582095,0.00858431
0.0001,fit,0.0001239428680223283,0.00966305
0.0001,fit,0.00012401969412006175,0.0107904
0.0001,fit,0.00012409656783852056,0.0119636
0.0001,fit,0.00012417348920722274,0.0131799
0.0001,fit,0.00012425045825570404,0.0144363
0.0001,fit,0.0001243274750135191,0.0157299
0.0001,fit,0.00012440453951024035,0.0170579
0.0001,fit,0.00012448165177545903,0.0184173
0.0001,fit,0.00012455881183878422,0.0198051
0.0001,fit,0.0001246360197298439,0.0212184
0.0001,fit,0.00012471327547828383,0.0226541
0.0001,fit,0.00012479057911376877,0.0241093
0.0001,fit,0.00012486793066598137,0.025581
0.0001,fit,0.00012494533016462278,0.0270662
0.0001,fit,0.00012502277763941282,0.0285618
0.0001,fit,0.00012510027312008938,0.0300649
0.0001,fit,0.00012517781663640913,0.0315725
0.0001,fit,0.0001252554082181468,0.0330816
0.0001,fit,0.000125333047895096,0.0345894
0.0001,fit,0.00012541073569706838,0.0360928
0.0001,fit,0.00012548847165389448,0.037589
0.0001,fit,0.00012556625579542293,0.0390752
0.0001,fit,0.00012564408815152127,0.0405485
0.0001,fit,0.0001257219687520751,0.0420063
0.0001,fit,0.00012579989762698907,0.0434456
0.0001,fit,0.0001258778748061858,0.044864
0.0001,fit,0.00012595590031960706,0.0462587
0.0001,fit,0.00012603397419721262,0.0476272
0.0001,fit,0.00012611209646898103,0.0489671
0.0001,fit,0.00012619026716490956,0.0502759
0.0001,fit,0.00012626848631501407,0.0515514
0.0001,fit,0.00012634675394932883,0.0527911
0.0001,fit,0.0001264250700979067,0.053993
0.0001,fit,0.00012650343479081948,0.0551549
0.0001,fit,0.00012658184805815724,0.0562748
0.0001,fit,0.0001266603099300291,0.0573509
0.0001,fit,0.00012673882043656238,0.0583813
0.0001,fit,0.00012681737960790356,0.0593643
0.0001,fit,0.0001268959874742173,0.0602983
0.0001,fit,0.00012697464406568752,0.0611817
0.0001,fit,0.00012705334941251625,0.0620131
0.0001,fit,0.00012713210354492485,0.0627914
0.0001,fit,0.00012721090649315278,0.0635151
0.0001,fit,0.0001272897582874589,0.0641834
0.0001,fit,0.00012736865895812018,0.0647952
0.0001,fit,0.00012744760853543297,0.0653497
0.0001,fit,0.00012752660704971194,0.0658462
0.0001,fit,0.0001276056545312906,0.066284
0.0001,fit,0.00012768475101052165,0.0666626
0.0001,fit,0.00012776389651777604,0.0669817
0.0001,fit,0.0001278430910834441,0.067241
0.0001,fit,0.0001279223347379345,0.0674404
0.0001,fit,0.0001280016275116752,0.0675798
0.0001,fit,0.0001280809694351126,0.0676592
0.0001,fit,0.00012816036053871243,0.067679
0.0001,fit,0.00012823980085295875,0.0676394
0.0001,fit,0.00012831929040835516,0.0675407
0.0001,fit,0.00012839882923542352,0.0673836
0.0001,fit,0.0001284784173647052,0.0671686
0.0001,fit,0.00012855805482675996,0.0668965
0.0001,fit,0.000128637741652167,0.066568
0.0001,fit,0.00012871747787152415,0.0661842
0.0001,fit,0.00012879726351544814,0.0657459
0.0001,fit,0.00012887709861457495,0.0652544
0.0001,fit,0.00012895698319955959,0.0647108
0.0001,fit,0.00012903691730107574,0.0641163
0.0001,fit,0.0001291169009498162,0.0634723
0.0001,fit,0.00012919693417649307,0.0627802
0.0001,fit,0.00012927701701183702,0.0620415
0.0001,fit,0.00012935714948659834,0.0612578
0.0001,fit,0.00012943733163154573,0.0604306
0.0001,fit,0.00012951756347746762,0.0595616
0.0001,fit,0.00012959784505517093,0.0586526
0.0001,fit,0.00012967817639548217,0.0577053
0.0001,fit,0.00012975855752924654,0.0567216
0.0001,fit,0.00012983898848732876,0.0557032
0.0001,fit,0.00012991946930061238,0.0546521
0.0001,fit,0.00013000000000000002,0.0535702
0.0001,true,5.5744909972657644e-05,0.0599455
0.0001,true,5.653004954973733e-05,0.0758252
0.0001,true,5.7315189126817014e-05,0.0917939
0.0001,true,5.81003287038967e-05,0.105559
0.0001,true,5.888546828097639e-05,0.114684
0.0001,true,5.9670607858056075e-05,0.117336
0.0001,true,6.045574743513576e-05,0.112884
0.0001,true,6.0495004413989745e-05,0.112482
0.0001,true,6.0573518371697716e-05,0.111631
0.0001,true,6.065203232940568e-05,0.110716
0.0001,true,6.073054628711365e-05,0.10974
0.0001,true,6.0809060244821616e-05,0.108704
0.0001,true,6.088757420252959e-05,0.107609
0.0001,true,6.096608816023756e-05,0.106458
0.0001,true,6.104460211794553e-05,0.105253
0.0001,true,6.112311607565349e-05,0.103994
0.0001,true,6.120163003336146e-05,0.102685
0.0001,true,6.124088701221544e-05,0.102012
0.0001,true,6.128014399106943e-05,0.101327
0.0001,true,6.13586579487774e-05,0.0999216
0.0001,true,6.143717190648537e-05,0.0984714
0.0001,true,6.151568586419333e-05,0.0969785
0.0001,true,6.15941998219013e-05,0.095445
0.0001,true,6.167271377960927e-05,0.0938729
0.0001,true,6.175122773731724e-05,0.0922646
0.0001,true,6.182974169502521e-05,0.0906221
0.0001,true,6.190825565273317e-05,0.0889477
0.0001,true,6.198676961044114e-05,0.0872437
0.0001,true,6.202602658929513e-05,0.0863812
0.0001,true,6.206528356814911e-05,0.0855122
0.0001,true,6.214379752585709e-05,0.0837554
0.0001,true,6.222231148356506e-05,0.0819757
0.0001,true,6.230082544127301e-05,0.0801752
0.0001,true,6.237933939898099e-05,0.0783562
0.0001,true,6.245785335668896e-05,0.0765209
0.0001,true,6.253636731439693e-05,0.0746714
0.0001,true,6.26148812721049e-05,0.0728101
0.0001,true,6.269339522981286e-05,0.070939
0.0001,true,6.277190918752083e-05,0.0690603
0.0001,true,6.281116616637481e-05,0.0681188
0.0001,true,6.281116616637481e-05,0.0681188
0.0001,true,6.28504231452288e-05,0.0671762
0.0001,true,6.292893710293677e-05,0.0652888
0.0001,true,6.300745106064474e-05,0.0634003
0.0001,true,6.30859650183527e-05,0.0615126
0.0001,true,6.316447897606067e-05,0.059628
0.0001,true,6.324299293376864e-05,0.0577483
0.0001,true,6.332150689147661e-05,0.0558757
0.0001,true,6.340002084918458e-05,0.0540122
0.0001,true,6.347853480689254e-05,0.0521597
0.0001,true,6.355704876460051e-05,0.0503202
0.0001,true,6.35963057434545e-05,0.0494059
0.0001,true,6.363556272230848e-05,0.0484957
0.0001,true,6.371407668001646e-05,0.046688
0.0001,true,6.379259063772443e-05,0.044899
0.0001,true,6.387110459543238e-05,0.0431306
0.0001,true,6.394961855314036e-05,0.0413847
0.0001,true,6.402813251084833e-05,0.0396631
0.0001,true,6.41066464685563e-05,0.0379675
0.0001,true,6.418516042626427e-05,0.0362998
0.0001,true,6.426367438397223e-05,0.0346617
0.0001,true,6.43421883416802e-05,0.0330549
0.0001,true,6.438144532053418e-05,0.0322638
0.0001,true,6.442070229938817e-05,0.0314812
0.0001,true,6.449921625709614e-05,0.0299422
0.0001,true,6.457773021480411e-05,0.0284396
0.0001,true,6.465624417251208e-05,0.0269751
0.0001,true,6.473475813022004e-05,0.0255502
0.0001,true,6.481327208792801e-05,0.0241666
0.0001,true,6.489178604563598e-05,0.0228259
0.0001,true,6.497030000334395e-05,0.0215296
0.0001,true,6.504881396105191e-05,0.0202792
0.0001,true,6.512732791875988e-05,0.0190763
0.0001,true,6.516658489761387e-05,0.0184932
0.0001,true,6.520584187646785e-05,0.0179224
0.0001,true,6.528435583417583e-05,0.0168189
0.0001,true,6.53628697918838e-05,0.0157673
0.0001,true,6.544138374959177e-05,0.014769
0.0001,true,6.551989770729973e-05,0.0138254
0.0001,true,6.55984116650077e-05,0.0129378
0.0001,true,6.567692562271567e-05,0.0121076
0.0001,true,6.575543958042364e-05,0.011336
0.0001,true,6.58339535381316e-05,0.0106244
0.0001,true,6.591246749583957e-05,0.00997404
0.0001,true,6.595172447469355e-05,0.00967217
0.0001,true,6.599098145354754e-05,0.00938603
0.0001,true,6.606949541125551e-05,0.00886157
0.0001,true,6.614800936896348e-05,0.00840178
0.0001,true,6.622652332667145e-05,0.00800774
0.0001,true,6.630503728437941e-05,0.00768048
0.0001,true,6.638355124208738e-05,0.00742099
0.0001,true,6.646206519979535e-05,0.0072302
0.0001,true,6.654057915750332e-05,0.007109
0.0001,true,6.66190931152113e-05,0.0070582
0.0001,true,6.669760707291925e-05,0.00707856
0.0001,true,6.673686405177324e-05,0.00711565
0.0001,true,6.677612103062722e-05,0.00717079
0.0001,true,6.68546349883352e-05,0.00733552
0.0001,true,6.693314894604317e-05,0.0075733
0.0001,true,6.701166290375114e-05,0.00788461
0.0001,true,6.70901768614591e-05,0.00826987
0.0001,true,6.716869081916707e-05,0.00872939
0.0001,true,6.724720477687504e-05,0.00926342
0.0001,true,6.732571873458301e-05,0.0098721
0.0001,true,6.740423269229098e-05,0.0105555
0.0001,true,6.748274664999894e-05,0.0113135
0.0001,true,6.752200362885292e-05,0.0117205
0.0001,true,6.756126060770691e-05,0.0121461
0.0001,true,6.763977456541488e-05,0.0130529
0.0001,true,6.771828852312285e-05,0.0140336
0.0001,true,6.779680248083082e-05,0.0150877
0.0001,true,6.787531643853878e-05,0.0162146
0.0001,true,6.795383039624675e-05,0.0174137
0.0001,true,6.803234435395472e-05,0.0186842
0.0001,true,6.81108583116627e-05,0.0200249
0.0001,true,6.818937226937066e-05,0.021435
0.0001,true,6.826788622707862e-05,0.0229131
0.0001,true,6.830714320593261e-05,0.0236773
0.0001,true,6.83464001847866e-05,0.024458
0.0001,true,6.842491414249456e-05,0.0260682
0.0001,true,6.850342810020254e-05,0.027742
0.0001,true,6.858194205791051e-05,0.0294779
0.0001,true,6.866045601561846e-05,0.0312738
0.0001,true,6.873896997332644e-05,0.0331279
0.0001,true,6.881748393103441e-05,0.035038
0.0001,true,6.889599788874238e-05,0.0370018
0.0001,true,6.897451184645035e-05,0.039017
0.0001,true,6.905302580415831e-05,0.0410811
0.0001,true,6.909228278301229e-05,0.0421307
0.0001,true,6.913153976186628e-05,0.0431915
0.0001,true,6.921005371957425e-05,0.0453454
0.0001,true,6.928856767728222e-05,0.0475399
0.0001,true,6.936708163499019e-05,0.0497722
0.0001,true,6.944559559269815e-05,0.0520391
0.0001,true,6.952410955040612e-05,0.0543375
0.0001,true,6.960262350811409e-05,0.0566641
0.0001,true,6.968113746582206e-05,0.0590156
0.0001,true,6.975965142353003e-05,0.0613886
0.0001,true,6.983816538123799e-05,0.0637794
0.0001,true,6.987742236009198e-05,0.0649805
0.0001,true,6.991667933894596e-05,0.0661847
0.0001,true,6.999519329665393e-05,0.0686007
0.0001,true,7.00737072543619e-05,0.0710238
0.0001,true,7.015222121206988e-05,0.0734503
0.0001,true,7.023073516977783e-05,0.0758764
0.0001,true,7.03092491274858e-05,0.0782984
0.0001,true,7.038776308519378e-05,0.0807125
0.0001,true,7.046627704290175e-05,0.0831149
0.0001,true,7.054479100060972e-05,0.0855019
0.0001,true,7.062330495831768e-05,0.0878697
0.0001,true,7.066256193717166e-05,0.0890452
0.0001,true,7.066256193717166e-05,0.0890452
0.0001,true,7.070181891602565e-05,0.0902146
0.0001,true,7.078033287373362e-05,0.0925328
0.0001,true,7.085884683144159e-05,0.0948207
0.0001,true,7.093736078914956e-05,0.0970748
0.0001,true,7.101587474685752e-05,0.0992914
0.0001,true,7.109438870456549e-05,0.101467
0.0001,true,7.117290266227346e-05,0.103599
0.0001,true,7.125141661998143e-05,0.105683
0.0001,true,7.13299305776894e-05,0.107716
0.0001,true,7.140844453539736e-05,0.109695
0.0001,true,7.144770151425135e-05,0.110663
0.0001,true,7.148695849310533e-05,0.111617
0.0001,true,7.15654724508133e-05,0.11348
0.0001,true,7.164398640852128e-05,0.11528
0.0001,true,7.172250036622925e-05,0.117015
0.0001,true,7.180101432393722e-05,0.118682
0.0001,true,7.187952828164518e-05,0.120279
0.0001,true,7.195804223935315e-05,0.121804
0.0001,true,7.203655619706112e-05,0.123255
0.0001,true,7.211507015476909e-05,0.124629
0.0001,true,7.219358411247705e-05,0.125925
0.0001,true,7.223284109133103e-05,0.126544
0.0001,true,7.227209807018502e-05,0.127142
0.0001,true,7.235061202789299e-05,0.128277
0.0001,true,7.242912598560096e-05,0.12933
0.0001,true,7.250763994330893e-05,0.1303
0.0001,true,7.25861539010169e-05,0.131184
0.0001,true,7.266466785872486e-05,0.131984
0.0001,true,7.274318181643283e-05,0.132696
0.0001,true,7.28216957741408e-05,0.133323
0.0001,true,7.290020973184877e-05,0.133862
0.0001,true,7.297872368955673e-05,0.134314
0.0001,true,7.301798066841072e-05,0.134507
0.0001,true,7.30572376472647e-05,0.134678
0.0001,true,7.313575160497267e-05,0.134955
0.0001,true,7.321426556268065e-05,0.135145
0.0001,true,7.329277952038862e-05,0.135249
0.0001,true,7.337129347809659e-05,0.135266
0.0001,true,7.344980743580455e-05,0.135197
0.0001,true,7.352832139351252e-05,0.135044
0.0001,true,7.360683535122049e-05,0.134808
0.0001,true,7.368534930892846e-05,0.134489
0.0001,true,7.376386326663642e-05,0.134088
0.0001,true,7.38031202454904e-05,0.133857
0.0001,true,7.384237722434439e-05,0.133607
0.0001,true,7.392089118205236e-05,0.133048
0.0001,true,7.399940513976033e-05,0.132412
0.0001,true,7.40779190974683e-05,0.131701
0.0001,true,7.415643305517627e-05,0.130917
0.0001,true,7.423494701288423e-05,0.130061
0.0001,true,7.43134609705922e-05,0.129137
0.0001,true,7.439197492830017e-05,0.128145
0.0001,true,7.447048888600814e-05,0.127089
0.0001,true,7.45490028437161e-05,0.125971
0.0001,true,7.458825982257009e-05,0.12539
0.0001,true,7.462751680142407e-05,0.124794
0.0001,true,7.470603075913204e-05,0.123559
0.0001,true,7.478454471684001e-05,0.122271
0.0001,true,7.486305867454799e-05,0.120932
0.0001,true,7.494157263225596e-05,0.119545
0.0001,true,7.502008658996391e-05,0.118113
0.0001,true,7.509860054767189e-05,0.116639
0.0001,true,7.517711450537986e-05,0.115127
0.0001,true,7.525562846308783e-05,0.11358
0.0001,true,7.533414242079579e-05,0.112001
0.0001,true,7.537339939964977e-05,0.111202
0.0001,true,7.541265637850376e-05,0.110395
0.0001,true,7.549117033621173e-05,0.108765
0.0001,true,7.55696842939197e-05,0.107114
0.0001,true,7.564819825162767e-05,0.105446
0.0001,true,7.572671220933564e-05,0.103766
0.0001,true,7.58052261670436e-05,0.102077
0.0001,true,7.588374012475157e-05,0.100384
0.0001,true,7.596225408245954e-05,0.0986908
0.0001,true,7.604076804016751e-05,0.0970014
0.0001,true,7.611928199787547e-05,0.0953202
0.0001,true,7.615853897672946e-05,0.0944841
0.0001,true,7.619779595558344e-05,0.0936518
0.0001,true,7.627630991329141e-05,0.0920004
0.0001,true,7.635482387099938e-05,0.0903706
0.0001,true,7.643333782870736e-05,0.0887669
0.0001,true,7.651185178641533e-05,0.087194
0.0001,true,7.659036574412328e-05,0.0856565
0.0001,true,7.666887970183126e-05,0.0841591
0.0001,true,7.674739365953923e-05,0.0827064
0.0001,true,7.68259076172472e-05,0.0813032
0.0001,true,7.690442157495516e-05,0.0799543
0.0001,true,7.694367855380914e-05,0.0793016
0.0001,true,7.698293553266313e-05,0.0786644
0.0001,true,7.70614494903711e-05,0.0774383
0.0001,true,7.713996344807907e-05,0.0762807
0.0001,true,7.721847740578704e-05,0.0751965
0.0001,true,7.729699136349501e-05,0.0741903
0.0001,true,7.737550532120298e-05,0.0732669
0.0001,true,7.745401927891094e-05,0.0724309
0.0001,true,7.753253323661891e-05,0.071687
0.0001,true,7.761104719432688e-05,0.0710398
0.0001,true,7.768956115203484e-05,0.0704937
0.0001,true,7.772881813088883e-05,0.07026
0.0001,true,7.776807510974281e-05,0.0700532
0.0001,true,7.784658906745078e-05,0.0697227
0.0001,true,7.792510302515875e-05,0.0695064
0.0001,true,7.800361698286673e-05,0.0694085
0.0001,true,7.80821309405747e-05,0.069433
0.0001,true,7.816064489828267e-05,0.0695838
0.0001,true,7.823915885599063e-05,0.0698646
0.0001,true,7.83176728136986e-05,0.0702791
0.0001,true,7.839618677140657e-05,0.0708307
0.0001,true,7.847470072911453e-05,0.0715226
0.0001,true,7.851395770796851e-05,0.0719221
0.0001,true,7.851395770796851e-05,0.0719221
0.0001,true,7.85532146868225e-05,0.0723579
0.0001,true,7.863172864453047e-05,0.0733394
0.0001,true,7.871024260223844e-05,0.0744699
0.0001,true,7.878875655994641e-05,0.0757516
0.0001,true,7.886727051765438e-05,0.0771869
0.0001,true,7.894578447536235e-05,0.0787775
0.0001,true,7.902429843307031e-05,0.0805252
0.0001,true,7.910281239077828e-05,0.0824314
0.0001,true,7.918132634848625e-05,0.084497
0.0001,true,7.925984030619421e-05,0.086723
0.0001,true,7.92990972850482e-05,0.0878963
0.0001,true,7.933835426390218e-05,0.0891098
0.0001,true,7.941686822161015e-05,0.0916576
0.0001,true,7.949538217931812e-05,0.0943663
0.0001,true,7.95738961370261e-05,0.0972353
0.0001,true,7.965241009473407e-05,0.100264
0.0001,true,7.973092405244204e-05,0.103451
0.0001,true,7.980943801015e-05,0.106795
0.0001,true,7.988795196785797e-05,0.110294
0.0001,true,7.996646592556594e-05,0.113945
0.0001,true,8.004497988327391e-05,0.117747
0.0001,true,8.008423686212788e-05,0.119704
0.0001,true,8.012349384098187e-05,0.121697
0.0001,true,8.020200779868984e-05,0.12579
0.0001,true,8.028052175639781e-05,0.130024
0.0001,true,8.035903571410578e-05,0.134394
0.0001,true,8.043754967181375e-05,0.138896
0.0001,true,8.051606362952172e-05,0.143526
0.0001,true,8.059457758722968e-05,0.148278
0.0001,true,8.067309154493765e-05,0.153147
0.0001,true,8.075160550264562e-05,0.158127
0.0001,true,8.08301194603536e-05,0.163213
0.0001,true,8.086937643920757e-05,0.165793
0.0001,true,8.090863341806155e-05,0.168398
0.0001,true,8.098714737576952e-05,0.173675
0.0001,true,8.10656613334775e-05,0.179039
0.0001,true,8.114417529118546e-05,0.184481
0.0001,true,8.122268924889344e-05,0.189995
0.0001,true,8.130120320660141e-05,0.195572
0.0001,true,8.137971716430936e-05,0.201206
0.0001,true,8.145823112201734e-05,0.206888
0.0001,true,8.153674507972531e-05,0.212611
0.0001,true,8.161525903743328e-05,0.218365
0.0001,true,8.165451601628725e-05,0.221252
0.0001,true,8.169377299514124e-05,0.224144
0.0001,true,8.177228695284921e-05,0.229937
0.0001,true,8.185080091055718e-05,0.235738
0.0001,true,8.192931486826515e-05,0.241537
0.0001,true,8.200782882597312e-05,0.247325
0.0001,true,8.208634278368109e-05,0.253094
0.0001,true,8.216485674138905e-05,0.258836
0.0001,true,8.224337069909702e-05,0.264542
0.0001,true,8.232188465680499e-05,0.270203
0.0001,true,8.240039861451296e-05,0.27581
0.0001,true,8.243965559336694e-05,0.278591
0.0001,true,8.247891257222092e-05,0.281356
0.0001,true,8.255742652992889e-05,0.286831
0.0001,true,8.263594048763686e-05,0.292229
0.0001,true,8.271445444534483e-05,0.29754
0.0001,true,8.27929684030528e-05,0.302756
0.0001,true,8.287148236076078e-05,0.307871
0.0001,true,8.294999631846873e-05,0.312876
0.0001,true,8.30285102761767e-05,0.317764
0.0001,true,8.310702423388468e-05,0.322528
0.0001,true,8.318553819159265e-05,0.32716
0.0001,true,8.322479517044662e-05,0.329425
0.0001,true,8.32640521493006e-05,0.331655
0.0001,true,8.334256610700858e-05,0.336005
0.0001,true,8.342108006471655e-05,0.340204
0.0001,true,8.349959402242452e-05,0.344247
0.0001,true,8.357810798013249e-05,0.348127
0.0001,true,8.365662193784046e-05,0.351839
0.0001,true,8.373513589554842e-05,0.355378
0.0001,true,8.381364985325639e-05,0.358739
0.0001,true,8.389216381096436e-05,0.361916
0.0001,true,8.397067776867233e-05,0.364907
0.0001,true,8.400993474752632e-05,0.366331
0.0001,true,8.404919172638029e-05,0.367706
0.0001,true,8.412770568408826e-05,0.37031
0.0001,true,8.420621964179623e-05,0.372715
0.0001,true,8.42847335995042e-05,0.374918
0.0001,true,8.436324755721218e-05,0.376917
0.0001,true,8.444176151492015e-05,0.378707
0.0001,true,8.45202754726281e-05,0.380288
0.0001,true,8.459878943033608e-05,0.381656
0.0001,true,8.467730338804405e-05,0.38281
0.0001,true,8.475581734575202e-05,0.383748
0.0001,true,8.4795074324606e-05,0.384135
0.0001,true,8.483433130345998e-05,0.384469
0.0001,true,8.491284526116795e-05,0.384972
0.0001,true,8.499135921887592e-05,0.385256
0.0001,true,8.506987317658389e-05,0.38532
0.0001,true,8.514838713429186e-05,0.385164
0.0001,true,8.522690109199983e-05,0.384789
0.0001,true,8.530541504970779e-05,0.384194
0.0001,true,8.538392900741576e-05,0.38338
0.0001,true,8.546244296512373e-05,0.382347
0.0001,true,8.55409569228317e-05,0.381097
0.0001,true,8.558021390168569e-05,0.38039
0.0001,true,8.561947088053966e-05,0.37963
0.0001,true,8.569798483824763e-05,0.377948
0.0001,true,8.57764987959556e-05,0.376053
0.0001,true,8.585501275366357e-05,0.373946
0.0001,true,8.593352671137154e-05,0.37163
0.0001,true,8.601204066907952e-05,0.369107
0.0001,true,8.609055462678747e-05,0.366379
0.0001,true,8.616906858449544e-05,0.363449
0.0001,true,8.624758254220342e-05,0.360321
0.0001,true,8.632609649991139e-05,0.356996
0.0001,true,8.636535347876537e-05,0.355262
0.0001,true,8.636535347876537e-05,0.355262
0.0001,true,8.640461045761934e-05,0.35348
0.0001,true,8.648312441532732e-05,0.349774
0.0001,true,8.656163837303529e-05,0.345884
0.0001,true,8.664015233074326e-05,0.341813
0.0001,true,8.671866628845123e-05,0.337565
0.0001,true,8.67971802461592e-05,0.333145
0.0001,true,8.687569420386717e-05,0.328557
0.0001,true,8.695420816157513e-05,0.323807
0.0001,true,8.70327221192831e-05,0.318899
0.0001,true,8.711123607699107e-05,0.313839
0.0001,true,8.715049305584506e-05,0.311253
0.0001,true,8.718975003469903e-05,0.308632
0.0001,true,8.7268263992407e-05,0.303283
0.0001,true,8.734677795011497e-05,0.2978
0.0001,true,8.742529190782294e-05,0.292187
0.0001,true,8.750380586553091e-05,0.286451
0.0001,true,8.758231982323889e-05,0.280599
0.0001,true,8.766083378094686e-05,0.274637
0.0001,true,8.773934773865481e-05,0.268572
0.0001,true,8.781786169636279e-05,0.262411
0.0001,true,8.789637565407076e-05,0.256162
0.0001,true,8.793563263292474e-05,0.253006
0.0001,true,8.797488961177871e-05,0.249831
0.0001,true,8.805340356948669e-05,0.243428
0.0001,true,8.813191752719466e-05,0.236959
0.0001,true,8.821043148490263e-05,0.230432
0.0001,true,8.82889454426106e-05,0.223857
0.0001,true,8.836745940031857e-05,0.21724
0.0001,true,8.844597335802654e-05,0.210592
0.0001,true,8.85244873157345e-05,0.20392
0.0001,true,8.860300127344247e-05,0.197233
0.0001,true,8.868151523115044e-05,0.190542
0.0001,true,8.872077221000443e-05,0.187197
0.0001,true,8.876002918885841e-05,0.183854
0.0001,true,8.883854314656637e-05,0.17718
0.0001,true,8.891705710427434e-05,0.170529
0.0001,true,8.899557106198231e-05,0.163911
0.0001,true,8.907408501969028e-05,0.157335
0.0001,true,8.915259897739826e-05,0.150812
0.0001,true,8.923111293510623e-05,0.144351
0.0001,true,8.930962689281418e-05,0.137964
0.0001,true,8.938814085052216e-05,0.13166
0.0001,true,8.946665480823013e-05,0.125449
0.0001,true,8.950591178708411e-05,0.122382
0.0001,true,8.95451687659381e-05,0.119343
0.0001,true,8.962368272364606e-05,0.113351
0.0001,true,8.970219668135403e-05,0.107485
0.0001,true,8.9780710639062e-05,0.101755
0.0001,true,8.985922459676997e-05,0.0961709
0.0001,true,8.993773855447794e-05,0.0907444
0.0001,true,9.001625251218591e-05,0.085486
0.0001,true,9.005077495392633e-05,0.0832298
0.0001,true,9.009476646989387e-05,0.0804062
0.0001,true,9.017328042760184e-05,0.0755155
0.0001,true,9.025179438530981e-05,0.0708246
0.0001,true,9.02910513641638e-05,0.0685574
0.0001,true,9.033030834301778e-05,0.0663439
0.0001,true,9.040882230072574e-05,0.0620838
0.0001,true,9.048733625843371e-05,0.0580544
0.0001,true,9.056585021614168e-05,0.054266
0.0001,true,9.064436417384965e-05,0.0507284
0.0001,true,9.072287813155763e-05,0.0474515
0.0001,true,9.08013920892656e-05,0.0444447
0.0001,true,9.087990604697355e-05,0.0417174
0.0001,true,9.095842000468153e-05,0.0392788
0.0001,true,9.10369339623895e-05,0.0371376
0.0001,true,9.107619094124348e-05,0.0361812
0.0001,true,9.111544792009745e-05,0.0353024
0.0001,true,9.119396187780543e-05,0.0337813
0.0001,true,9.12724758355134e-05,0.0325824
0.0001,true,9.135098979322137e-05,0.031713
0.0001,true,9.142950375092934e-05,0.0311804
0.0001,true,9.150801770863731e-05,0.0309913
0.0001,true,9.158653166634528e-05,0.031152
0.0001,true,9.166504562405325e-05,0.0316685
0.0001,true,9.174355958176121e-05,0.032546
0.0001,true,9.182207353946918e-05,0.0337897
0.0001,true,9.186133051832317e-05,0.0345502
0.0001,true,9.190058749717714e-05,0.0354038
0.0001,true,9.197910145488511e-05,0.0373925
0.0001,true,9.205761541259308e-05,0.039759
0.0001,true,9.213612937030105e-05,0.0425063
0.0001,true,9.221464332800902e-05,0.0456366
0.0001,true,9.2293157285717e-05,0.0491517
0.0001,true,9.237167124342497e-05,0.0530528
0.0001,true,9.245018520113294e-05,0.0573405
0.0001,true,9.25286991588409e-05,0.0620147
0.0001,true,9.260721311654887e-05,0.067075
0.0001,true,9.264647009540285e-05,0.0697495
0.0001,true,9.268572707425682e-05,0.07252
0.0001,true,9.27642410319648e-05,0.078348
0.0001,true,9.284275498967277e-05,0.0845566
0.0001,true,9.292126894738074e-05,0.0911429
0.0001,true,9.299978290508871e-05,0.0981032
0.0001,true,9.307829686279668e-05,0.105433
0.0001,true,9.315681082050465e-05,0.113129
0.0001,true,9.323532477821262e-05,0.121184
0.0001,true,9.331383873592058e-05,0.129593
0.0001,true,9.339235269362855e-05,0.13835
0.0001,true,9.343160967248254e-05,0.142856
0.0001,true,9.347086665133651e-05,0.147447
0.0001,true,9.354938060904448e-05,0.156877
0.0001,true,9.362789456675245e-05,0.166633
0.0001,true,9.370640852446042e-05,0.176705
0.0001,true,9.37849224821684e-05,0.187085
0.0001,true,9.386343643987636e-05,0.197764
0.0001,true,9.394195039758434e-05,0.208731
0.0001,true,9.402046435529231e-05,0.219977
0.0001,true,9.409897831300026e-05,0.23149
0.0001,true,9.417749227070824e-05,0.243261
0.0001,true,9.421674924956222e-05,0.249239
0.0001,true,9.421674924956222e-05,0.249239
0.0001,true,9.425600622841621e-05,0.255277
0.0001,true,9.433452018612416e-05,0.267528
0.0001,true,9.441303414383214e-05,0.280001
0.0001,true,9.449154810154011e-05,0.292684
0.0001,true,9.457006205924808e-05,0.305566
0.0001,true,9.464857601695605e-05,0.318633
0.0001,true,9.472708997466402e-05,0.331873
0.0001,true,9.480560393237199e-05,0.345273
0.0001,true,9.488411789007995e-05,0.35882
0.0001,true,9.496263184778792e-05,0.372502
0.0001,true,9.50018888266419e-05,0.379388
0.0001,true,9.504114580549589e-05,0.386304
0.0001,true,9.511965976320385e-05,0.400213
0.0001,true,9.519817372091182e-05,0.414218
0.0001,true,9.527668767861979e-05,0.428303
0.0001,true,9.535520163632776e-05,0.442456
0.0001,true,9.543371559403573e-05,0.456664
0.0001,true,9.55122295517437e-05,0.470914
0.0001,true,9.559074350945168e-05,0.485191
0.0001,true,9.566925746715963e-05,0.499484
0.0001,true,9.57477714248676e-05,0.51378
0.0001,true,9.578702840372159e-05,0.520924
0.0001,true,9.582628538257558e-05,0.528065
0.0001,true,9.590479934028353e-05,0.542326
0.0001,true,9.59833132979915e-05,0.556552
0.0001,true,9.606182725569948e-05,0.570729
0.0001,true,9.614034121340745e-05,0.584846
0.0001,true,9.621885517111542e-05,0.59889
0.0001,true,9.629736912882339e-05,0.612849
0.0001,true,9.637588308653136e-05,0.626712
0.0001,true,9.645439704423932e-05,0.640467
0.0001,true,9.653291100194729e-05,0.654102
0.0001,true,9.657216798080128e-05,0.660872
0.0001,true,9.661142495965526e-05,0.667607
0.0001,true,9.668993891736322e-05,0.68097
0.0001,true,9.676845287507119e-05,0.694181
0.0001,true,9.684696683277916e-05,0.707228
0.0001,true,9.692548079048713e-05,0.720103
0.0001,true,9.70039947481951e-05,0.732793
0.0001,true,9.708250870590308e-05,0.745291
0.0001,true,9.716102266361105e-05,0.757585
0.0001,true,9.7239536621319e-05,0.769667
0.0001,true,9.731805057902698e-05,0.781527
0.0001,true,9.735730755788096e-05,0.787371
0.0001,true,9.739656453673495e-05,0.793156
0.0001,true,9.74750784944429e-05,0.804545
0.0001,true,9.755359245215088e-05,0.815686
0.0001,true,9.763210640985885e-05,0.82657
0.0001,true,9.771062036756682e-05,0.837189
0.0001,true,9.778913432527479e-05,0.847535
0.0001,true,9.786764828298276e-05,0.857599
0.0001,true,9.794616224069073e-05,0.867376
0.0001,true,9.802467619839869e-05,0.876856
0.0001,true,9.810319015610666e-05,0.886034
0.0001,true,9.814244713496065e-05,0.890507
0.0001,true,9.818170411381463e-05,0.894901
0.0001,true,9.826021807152259e-05,0.903451
0.0001,true,9.833873202923056e-05,0.911678
0.0001,true,9.841724598693853e-05,0.919575
0.0001,true,9.84957599446465e-05,0.927135
0.0001,true,9.857427390235447e-05,0.934353
0.0001,true,9.865278786006244e-05,0.941223
0.0001,true,9.873130181777042e-05,0.947739
0.0001,true,9.880981577547839e-05,0.953896
0.0001,true,9.888832973318634e-05,0.959688
0.0001,true,9.892758671204033e-05,0.962446
0.0001,true,9.896684369089432e-05,0.96511
0.0001,true,9.904535764860227e-05,0.970158
0.0001,true,9.912387160631024e-05,0.974826
0.0001,true,9.920238556401822e-05,0.97911
0.0001,true,9.928089952172619e-05,0.983006
0.0001,true,9.935941347943416e-05,0.98651
0.0001,true,9.943792743714213e-05,0.989618
0.0001,true,9.95164413948501e-05,0.992326
0.0001,true,9.959495535255807e-05,0.99463
0.0001,true,9.967346931026603e-05,0.996528
0.0001,true,9.971272628912002e-05,0.997324
0.0001,true,9.9751983267974e-05,0.998017
0.0001,true,9.983049722568196e-05,0.999093
0.0001,true,9.990901118338993e-05,0.999755
0.0001,true,9.99875251410979e-05,1
0.0001,true,0.00010006603909880587,0.999826
0.0001,true,0.00010014455305651384,0.999232
0.0001,true,0.00010022306701422181,0.998216
0.0001,true,0.00010030158097192979,0.996777
0.0001,true,0.00010038009492963776,0.994915
0.0001,true,0.00010045860888734571,0.992628
0.0001,true,0.0001004978658661997,0.991326
0.0001,true,0.00010053712284505369,0.989918
0.0001,true,0.00010061563680276164,0.986784
0.0001,true,0.00010069415076046961,0.983226
0.0001,true,0.00010077266471817759,0.979246
0.0001,true,0.00010085117867588556,0.974846
0.0001,true,0.00010092969263359353,0.970026
0.0001,true,0.0001010082065913015,0.96479
0.0001,true,0.00010108672054900947,0.959139
0.0001,true,0.00010116523450671744,0.953077
0.0001,true,0.0001012437484644254,0.946607
0.0001,true,0.00010128300544327938,0.94322
0.0001,true,0.00010132226242213337,0.939733
0.0001,true,0.00010140077637984133,0.932459
0.0001,true,0.0001014792903375493,0.92479
0.0001,true,0.00010155780429525727,0.916732
0.0001,true,0.00010163631825296524,0.90829
0.0001,true,0.00010171483221067321,0.899471
0.0001,true,0.00010179334616838118,0.89028
0.0001,true,0.00010187186012608916,0.880726
0.0001,true,0.00010195037408379713,0.870816
0.0001,true,0.00010202888804150508,0.860558
0.0001,true,0.00010206814502035907,0.855301
0.0001,true,0.00010206814502035907,0.855301
0.0001,true,0.00010210740199921306,0.849961
0.0001,true,0.00010218591595692101,0.839034
0.0001,true,0.00010226442991462898,0.827787
0.0001,true,0.00010234294387233696,0.81623
0.0001,true,0.00010242145783004493,0.804373
0.0001,true,0.0001024999717877529,0.792228
0.0001,true,0.00010257848574546087,0.779805
0.0001,true,0.00010265699970316884,0.767119
0.0001,true,0.00010273551366087681,0.754179
0.0001,true,0.00010281402761858477,0.741
0.0001,true,0.00010285328459743875,0.734325
0.0001,true,0.00010289254157629274,0.727595
0.0001,true,0.00010297105553400071,0.713977
0.0001,true,0.00010304956949170867,0.700161
0.0001,true,0.00010312808344941664,0.68616
0.0001,true,0.00010320659740712461,0.671989
0.0001,true,0.00010328511136483258,0.657664
0.0001,true,0.00010336362532254055,0.643199
0.0001,true,0.00010344213928024852,0.62861
0.0001,true,0.0001035206532379565,0.613913
0.0001,true,0.00010359916719566445,0.599124
0.0001,true,0.00010363842417451844,0.591699
0.0001,true,0.00010367768115337242,0.584258
0.0001,true,0.0001037561951110804,0.569331
0.0001,true,0.00010383470906878835,0.554361
0.0001,true,0.00010391322302649632,0.539362
0.0001,true,0.0001039917369842043,0.524352
0.0001,true,0.00010407025094191227,0.509347
0.0001,true,0.00010414876489962024,0.494363
0.0001,true,0.00010422727885732821,0.479415
0.0001,true,0.00010430579281503618,0.464521
0.0001,true,0.00010438430677274414,0.449696
0.0001,true,0.00010442356375159812,0.442315
0.0001,true,0.00010446282073045211,0.434956
0.0001,true,0.00010454133468816008,0.420316
0.0001,true,0.00010461984864586804,0.405792
0.0001,true,0.00010469836260357601,0.391398
0.0001,true,0.00010477687656128398,0.377149
0.0001,true,0.00010485539051899195,0.36306
0.0001,true,0.00010493390447669992,0.349145
0.0001,true,0.0001050124184344079,0.335416
0.0001,true,0.00010509093239211587,0.321888
0.0001,true,0.00010516944634982382,0.308573
0.0001,true,0.00010520870332867781,0.301999
0.0001,true,0.0001052479603075318,0.295483
0.0001,true,0.00010532647426523977,0.28263
0.0001,true,0.00010540498822294772,0.270026
0.0001,true,0.0001054835021806557,0.257681
0.0001,true,0.00010556201613836367,0.245606
0.0001,true,0.00010564053009607164,0.23381
0.0001,true,0.00010571904405377961,0.222302
0.0001,true,0.00010579755801148758,0.211092
0.0001,true,0.00010587607196919555,0.200187
0.0001,true,0.00010595458592690351,0.189595
0.0001,true,0.0001059938429057575,0.184418
0.0001,true,0.00010603309988461148,0.179322
0.0001,true,0.00010611161384231945,0.169376
0.0001,true,0.00010619012780002741,0.159762
0.0001,true,0.00010626864175773538,0.150484
0.0001,true,0.00010634715571544335,0.141548
0.0001,true,0.00010642566967315132,0.132959
0.0001,true,0.00010650418363085929,0.124718
0.0001,true,0.00010658269758856726,0.11683
0.0001,true,0.00010666121154627524,0.109296
0.0001,true,0.00010673972550398319,0.102119
0.0001,true,0.00010677898248283718,0.0986649
0.0001,true,0.00010681823946169116,0.0953002
0.0001,true,0.00010689675341939914,0.08884
0.0001,true,0.00010697526737710709,0.082739
0.0001,true,0.00010705378133481506,0.0769969
0.0001,true,0.00010713229529252304,0.0716132
0.0001,true,0.000107210809250231,0.0665868
0.0001,true,0.00010728932320793898,0.0619162
0.0001,true,0.00010736783716564695,0.0575994
0.0001,true,0.00010744635112335492,0.053634
0.0001,true,0.00010752486508106289,0.0500173
0.0001,true,0.00010756412205991686,0.0483387
0.0001,true,0.00010760337903877085,0.046746
0.0001,true,0.00010768189299647882,0.0438168
0.0001,true,0.00010776040695418678,0.0412257
0.0001,true,0.00010783892091189475,0.0389685
0.0001,true,0.00010791743486960272,0.0370407
0.0001,true,0.00010799594882731069,0.0354374
0.0001,true,0.00010807446278501866,0.0341536
0.0001,true,0.00010815297674272663,0.0331838
0.0001,true,0.0001082314907004346,0.0325225
0.0001,true,0.00010831000465814258,0.0321637
0.0001,true,0.00010834926163699655,0.0320959
0.0001,true,0.00010838851861585053,0.0321014
0.0001,true,0.0001084670325735585,0.0323292
0.0001,true,0.00010854554653126646,0.0328405
0.0001,true,0.00010862406048897443,0.0336288
0.0001,true,0.0001087025744466824,0.0346871
0.0001,true,0.00010878108840439038,0.0360083
0.0001,true,0.00010885960236209835,0.0375854
0.0001,true,0.00010893811631980632,0.0394109
0.0001,true,0.00010901663027751429,0.0414775
0.0001,true,0.00010909514423522226,0.0437775
0.0001,true,0.00010913440121407623,0.0450126
0.0001,true,0.00010917365819293022,0.0463033
0.0001,true,0.00010925217215063819,0.0490471
0.0001,true,0.00010933068610834615,0.0520012
0.0001,true,0.00010940920006605412,0.0551574
0.0001,true,0.00010948771402376209,0.058508
0.0001,true,0.00010956622798147006,0.0620447
0.0001,true,0.00010964474193917803,0.0657595
0.0001,true,0.000109723255896886,0.0696443
0.0001,true,0.00010980176985459397,0.0736908
0.0001,true,0.00010988028381230195,0.0778907
0.0001,true,0.00010991954079115592,0.0800457
0.0001,true,0.00010991954079115593,0.0800457
0.0001,true,0.0001099587977700099,0.0822359
0.0001,true,0.00011003731172771787,0.086718
0.0001,true,0.00011011582568542583,0.0913287
0.0001,true,0.0001101943396431338,0.0960598
0.0001,true,0.00011027285360084177,0.100903
0.0001,true,0.00011035136755854975,0.10585
0.0001,true,0.00011042988151625772,0.110892
0.0001,true,0.00011050839547396569,0.116021
0.0001,true,0.00011058690943167366,0.121228
0.0001,true,0.00011066542338938163,0.126507
0.0001,true,0.0001107046803682356,0.12917
0.0001,true,0.00011074393734708959,0.131847
0.0001,true,0.00011082245130479756,0.137241
0.0001,true,0.00011090096526250552,0.142681
0.0001,true,0.00011097947922021349,0.148159
0.0001,true,0.00011105799317792146,0.153666
0.0001,true,0.00011113650713562943,0.159194
0.0001,true,0.0001112150210933374,0.164735
0.0001,true,0.00011129353505104537,0.170282
0.0001,true,0.00011137204900875334,0.175825
0.0001,true,0.00011145056296646132,0.181358
0.0001,true,0.00011148981994531529,0.184118
0.0001,true,0.00011152907692416927,0.186873
0.0001,true,0.00011160759088187724,0.192361
0.0001,true,0.0001116861048395852,0.197815
0.0001,true,0.00011176461879729317,0.203228
0.0001,true,0.00011184313275500114,0.208592
0.0001,true,0.00011192164671270912,0.213899
0.0001,true,0.00011200016067041709,0.219142
0.0001,true,0.00011207867462812506,0.224315
0.0001,true,0.00011215718858583303,0.229409
0.0001,true,0.000112235702543541,0.234418
0.0001,true,0.00011227495952239497,0.236888
0.0001,true,0.00011231421650124896,0.239334
0.0001,true,0.00011239273045895693,0.244152
0.0001,true,0.0001124712444166649,0.248865
0.0001,true,0.00011254975837437286,0.253466
0.0001,true,0.00011262827233208083,0.257949
0.0001,true,0.0001127067862897888,0.262307
0.0001,true,0.00011278530024749677,0.266536
0.0001,true,0.00011286381420520474,0.270628
0.0001,true,0.00011294232816291271,0.274579
0.0001,true,0.00011302084212062069,0.278383
0.0001,true,0.00011306009909947466,0.280228
0.0001,true,0.00011309935607832864,0.282035
0.0001,true,0.00011317787003603661,0.28553
0.0001,true,0.00011325638399374459,0.288863
0.0001,true,0.00011333489795145254,0.29203
0.0001,true,0.00011341341190916051,0.295026
0.0001,true,0.00011349192586686849,0.297847
0.0001,true,0.00011357043982457646,0.30049
0.0001,true,0.00011364895378228443,0.302952
0.0001,true,0.0001137274677399924,0.305228
0.0001,true,0.00011380598169770037,0.307316
0.0001,true,0.00011384523867655434,0.308289
0.0001,true,0.00011388449565540833,0.309214
0.0001,true,0.0001139630096131163,0.310918
0.0001,true,0.00011404152357082427,0.312427
0.0001,true,0.00011412003752853223,0.313739
0.0001,true,0.0001141985514862402,0.314853
0.0001,true,0.00011427706544394817,0.315767
0.0001,true,0.00011435557940165614,0.316481
0.0001,true,0.00011443409335936411,0.316993
0.0001,true,0.00011451260731707208,0.317304
0.0001,true,0.00011459112127478006,0.317415
0.0001,true,0.00011463037825363403,0.317394
0.0001,true,0.00011466963523248801,0.317324
0.0001,true,0.00011474814919019598,0.317033
0.0001,true,0.00011482666314790396,0.316543
0.0001,true,0.00011490517710561191,0.315856
0.0001,true,0.00011498369106331988,0.314973
0.0001,true,0.00011506220502102786,0.313896
0.0001,true,0.00011514071897873583,0.312627
0.0001,true,0.0001152192329364438,0.311168
0.0001,true,0.00011529774689415177,0.309524
0.0001,true,0.00011537626085185974,0.307697
0.0001,true,0.00011541551783071371,0.306715
0.0001,true,0.0001154547748095677,0.30569
0.0001,true,0.00011553328876727567,0.303507
0.0001,true,0.00011561180272498364,0.301152
0.0001,true,0.0001156903166826916,0.298629
0.0001,true,0.00011576883064039957,0.295944
0.0001,true,0.00011584734459810754,0.2931
0.0001,true,0.00011592585855581551,0.290102
0.0001,true,0.00011600437251352348,0.286956
0.0001,true,0.00011608288647123145,0.283666
0.0001,true,0.00011616140042893942,0.280239
0.0001,true,0.0001162006574077934,0.278476
0.0001,true,0.00011623991438664738,0.276681
0.0001,true,0.00011631842834435535,0.272996
0.0001,true,0.00011639694230206332,0.269191
0.0001,true,0.00011647545625977128,0.265272
0.0001,true,0.00011655397021747925,0.261246
0.0001,true,0.00011663248417518722,0.257118
0.0001,true,0.0001167109981328952,0.252895
0.0001,true,0.00011678951209060317,0.248583
0.0001,true,0.00011686802604831114,0.24419
0.0001,true,0.00011694654000601911,0.239721
0.0001,true,0.00011698579698487308,0.23746
0.0001,true,0.00011702505396372708,0.235183
0.0001,true,0.00011710356792143504,0.230583
0.0001,true,0.00011718208187914301,0.225928
0.0001,true,0.00011726059583685097,0.221223
0.0001,true,0.00011733910979455894,0.216477
0.0001,true,0.00011741762375226691,0.211694
0.0001,true,0.00011749613770997488,0.206882
0.0001,true,0.00011757465166768285,0.202047
0.0001,true,0.00011765316562539082,0.197196
0.0001,true,0.0001177316795830988,0.192334
0.0001,true,0.00011777093656195278,0.189902
0.0001,true,0.00011777093656195278,0.189902
0.0001,true,0.00011781019354080677,0.187469
0.0001,true,0.00011788870749851472,0.182605
0.0001,true,0.0001179672214562227,0.177749
0.0001,true,0.00011804573541393065,0.172908
0.0001,true,0.00011812424937163862,0.168085
0.0001,true,0.0001182027633293466,0.163288
0.0001,true,0.00011828127728705457,0.158522
0.0001,true,0.00011835979124476254,0.153791
0.0001,true,0.00011843830520247051,0.149102
0.0001,true,0.00011851681916017848,0.144458
0.0001,true,0.00011855607613903246,0.142155
0.0001,true,0.00011859533311788645,0.139866
0.0001,true,0.00011867384707559441,0.135329
0.0001,true,0.00011875236103330238,0.130852
0.0001,true,0.00011883087499101034,0.126439
0.0001,true,0.00011890938894871831,0.122095
0.0001,true,0.00011898790290642628,0.117824
0.0001,true,0.00011906641686413425,0.113628
0.0001,true,0.00011914493082184222,0.109512
0.0001,true,0.00011922344477955019,0.10548
0.0001,true,0.00011930195873725816,0.101534
0.0001,true,0.00011934121571611215,0.0995946
0.0001,true,0.00011938047269496614,0.0976778
0.0001,true,0.00011945898665267409,0.0939139
0.0001,true,0.00011953750061038206,0.0902451
0.0001,true,0.00011961601456809002,0.086674
0.0001,true,0.00011969452852579799,0.0832028
0.0001,true,0.00011977304248350596,0.0798337
0.0001,true,0.00011985155644121394,0.0765687
0.0001,true,0.0001199300703989219,0.0734097
0.0001,true,0.00012000858435662988,0.0703582
0.0001,true,0.00012008709831433785,0.0674157
0.0001,true,0.00012012635529319183,0.0659857
0.0001,true,0.00012016561227204582,0.0645835
0.0001,true,0.00012024412622975378,0.0618627
0.0001,true,0.00012032264018746175,0.0592544
0.0001,true,0.0001204011541451697,0.0567592
0.0001,true,0.00012047966810287768,0.0543779
0.0001,true,0.00012055818206058565,0.052111
0.0001,true,0.00012063669601829362,0.0499588
0.0001,true,0.00012071520997600159,0.0479214
0.0001,true,0.00012079372393370956,0.045999
0.0001,true,0.00012087223789141753,0.0441914
0.0001,true,0.00012091149487027152,0.0433305
0.0001,true,0.0001209507518491255,0.0424983
0.0001,true,0.00012102926580683346,0.0409195
0.0001,true,0.00012110777976454143,0.0394543
0.0001,true,0.0001211862937222494,0.0381022
0.0001,true,0.00012126480767995736,0.0368623
0.0001,true,0.00012134332163766533,0.0357338
0.0001,true,0.0001214218355953733,0.0347155
0.0001,true,0.00012150034955308128,0.0338064
0.0001,true,0.00012157886351078925,0.0330052
0.0001,true,0.00012165737746849722,0.0323105
0.0001,true,0.0001216966344473512,0.0320026
0.0001,true,0.00012173589142620518,0.0317207
0.0001,true,0.00012181440538391315,0.0312344
0.0001,true,0.00012189291934162112,0.0308496
0.0001,true,0.00012197143329932909,0.0305647
0.0001,true,0.00012204994725703706,0.0303776
0.0001,true,0.00012212846121474502,0.0302864
0.0001,true,0.000122206975172453,0.0302889
0.0001,true,0.00012228548913016096,0.0303829
0.0001,true,0.00012236400308786893,0.030566
0.0001,true,0.0001224425170455769,0.0308359
0.0001,true,0.0001224817740244309,0.0310027
0.0001,true,0.00012252103100328485,0.0311902
0.0001,true,0.00012259954496099282,0.0316261
0.0001,true,0.0001226780589187008,0.032141
0.0001,true,0.00012275657287640876,0.0327323
0.0001,true,0.00012283508683411673,0.0333971
0.0001,true,0.0001229136007918247,0.0341326
0.0001,true,0.00012299211474953267,0.0349357
0.0001,true,0.00012307062870724065,0.0358035
0.0001,true,0.00012314914266494862,0.036733
0.0001,true,0.0001232276566226566,0.0377209
0.0001,true,0.00012326691360151057,0.0382358
0.0001,true,0.00012330617058036456,0.0387642
0.0001,true,0.00012338468453807253,0.0398595
0.0001,true,0.0001234631984957805,0.0410037
0.0001,true,0.00012354171245348847,0.0421933
0.0001,true,0.00012362022641119644,0.0434251
0.0001,true,0.0001236987403689044,0.0446957
0.0001,true,0.00012377725432661236,0.0460015
0.0001,true,0.00012385576828432033,0.0473393
0.0001,true,0.0001239342822420283,0.0487055
0.0001,true,0.00012401279619973627,0.0500966
0.0001,true,0.00012405205317859026,0.0508004
0.0001,true,0.00012409131015744422,0.0515091
0.0001,true,0.0001241698241151522,0.0529396
0.0001,true,0.00012424833807286016,0.0543846
0.0001,true,0.00012432685203056813,0.0558405
0.0001,true,0.0001244053659882761,0.0573039
0.0001,true,0.00012448387994598407,0.0587713
0.0001,true,0.00012456239390369204,0.0602392
0.0001,true,0.00012464090786140002,0.0617043
0.0001,true,0.000124719421819108,0.063163
0.0001,true,0.00012479793577681596,0.0646122
0.0001,true,0.00012483719275566994,0.0653321
0.0001,true,0.00012487644973452393,0.0660484
0.0001,true,0.0001249549636922319,0.0674684
0.0001,true,0.00012503347764993987,0.068869
0.0001,true,0.00012511199160764784,0.070247
0.0001,true,0.00012519050556535581,0.0715993
0.0001,true,0.00012526901952306376,0.0729229
0.0001,true,0.00012534753348077173,0.074215
0.0001,true,0.0001254260474384797,0.0754725
0.0001,true,0.00012550456139618767,0.0766928
0.0001,true,0.00012558307535389564,0.0778731
0.0001,true,0.00012562233233274963,0.0784475
0.0001,true,0.00012562233233274963,0.0784475
0.0001,true,0.0001256615893116036,0.079011
0.0001,true,0.00012574010326931156,0.0801038
0.0001,true,0.00012581861722701953,0.0811493
0.0001,true,0.0001258971311847275,0.0821451
0.0001,true,0.00012597564514243547,0.0830892
0.0001,true,0.00012605415910014344,0.0839794
0.0001,true,0.00012613267305785141,0.084814
0.0001,true,0.00012621118701555939,0.0855911
0.0001,true,0.00012628970097326736,0.086309
0.0001,true,0.00012636821493097533,0.0869663
0.0001,true,0.0001264074719098293,0.0872718
0.0001,true,0.0001264467288886833,0.0875616
0.0001,true,0.00012652524284639127,0.0880937
0.0001,true,0.00012660375680409924,0.0885614
0.0001,true,0.0001266822707618072,0.0889638
0.0001,true,0.00012676078471951518,0.0893001
0.0001,true,0.00012683929867722313,0.0895696
0.0001,true,0.0001269178126349311,0.0897718
0.0001,true,0.00012699632659263907,0.0899063
0.0001,true,0.00012707484055034704,0.0899728
0.0001,true,0.000127153354508055,0.0899714
0.0001,true,0.000127192611486909,0.0899451
0.0001,true,0.00012723186846576296,0.0899019
0.0001,true,0.00012731038242347093,0.0897647
0.0001,true,0.0001273888963811789,0.0895599
0.0001,true,0.00012746741033888687,0.0892881
0.0001,true,0.00012754592429659484,0.0889499
0.0001,true,0.0001276244382543028,0.0885459
0.0001,true,0.00012770295221201078,0.0880771
0.0001,true,0.00012778146616971875,0.0875443
0.0001,true,0.00012785998012742673,0.0869487
0.0001,true,0.0001279384940851347,0.0862915
0.0001,true,0.00012797775106398868,0.0859401
0.0001,true,0.00012801700804284267,0.0855739
0.0001,true,0.00012809552200055064,0.0847974
0.0001,true,0.0001281740359582586,0.0839635
0.0001,true,0.00012825254991596658,0.0830739
0.0001,true,0.00012833106387367455,0.0821301
0.0001,true,0.00012840957783138252,0.0811341
0.0001,true,0.00012848809178909047,0.0800876
0.0001,true,0.00012856660574679844,0.0789926
0.0001,true,0.0001286451197045064,0.0778512
0.0001,true,0.00012872363366221438,0.0766653
0.0001,true,0.00012876289064106837,0.0760564
0.0001,true,0.00012880214761992235,0.0754371
0.0001,true,0.0001288806615776303,0.0741689
0.0001,true,0.00012895917553533827,0.0728627
0.0001,true,0.00012903768949304624,0.0715209
0.0001,true,0.0001291162034507542,0.0701458
0.0001,true,0.00012919471740846218,0.0687397
0.0001,true,0.00012927323136617015,0.067305
0.0001,true,0.00012935174532387812,0.065844
0.0001,true,0.0001294302592815861,0.0643591
0.0001,true,0.00012950877323929407,0.0628527
0.0001,true,0.00012954803021814805,0.0620922
0.0001,true,0.00012958728719700204,0.0613272
0.0001,true,0.00012966580115471,0.059785
0.0001,true,0.00012974431511241798,0.0582284
0.0001,true,0.00012982282907012595,0.0566599
0.0001,true,0.00012990134302783392,0.0550818
0.0001,true,0.0001299798569855419,0.0534964
0.0001,true,0.00013005837094324984,0.0519061
0.0001,true,0.0001301368849009578,0.0503131
0.0001,true,0.00013021539885866578,0.0487196
0.0001,true,0.00013029391281637375,0.0471281
0.0001,true,0.00013033316979522774,0.0463336
0.0001,true,0.00013037242677408172,0.0455405
0.0001,true,0.00013045094073178967,0.043959
0.0001,true,0.00013052945468949764,0.0423859
0.0001,true,0.0001306079686472056,0.040823
0.0001,true,0.00013068648260491358,0.0392724
0.0001,true,0.00013076499656262155,0.0377362
0.0001,true,0.00013084351052032952,0.0362162
0.0001,true,0.0001309220244780375,0.0347142
0.0001,true,0.00013100053843574547,0.033232
0.0001,true,0.00013107905239345344,0.0317715
0.0001,true,0.00013111830937230742,0.0310499
0.0001,true,0.0001311575663511614,0.0303343
0.0001,true,0.00013123608030886938,0.0289219
0.0001,true,0.00013131459426657735,0.0275361
0.0001,true,0.00013139310822428532,0.0261783
0.0001,true,0.0001314716221819933,0.0248499
0.0001,true,0.00013155013613970126,0.0235523
0.0001,true,0.0001316286500974092,0.0222869
0.0001,true,0.00013170716405511718,0.0210549
0.0001,true,0.00013178567801282515,0.0198575
0.0001,true,0.00013186419197053312,0.0186958
0.0001,true,0.0001319034489493871,0.0181287
0.0001,true,0.0001319427059282411,0.0175709
0.0001,true,0.00013202121988594904,0.0164837
0.0001,true,0.000132099733843657,0.0154354
0.0001,true,0.00013217824780136498,0.0144266
0.0001,true,0.00013225676175907295,0.0134582
0.0001,true,0.00013233527571678092,0.0125309
0.0001,true,0.0001324137896744889,0.0116455
0.0001,true,0.00013249230363219686,0.0108026
0.0001,true,0.00013257081758990484,0.0100026
0.0001,true,0.0001326493315476128,0.00924618
0.0001,true,0.0001326885885264668,0.0088844
0.0001,true,0.00013272784550532078,0.00853365
0.0001,true,0.00013280635946302875,0.00786541
0.0001,true,0.00013288487342073672,0.00724176
0.0001,true,0.0001329633873784447,0.00666296
0.0001,true,0.00013304190133615266,0.00612918
0.0001,true,0.00013312041529386063,0.00564055
0.0001,true,0.00013319892925156858,0.00519713
0.0001,true,0.00013327744320927655,0.00479894
0.0001,true,0.00013335595716698452,0.00444591
0.0001,true,0.0001334344711246925,0.00413794
0.0001,true,0.00013347372810354648,0.00400081
0.0001,true,0.00013347372810354648,0.00400081
0.0001,true,0.00013351298508240046,0.00387487
0.0001,true,0.0001335914990401084,0.00365647
0.0001,true,0.00013367001299781638,0.00348246
0.0001,true,0.00013374852695552435,0.00335251
0.0001,true,0.00013382704091323232,0.00326624
0.0001,true,0.0001339055548709403,0.00322319
0.0001,true,0.00013398406882864826,0.00322289
0.0001,true,0.00013406258278635623,0.00326478
0.0001,true,0.0001341410967440642,0.00334827
0.0001,true,0.00013421961070177218,0.00347272
0.0001,true,0.00013425886768062616,0.00355008
0.0001,true,0.00013429812465948015,0.00363742
0.0001,true,0.00013437663861718812,0.00384165
0.0001,true,0.0001344551525748961,0.0040846
0.0001,true,0.00013453366653260406,0.00436545
0.0001,true,0.00013461218049031203,0.00468331
0.0001,true,0.00013469069444802,0.00503726
0.0001,true,0.00013476920840572795,0.00542633
0.0001,true,0.00013484772236343592,0.00584952
0.0001,true,0.0001349262363211439,0.00630577
0.0001,true,0.00013500475027885186,0.00679401
0.0001,true,0.00013504400725770585,0.00704977
0.0001,true,0.00013508326423655983,0.00731311
0.0001,true,0.00013516177819426778,0.00786191
0.0001,true,0.00013524029215197575,0.00843921
0.0001,true,0.00013531880610968372,0.0090438
0.0001,true,0.0001353973200673917,0.00967441
0.0001,true,0.00013547583402509966,0.0103298
0.0001,true,0.00013555434798280763,0.0110086
0.0001,true,0.0001356328619405156,0.0117094
0.0001,true,0.00013571137589822357,0.0124311
0.0001,true,0.00013578988985593155,0.013172
0.0001,true,0.00013582914683478553,0.0135493
0.0001,true,0.00013586840381363952,0.0139309
0.0001,true,0.0001359469177713475,0.0147064
0.0001,true,0.00013602543172905546,0.015497
0.0001,true,0.00013610394568676343,0.0163012
0.0001,true,0.0001361824596444714,0.0171176
0.0001,true,0.00013626097360217937,0.0179447
0.0001,true,0.00013633948755988732,0.0187812
0.0001,true,0.0001364180015175953,0.0196254
0.0001,true,0.00013649651547530326,0.0204759
0.0001,true,0.00013657502943301123,0.0213313
0.0001,true,0.00013661428641186522,0.0217604
0.0001,true,0.0001366535433907192,0.0221901
0.0001,true,0.00013673205734842717,0.0230509
0.0001,true,0.00013681057130613512,0.0239121
0.0001,true,0.0001368890852638431,0.0247723
0.0001,true,0.00013696759922155106,0.0256302
0.0001,true,0.00013704611317925903,0.0264842
0.0001,true,0.000137124627136967,0.0273331
0.0001,true,0.00013720314109467497,0.0281755
0.0001,true,0.00013728165505238294,0.02901
0.0001,true,0.00013736016901009092,0.0298353
0.0001,true,0.0001373994259889449,0.0302441
0.0001,true,0.0001374386829677989,0.0306501
0.0001,true,0.00013751719692550686,0.0314531
0.0001,true,0.00013759571088321483,0.0322432
0.0001,true,0.0001376742248409228,0.0330192
0.0001,true,0.00013775273879863077,0.0337798
0.0001,true,0.00013783125275633874,0.0345241
0.0001,true,0.00013790976671404671,0.0352509
0.0001,true,0.00013798828067175466,0.0359591
0.0001,true,0.00013806679462946263,0.0366479
0.0001,true,0.0001381453085871706,0.0373163
0.0001,true,0.00013818456556602459,0.0376426
0.0001,true,0.00013822382254487857,0.0379634
0.0001,true,0.00013830233650258654,0.0385883
0.0001,true,0.0001383808504602945,0.0391903
0.0001,true,0.00013845936441800246,0.0397686
0.0001,true,0.00013853787837571043,0.0403226
0.0001,true,0.0001386163923334184,0.0408515
0.0001,true,0.00013869490629112637,0.0413549
0.0001,true,0.00013877342024883434,0.0418322
0.0001,true,0.00013885193420654231,0.0422828
0.0001,true,0.00013893044816425029,0.0427064
0.0001,true,0.00013896970514310427,0.042908
0.0001,true,0.00013975484472018396,0.0454609
0.0001,true,0.00014053998429726364,0.0452303
0.0001,true,0.00014132512387434333,0.0425751
0.0001,true,0.00014132512387434333,0.0425751
0.0001,true,0.000142110263451423,0.0381287
0.0001,true,0.0001428954030285027,0.0326281
0.0001,true,0.00014368054260558238,0.0267729
0.0001,true,0.00014446568218266206,0.0211357
0.0001,true,0.00014525082175974175,0.0161202
0.0003,fit,0.00025500245837792887,0.000275297
0.0003,fit,0.00025508055725287164,0.000297302
0.0003,fit,0.0002551586800469339,0.000323136
0.0003,fit,0.000255236826767441,0.000352975
0.0003,fit,0.0002553149974217214,0.000386992
0.0003,fit,0.0002553931920171049,0.000425354
0.0003,fit,0.00025547141056092386,0.000468225
0.0003,fit,0.000255549653060513,0.000515764
0.0003,fit,0.00025562791952320906,0.000568124
0.0003,fit,0.00025570620995635126,0.000625453
0.0003,fit,0.0002557845243672809,0.00068789
0.0003,fit,0.00025586286276334155,0.000755571
0.0003,fit,0.00025594122515187895,0.00082862
0.0003,fit,0.0002560196115402416,0.000907155
0.0003,fit,0.0002560980219357796,0.000991285
0.0003,fit,0.0002561764563458456,0.00108111
0.0003,fit,0.0002562549147777945,0.00117672
0.0003,fit,0.0002563333972389833,0.00127819
0.0003,fit,0.0002564119037367715,0.0013856
0.0003,fit,0.00025649043427852065,0.001499
0.0003,fit,0.00025656898887159435,0.00161844
0.0003,fit,0.0002566475675233593,0.00174394
0.0003,fit,0.0002567261702411836,0.00187555
0.0003,fit,0.00025680479703243784,0.00201326
0.0003,fit,0.00025688344790449503,0.00215706
0.0003,fit,0.00025696212286473023,0.00230696
0.0003,fit,0.0002570408219205209,0.0024629
0.0003,fit,0.00025711954507924676,0.00262486
0.0003,fit,0.00025719829234828966,0.00279277
0.0003,fit,0.00025727706373503356,0.00296655
0.0003,fit,0.0002573558592468655,0.00314613
0.0003,fit,0.0002574346788911739,0.0033314
0.0003,fit,0.0002575135226753498,0.00352225
0.0003,fit,0.0002575923906067863,0.00371854
0.0003,fit,0.00025767128269287904,0.00392013
0.0003,fit,0.00025775019894102577,0.00412686
0.0003,fit,0.00025782913935862653,0.00433856
0.0003,fit,0.00025790810395308366,0.00455503
0.0003,fit,0.0002579870927318014,0.00477607
0.0003,fit,0.0002580661057021872,0.00500146
0.0003,fit,0.00025814514287164983,0.00523098
0.0003,fit,0.0002582242042476007,0.00546437
0.0003,fit,0.00025830328983745355,0.00570137
0.0003,fit,0.0002583823996486242,0.00594172
0.0003,fit,0.00025846153368853085,0.00618512
0.0003,fit,0.000258540691964594,0.00643128
0.0003,fit,0.00025861987448423635,0.00667988
0.0003,fit,0.0002586990812548827,0.0069306
0.0003,fit,0.0002587783122839609,0.0071831
0.0003,fit,0.0002588575675789001,0.00743705
0.0003,fit,0.00025893684714713226,0.00769208
0.0003,fit,0.00025901615099609143,0.00794782
0.0003,fit,0.00025909547913321405,0.00820391
0.0003,fit,0.0002591748315659387,0.00845995
0.0003,fit,0.00025925420830170644,0.00871556
0.0003,fit,0.00025933360934796016,0.00897034
0.0003,fit,0.0002594130347121459,0.00922388
0.0003,fit,0.00025949248440171124,0.00947576
0.0003,fit,0.00025957195842410614,0.00972558
0.0003,fit,0.000259651456786783,0.00997291
0.0003,fit,0.0002597309794971964,0.0102173
0.0003,fit,0.00025981052656280336,0.0104584
0.0003,fit,0.000259890097991063,0.0106957
0.0003,fit,0.0002599696937894368,0.0109289
0.0003,fit,0.0002600493139653883,0.0111573
0.0003,fit,0.000260128958526384,0.0113808
0.0003,fit,0.00026020862747989205,0.0115987
0.0003,fit,0.00026028832083338304,0.0118108
0.0003,fit,0.0002603680385943299,0.0120165
0.0003,fit,0.00026044778077020784,0.0122155
0.0003,fit,0.00026052754736849437,0.0124074
0.0003,fit,0.0002606073383966692,0.0125917
0.0003,fit,0.0002606871538622144,0.012768
0.0003,fit,0.00026076699377261417,0.012936
0.0003,fit,0.0002608468581353556,0.0130953
0.0003,fit,0.00026092674695792745,0.0132455
0.0003,fit,0.00026100666024782087,0.0133863
0.0003,fit,0.00026108659801252947,0.0135173
0.0003,fit,0.00026116656025954905,0.0136382
0.0003,fit,0.0002612465469963778,0.0137487
0.0003,fit,0.000261326558230516,0.0138484
0.0003,fit,0.00026140659396946654,0.0139371
0.0003,fit,0.0002614866542207341,0.0140146
0.0003,fit,0.00026156673899182647,0.0140805
0.0003,fit,0.00026164684829025307,0.0141346
0.0003,fit,0.0002617269821235258,0.0141768
0.0003,fit,0.0002618071404991589,0.0142067
0.0003,fit,0.00026188732342466886,0.0142244
0.0003,fit,0.00026196753090757446,0.0142295
0.0003,fit,0.00026204776295539695,0.0142219
0.0003,fit,0.00026212801957565965,0.0142017
0.0003,fit,0.000262208300775888,0.0141686
0.0003,fit,0.0002622886065636107,0.0141226
0.0003,fit,0.0002623689369463577,0.0140636
0.0003,fit,0.0002624492919316617,0.0139918
0.0003,fit,0.0002625296715270577,0.013907
0.0003,fit,0.0002626100757400829,0.0138093
0.0003,fit,0.00026269050457827683,0.0136988
0.0003,fit,0.0002627709580491815,0.0135756
0.0003,fit,0.0002628514361603407,0.0134397
0.0003,fit,0.0002629319389193015,0.0132914
0.0003,fit,0.00026301246633361254,0.0131308
0.0003,fit,0.00026309301841082484,0.0129581
0.0003,fit,0.00026317359515849183,0.0127735
0.0003,fit,0.00026325419658416934,0.0125773
0.0003,fit,0.00026333482269541537,0.0123697
0.0003,fit,0.00026341547349979035,0.0121512
0.0003,fit,0.0002634961490048569,0.0119219
0.0003,fit,0.00026357684921817984,0.0116823
0.0003,fit,0.00026365757414732694,0.0114328
0.0003,fit,0.0002637383237998677,0.0111738
0.0003,fit,0.000263819098183374,0.0109056
0.0003,fit,0.00026389989730542013,0.0106289
0.0003,fit,0.0002639807211735827,0.0103441
0.0003,fit,0.00026406156979544065,0.0100516
0.0003,fit,0.0002641424431785752,0.00975211
0.0003,fit,0.00026422334133056994,0.00944613
0.0003,fit,0.00026430426425901044,0.00913426
0.0003,fit,0.0002643852119714855,0.0088171
0.0003,fit,0.0002644661844755854,0.00849529
0.0003,fit,0.0002645471817789029,0.00816949
0.0003,fit,0.0002646282038890333,0.00784037
0.0003,fit,0.0002647092508135741,0.00750863
0.0003,fit,0.00026479032256012503,0.00717497
0.0003,fit,0.0002648714191362884,0.00684013
0.0003,fit,0.0002649525405496686,0.00650485
0.0003,fit,0.0002650336868078722,0.00616989
0.0003,fit,0.00026511485791850896,0.00583601
0.0003,fit,0.00026519605388919,0.00550401
0.0003,fit,0.0002652772747275292,0.00517467
0.0003,fit,0.0002653585204411427,0.00484881
0.0003,fit,0.000265439791037649,0.00452723
0.0003,fit,0.0002655210865246688,0.00421074
0.0003,fit,0.00026560240690982537,0.00390018
0.0003,fit,0.00026568375220074387,0.00359636
0.0003,fit,0.0002657651224050527,0.00330012
0.0003,fit,0.00026584651753038164,0.00301228
0.0003,fit,0.0002659279375843633,0.00273366
0.0003,fit,0.0002660093825746324,0.0024651
0.0003,fit,0.0002660908525088262,0.0022074
0.0003,fit,0.00026617234739458414,0.00196137
0.0003,fit,0.0002662538672395481,0.00172782
0.0003,fit,0.00026633541205136225,0.00150754
0.0003,fit,0.00026641698183767286,0.00130131
0.0003,fit,0.0002664985766061293,0.00110988
0.0003,fit,0.0002665801963643826,0.000934015
0.0003,fit,0.0002666618411200862,0.000774435
0.0003,fit,0.0002667435108808961,0.000631853
0.0003,fit,0.00026682520565447044,0.000506959
0.0003,fit,0.00026690692544846983,0.000400417
0.0003,fit,0.0002669886702705573,0.000312867
0.0003,fit,0.00026707044012839803,0.000244922
0.0003,fit,0.0002671522350296594,0.000197166
0.0003,fit,0.000267234054982012,0.000170152
0.0003,fit,0.0002673158999931278,0.000164401
0.0003,fit,0.0002673977700706815,0.0001804
0.0003,fit,0.00026747966522235007,0.000218599
0.0003,fit,0.000267561585455813,0.000279412
0.0003,fit,0.000267643530778752,0.000363213
0.0003,fit,0.00026772550119885105,0.000470336
0.0003,fit,0.00026780749672379665,0.000601072
0.0003,fit,0.00026788951736127735,0.000755672
0.0003,fit,0.00026797156311898486,0.000934337
0.0003,fit,0.0002680536340046123,0.00113723
0.0003,fit,0.0002681357300258556,0.00136445
0.0003,fit,0.0002682178511904129,0.00161608
0.0003,fit,0.00026829999750598493,0.00189211
0.0003,fit,0.00026838216898027444,0.00219252
0.0003,fit,0.0002684643656209868,0.00251722
0.0003,fit,0.0002685465874358294,0.00286608
0.0003,fit,0.0002686288344325128,0.00323889
0.0003,fit,0.0002687111066187491,0.00363542
0.0003,fit,0.00026879340400225296,0.00405537
0.0003,fit,0.0002688757265907415,0.0044984
0.0003,fit,0.0002689580743919342,0.00496409
0.0003,fit,0.00026904044741355294,0.00545201
0.0003,fit,0.0002691228456633218,0.00596163
0.0003,fit,0.00026920526914896744,0.00649241
0.0003,fit,0.0002692877178782184,0.00704372
0.0003,fit,0.00026937019185880657,0.0076149
0.0003,fit,0.00026945269109846534,0.00820524
0.0003,fit,0.0002695352156049307,0.00881397
0.0003,fit,0.00026961776538594114,0.00944028
0.0003,fit,0.00026970034044923727,0.0100833
0.0003,fit,0.0002697829408025623,0.0107421
0.0003,fit,0.00026986556645366175,0.0114158
0.0003,fit,0.0002699482174102835,0.0121033
0.0003,fit,0.0002700308936801775,0.0128037
0.0003,fit,0.0002701135952710969,0.0135157
0.0003,fit,0.0002701963221907965,0.0142384
0.0003,fit,0.00027027907444703356,0.0149704
0.0003,fit,0.00027036185204756797,0.0157108
0.0003,fit,0.00027044465500016175,0.0164581
0.0003,fit,0.0002705274833125794,0.0172112
0.0003,fit,0.0002706103369925879,0.0179688
0.0003,fit,0.0002706932160479564,0.0187295
0.0003,fit,0.0002707761204864563,0.019492
0.0003,fit,0.0002708590503158622,0.020255
0.0003,fit,0.0002709420055439502,0.0210171
0.0003,fit,0.0002710249861784991,0.0217769
0.0003,fit,0.00027110799222729,0.0225329
0.0003,fit,0.0002711910236981065,0.0232839
0.0003,fit,0.0002712740805987346,0.0240283
0.0003,fit,0.0002713571629369625,0.0247647
0.0003,fit,0.0002714402707205807,0.0254917
0.0003,fit,0.00027152340395738276,0.0262079
0.0003,fit,0.0002716065626551639,0.0269119
0.0003,fit,0.00027168974682172207,0.0276023
0.0003,fit,0.00027177295646485744,0.0282776
0.0003,fit,0.0002718561915923726,0.0289365
0.0003,fit,0.00027193945221207276,0.0295777
0.0003,fit,0.00027202273833176516,0.0301997
0.0003,fit,0.00027210604995925964,0.0308013
0.0003,fit,0.0002721893871023682,0.0313812
0.0003,fit,0.000272272749768906,0.031938
0.0003,fit,0.0002723561379666896,0.0324707
0.0003,fit,0.0002724395517035385,0.032978
0.0003,fit,0.0002725229909872745,0.0334587
0.0003,fit,0.0002726064558257217,0.0339117
0.0003,fit,0.00027268994622670664,0.034336
0.0003,fit,0.0002727734621980584,0.0347305
0.0003,fit,0.00027285700374760823,0.0350943
0.0003,fit,0.00027294057088318973,0.0354265
0.0003,fit,0.0002730241636126395,0.0357261
0.0003,fit,0.0002731077819437959,0.0359925
0.0003,fit,0.0002731914258844999,0.0362248
0.0003,fit,0.0002732750954425948,0.0364223
0.0003,fit,0.0002733587906259264,0.0365845
0.0003,fit,0.0002734425114423429,0.0367107
0.0003,fit,0.0002735262578996948,0.0368006
0.0003,fit,0.0002736100300058351,0.0368536
0.0003,fit,0.00027369382776861893,0.0368694
0.0003,fit,0.0002737776511959046,0.0368478
0.0003,fit,0.0002738615002955521,0.0367886
0.0003,fit,0.00027394537507542395,0.0366916
0.0003,fit,0.00027402927554338516,0.0365567
0.0003,fit,0.0002741132017073032,0.036384
0.0003,fit,0.00027419715357504787,0.0361737
0.0003,fit,0.00027428113115449137,0.0359258
0.0003,fit,0.0002743651344535081,0.0356407
0.0003,fit,0.0002744491634799757,0.0353187
0.0003,fit,0.00027453321824177343,0.0349603
0.0003,fit,0.000274617298746783,0.0345659
0.0003,fit,0.00027470140500288884,0.0341361
0.0003,fit,0.0002747855370179776,0.0336716
0.0003,fit,0.0002748696947999385,0.0331732
0.0003,fit,0.000274953878356663,0.0326417
0.0003,fit,0.00027503808769604505,0.0320779
0.0003,fit,0.00027512232282598083,0.031483
0.0003,fit,0.00027520658375436967,0.030858
0.0003,fit,0.00027529087048911246,0.0302039
0.0003,fit,0.0002753751830381129,0.0295221
0.0003,fit,0.000275459521409277,0.0288139
0.0003,fit,0.0002755438856105133,0.0280806
0.0003,fit,0.0002756282756497327,0.0273238
0.0003,fit,0.00027571269153484843,0.0265448
0.0003,fit,0.00027579713327377634,0.0257453
0.0003,fit,0.00027588160087443426,0.024927
0.0003,fit,0.0002759660943447434,0.0240917
0.0003,fit,0.0002760506136926264,0.023241
0.0003,fit,0.0002761351589260089,0.0223768
0.0003,fit,0.0002762197300528186,0.0215012
0.0003,fit,0.0002763043270809859,0.0206159
0.0003,fit,0.0002763889500184435,0.0197231
0.0003,fit,0.00027647359887312655,0.0188248
0.0003,fit,0.0002765582736529727,0.0179232
0.0003,fit,0.00027664297436592167,0.0170203
0.0003,fit,0.00027672770101991643,0.0161185
0.0003,fit,0.00027681245362290164,0.0152198
0.0003,fit,0.00027689723218282463,0.0143267
0.0003,fit,0.00027698203670763514,0.0134413
0.0003,fit,0.00027706686720528536,0.012566
0.0003,fit,0.0002771517236837299,0.0117032
0.0003,fit,0.0002772366061509259,0.0108551
0.0003,fit,0.0002773215146148325,0.0100241
0.0003,fit,0.0002774064490834122,0.00921268
0.0003,fit,0.0002774914095646291,0.00842308
0.0003,fit,0.00027757639606645006,0.00765768
0.0003,fit,0.0002776614085968443,0.00691884
0.0003,fit,0.0002777464471637836,0.00620889
0.0003,fit,0.00027783151177524195,0.00553014
0.0003,fit,0.00027791660243919604,0.00488487
0.0003,fit,0.00027800171916362486,0.00427534
0.0003,fit,0.00027808686195650957,0.00370376
0.0003,fit,0.0002781720308258347,0.0031723
0.0003,fit,0.0002782572257795863,0.00268309
0.0003,fit,0.00027834244682575315,0.0022382
0.0003,fit,0.0002784276939723265,0.00183965
0.0003,fit,0.0002785129672273001,0.00148937
0.0003,fit,0.0002785982665986701,0.00118925
0.0003,fit,0.00027868359209443495,0.000941095
0.0003,fit,0.0002787689437225959,0.000746614
0.0003,fit,0.000278854321491156,0.000607446
0.0003,fit,0.00027893972540812183,0.000525132
0.0003,fit,0.0002790251554815015,0.000501117
0.0003,fit,0.00027911061171930585,0.000536747
0.0003,fit,0.00027919609412954823,0.000633255
0.0003,fit,0.00027928160272024436,0.000791769
0.0003,fit,0.0002793671374994124,0.0010133
0.0003,fit,0.0002794526984750731,0.00129873
0.0003,fit,0.0002795382856552496,0.00164883
0.0003,fit,0.00027962389904796704,0.00206424
0.0003,fit,0.0002797095386612542,0.00254545
0.0003,fit,0.00027979520450314126,0.00309285
0.0003,fit,0.00027988089658166117,0.00370666
0.0003,fit,0.0002799666149048493,0.00438697
0.0003,fit,0.00028005235948074355,0.00513372
0.0003,fit,0.00028013813031738425,0.00594673
0.0003,fit,0.0002802239274228143,0.00682564
0.0003,fit,0.00028030975080507855,0.00776996
0.0003,fit,0.0002803956004722254,0.00877903
0.0003,fit,0.0002804814764323047,0.00985207
0.0003,fit,0.00028056737869336916,0.0109881
0.0003,fit,0.00028065330726347384,0.0121861
0.0003,fit,0.0002807392621506764,0.0134447
0.0003,fit,0.0002808252433630369,0.0147626
0.0003,fit,0.00028091125090861784,0.0161382
0.0003,fit,0.0002809972847954842,0.0175697
0.0003,fit,0.0002810833450317032,0.0190554
0.0003,fit,0.0002811694316253454,0.0205933
0.0003,fit,0.0002812555445844828,0.0221812
0.0003,fit,0.0002813416839171904,0.0238168
0.0003,fit,0.0002814278496315455,0.0254978
0.0003,fit,0.00028151404173562794,0.0272215
0.0003,fit,0.0002816002602375201,0.0289853
0.0003,fit,0.0002816865051453066,0.0307865
0.0003,fit,0.00028177277646707484,0.032622
0.0003,fit,0.00028185907421091424,0.0344889
0.0003,fit,0.00028194539838491753,0.036384
0.0003,fit,0.0002820317489971792,0.0383041
0.0003,fit,0.0002821181260557963,0.0402458
0.0003,fit,0.0002822045295688686,0.0422057
0.0003,fit,0.0002822909595444982,0.0441802
0.0003,fit,0.0002823774159907897,0.0461659
0.0003,fit,0.00028246389891585017,0.0481589
0.0003,fit,0.0002825504083277892,0.0501556
0.0003,fit,0.0002826369442347186,0.0521521
0.0003,fit,0.0002827235066447534,0.0541447
0.0003,fit,0.00028281009556601044,0.0561293
0.0003,fit,0.00028289671100660915,0.0581022
0.0003,fit,0.0002829833529746716,0.0600594
0.0003,fit,0.00028307002147832233,0.0619969
0.0003,fit,0.0002831567165256882,0.0639107
0.0003,fit,0.00028324343812489875,0.0657969
0.0003,fit,0.00028333018628408585,0.0676514
0.0003,fit,0.0002834169610113838,0.0694704
0.0003,fit,0.00028350376231493,0.0712499
0.0003,fit,0.00028359059020286365,0.072986
0.0003,fit,0.00028367744468332665,0.0746748
0.0003,fit,0.00028376432576446346,0.0763127
0.0003,fit,0.00028385123345442095,0.0778957
0.0003,fit,0.0002839381677613485,0.0794203
0.0003,fit,0.0002840251286933981,0.0808829
0.0003,fit,0.0002841121162587238,0.0822799
0.0003,fit,0.00028419913046548304,0.0836079
0.0003,fit,0.00028428617132183505,0.0848636
0.0003,fit,0.00028437323883594157,0.0860439
0.0003,fit,0.0002844603330159671,0.0871456
0.0003,fit,0.0002845474538700786,0.0881657
0.0003,fit,0.0002846346014064453,0.0891015
0.0003,fit,0.00028472177563323915,0.0899503
0.0003,fit,0.0002848089765586346,0.0907095
0.0003,fit,0.00028489620419080823,0.0913768
0.0003,fit,0.00028498345853794003,0.0919501
0.0003,fit,0.00028507073960821165,0.0924271
0.0003,fit,0.00028515804740980745,0.0928062
0.0003,fit,0.00028524538195091447,0.0930857
0.0003,fit,0.000285332743239722,0.0932641
0.0003,fit,0.0002854201312844221,0.0933402
0.0003,fit,0.0002855075460932092,0.0933128
0.0003,fit,0.00028559498767428016,0.0931813
0.0003,fit,0.00028568245603583425,0.0929449
0.0003,fit,0.00028576995118607403,0.0926032
0.0003,fit,0.0002858574731332037,0.0921562
0.0003,fit,0.0002859450218854303,0.0916038
0.0003,fit,0.00028603259745096324,0.0909465
0.0003,fit,0.00028612019983801463,0.0901847
0.0003,fit,0.00028620782905479906,0.0893193
0.0003,fit,0.00028629548510953354,0.0883513
0.0003,fit,0.0002863831680104376,0.087282
0.0003,fit,0.0002864708777657332,0.0861131
0.0003,fit,0.0002865586143836454,0.0848463
0.0003,fit,0.00028664637787240106,0.0834838
0.0003,fit,0.00028673416824022993,0.0820279
0.0003,fit,0.0002868219854953641,0.0804812
0.0003,fit,0.00028690982964603835,0.0788467
0.0003,fit,0.0002869977007004898,0.0771275
0.0003,fit,0.00028708559866695826,0.0753271
0.0003,fit,0.00028717352355368564,0.0734491
0.0003,fit,0.00028726147536891743,0.0714976
0.0003,fit,0.00028734945412090055,0.0694767
0.0003,fit,0.00028743745981788486,0.0673911
0.0003,fit,0.00028752549246812277,0.0652453
0.0003,fit,0.00028761355207986916,0.0630446
0.0003,fit,0.0002877016386613814,0.0607942
0.0003,fit,0.00028778975222091955,0.0584995
0.0003,fit,0.00028787789276674597,0.0561665
0.0003,fit,0.0002879660603071255,0.0538012
0.0003,fit,0.00028805425485032616,0.0514097
0.0003,fit,0.0002881424764046178,0.0489987
0.0003,fit,0.00028823072497827305,0.0465749
0.0003,fit,0.00028831900057956704,0.0441453
0.0003,fit,0.0002884073032167774,0.0417169
0.0003,fit,0.0002884956328981843,0.0392972
0.0003,fit,0.00028858398963207065,0.0368938
0.0003,fit,0.00028867237342672164,0.0345144
0.0003,fit,0.00028876078429042475,0.0321669
0.0003,fit,0.000288849222231471,0.0298595
0.0003,fit,0.000288937687258153,0.0276003
0.0003,fit,0.0002890261793787662,0.0253979
0.0003,fit,0.0002891146986016085,0.0232606
0.0003,fit,0.0002892032449349805,0.0211971
0.0003,fit,0.00028929181838718523,0.0192161
0.0003,fit,0.0002893804189665283,0.0173266
0.0003,fit,0.00028946904668131787,0.0155373
0.0003,fit,0.00028955770153986436,0.0138572
0.0003,fit,0.00028964638355048153,0.0122953
0.0003,fit,0.00028973509272148495,0.0108607
0.0003,fit,0.00028982382906119294,0.00956228
0.0003,fit,0.00028991259257792637,0.00840914
0.0003,fit,0.0002900013832800086,0.00741025
0.0003,fit,0.0002900902011757658,0.00657455
0.0003,fit,0.00029017904627352624,0.00591094
0.0003,fit,0.0002902679185816212,0.0054282
0.0003,fit,0.00029035681810838396,0.00513504
0.0003,fit,0.00029044574486215125,0.00504005
0.0003,fit,0.0002905346988512616,0.00515167
0.0003,fit,0.0002906236800840562,0.0054782
0.0003,fit,0.00029071268856887893,0.00602776
0.0003,fit,0.00029080172431407626,0.00680827
0.0003,fit,0.00029089078732799704,0.00782744
0.0003,fit,0.0002909798776189929,0.00909277
0.0003,fit,0.0002910689951954175,0.0106115
0.0003,fit,0.0002911581400656281,0.0123906
0.0003,fit,0.00029124731223798364,0.0144367
0.0003,fit,0.0002913365117208458,0.0167563
0.0003,fit,0.00029142573852257897,0.0193554
0.0003,fit,0.00029151499265155,0.0222397
0.0003,fit,0.0002916042741161283,0.0254147
0.0003,fit,0.00029169358292468583,0.0288853
0.0003,fit,0.0002917829190855972,0.0326562
0.0003,fit,0.00029187228260723925,0.0367317
0.0003,fit,0.00029196167349799227,0.0411157
0.0003,fit,0.00029205109176623815,0.0458115
0.0003,fit,0.0002921405374203618,0.0508221
0.0003,fit,0.00029223001046875063,0.0561503
0.0003,fit,0.00029231951091979457,0.061798
0.0003,fit,0.0002924090387818861,0.067767
0.0003,fit,0.00029249859406342034,0.0740584
0.0003,fit,0.00029258817677279506,0.0806731
0.0003,fit,0.0002926777869184101,0.0876113
0.0003,fit,0.0002927674245086689,0.0948727
0.0003,fit,0.0002928570895519766,0.102457
0.0003,fit,0.00029294678205674113,0.110362
0.0003,fit,0.00029303650203137306,0.118588
0.0003,fit,0.00029312624948428544,0.127131
0.0003,fit,0.00029321602442389407,0.135988
0.0003,fit,0.0002933058268586171,0.145158
0.0003,fit,0.00029339565679687546,0.154636
0.0003,fit,0.0002934855142470923,0.164419
0.0003,fit,0.0002935753992176942,0.174501
0.0003,fit,0.0002936653117171094,0.184877
0.0003,fit,0.0002937552517537691,0.195543
0.0003,fit,0.0002938452193361071,0.206492
0.0003,fit,0.00029393521447255966,0.217718
0.0003,fit,0.0002940252371715658,0.229213
0.0003,fit,0.0002941152874415669,0.240971
0.0003,fit,0.0002942053652910069,0.252984
0.0003,fit,0.0002942954707283329,0.265243
0.0003,fit,0.00029438560376199405,0.277741
0.0003,fit,0.000294475764400442,0.290467
0.0003,fit,0.0002945659526521314,0.303413
0.0003,fit,0.00029465616852551913,0.316569
0.0003,fit,0.0002947464120290648,0.329925
0.0003,fit,0.0002948366831712308,0.34347
0.0003,fit,0.00029492698196048167,0.357193
0.0003,fit,0.0002950173084052847,0.371083
0.0003,fit,0.00029510766251411043,0.385128
0.0003,fit,0.0002951980442954311,0.399318
0.0003,fit,0.00029528845375772193,0.413638
0.0003,fit,0.00029537889090946063,0.428078
0.0003,fit,0.00029546935575912764,0.442624
0.0003,fit,0.00029555984831520593,0.457263
0.0003,fit,0.000295650368586181,0.471982
0.0003,fit,0.000295740916580541,0.486768
0.0003,fit,0.0002958314923067765,0.501606
0.0003,fit,0.00029592209577338136,0.516484
0.0003,fit,0.0002960127269888513,0.531386
0.0003,fit,0.0002961033859616849,0.546299
0.0003,fit,0.00029619407270038326,0.561209
0.0003,fit,0.00029628478721345015,0.5761
0.0003,fit,0.00029637552950939204,0.590958
0.0003,fit,0.0002964662995967178,0.605768
0.0003,fit,0.00029655709748393913,0.620516
0.0003,fit,0.0002966479231795698,0.635187
0.0003,fit,0.0002967387766921274,0.649765
0.0003,fit,0.00029682965803013085,0.664236
0.0003,fit,0.00029692056720210223,0.678585
0.0003,fit,0.0002970115042165662,0.692797
0.0003,fit,0.00029710246908204994,0.706857
0.0003,fit,0.00029719346180708336,0.720749
0.0003,fit,0.0002972844824001989,0.73446
0.0003,fit,0.0002973755308699314,0.747974
0.0003,fit,0.00029746660722481907,0.761278
0.0003,fit,0.00029755771147340195,0.774355
0.0003,fit,0.00029764884362422296,0.787192
0.0003,fit,0.00029774000368582764,0.799775
0.0003,fit,0.00029783119166676414,0.81209
0.0003,fit,0.0002979224075755832,0.824122
0.0003,fit,0.0002980136514208383,0.835858
0.0003,fit,0.00029810492321108537,0.847286
0.0003,fit,0.0002981962229548828,0.85839
0.0003,fit,0.0002982875506607924,0.86916
0.0003,fit,0.0002983789063373778,0.879581
0.0003,fit,0.0002984702899932054,0.889642
0.0003,fit,0.0002985617016368444,0.899331
0.0003,fit,0.0002986531412768666,0.908636
0.0003,fit,0.00029874460892184625,0.917545
0.0003,fit,0.0002988361045803604,0.926049
0.0003,fit,0.0002989276282609887,0.934136
0.0003,fit,0.00029901917997231307,0.941795
0.0003,fit,0.000299110759722919,0.949019
0.0003,fit,0.00029920236752139373,0.955796
0.0003,fit,0.00029929400337632735,0.962119
0.0003,fit,0.0002993856672963127,0.967978
0.0003,fit,0.0002994773592899451,0.973367
0.0003,fit,0.00029956907936582263,0.978278
0.0003,fit,0.00029966082753254595,0.982703
0.0003,fit,0.0002997526037987184,0.986637
0.0003,fit,0.00029984440817294554,0.990073
0.0003,fit,0.0002999362406638366,0.993007
0.0003,fit,0.00030002810128000254,0.995435
0.0003,fit,0.0003001199900300571,0.997351
0.0003,fit,0.0003002119069226168,0.998752
0.0003,fit,0.0003003038519663008,0.999636
0.0003,fit,0.00030039582516973084,1
0.0003,fit,0.00030048782654153134,0.999843
0.0003,fit,0.00030057985609032903,0.999164
0.0003,fit,0.0003006719138247542,0.997962
0.0003,fit,0.0003007639997534389,0.996237
0.0003,fit,0.00030085611388501807,0.993992
0.0003,fit,0.00030094825622812936,0.991227
0.0003,fit,0.000301040426791413,0.987944
0.0003,fit,0.00030113262558351193,0.984147
0.0003,fit,0.0003012248526130717,0.97984
0.0003,fit,0.0003013171078887406,0.975026
0.0003,fit,0.00030140939141916904,0.96971
0.0003,fit,0.0003015017032130112,0.963899
0.0003,fit,0.0003015940432789229,0.957598
0.0003,fit,0.000301686411625563,0.950815
0.0003,fit,0.00030177880826159296,0.943556
0.0003,fit,0.00030187123319567685,0.935831
0.0003,fit,0.0003019636864364814,0.927648
0.0003,fit,0.0003020561679926761,0.919017
0.0003,fit,0.000302148677872933,0.909947
0.0003,fit,0.0003022412160859265,0.900449
0.0003,fit,0.0003023337826403347,0.890535
0.0003,fit,0.0003024263775448372,0.880217
0.0003,fit,0.00030251900080811677,0.869506
0.0003,fit,0.00030261165243885874,0.858416
0.0003,fit,0.00030270433244575115,0.846959
0.0003,fit,0.00030279704083748476,0.83515
0.0003,fit,0.00030288977762275274,0.823003
0.0003,fit,0.00030298254281025126,0.810533
0.0003,fit,0.0003030753364086786,0.797754
0.0003,fit,0.00030316815842673677,0.784682
0.0003,fit,0.00030326100887312937,0.771334
0.0003,fit,0.0003033538877565631,0.757724
0.0003,fit,0.00030344679508574737,0.743869
0.0003,fit,0.0003035397308693941,0.729787
0.0003,fit,0.00030363269511621797,0.715493
0.0003,fit,0.0003037256878349363,0.701005
0.0003,fit,0.0003038187090342688,0.686341
0.0003,fit,0.0003039117587229388,0.671517
0.0003,fit,0.00030400483690967126,0.65655
0.0003,fit,0.0003040979436031943,0.641459
0.0003,fit,0.00030419107881223857,0.626261
0.0003,fit,0.0003042842425455374,0.610974
0.0003,fit,0.0003043774348118269,0.595614
0.0003,fit,0.0003044706556198457,0.580199
0.0003,fit,0.00030456390497833526,0.564747
0.0003,fit,0.0003046571828960393,0.549274
0.0003,fit,0.00030475048938170525,0.533798
0.0003,fit,0.0003048438244440822,0.518335
0.0003,fit,0.0003049371880919222,0.502902
0.0003,fit,0.00030503058033398017,0.487515
0.0003,fit,0.0003051240011790134,0.47219
0.0003,fit,0.0003052174506357822,0.456943
0.0003,fit,0.0003053109287130494,0.441789
0.0003,fit,0.00030540443541958033,0.426744
0.0003,fit,0.0003054979707641431,0.411821
0.0003,fit,0.0003055915347555091,0.397035
0.0003,fit,0.00030568512740245164,0.3824
0.0003,fit,0.00030577874871374696,0.367928
0.0003,fit,0.00030587239869817403,0.353634
0.0003,fit,0.0003059660773645145,0.339529
0.0003,fit,0.0003060597847215527,0.325625
0.0003,fit,0.00030615352077807554,0.311935
0.0003,fit,0.0003062472855428728,0.298467
0.0003,fit,0.0003063410790247367,0.285234
0.0003,fit,0.00030643490123246275,0.272245
0.0003,fit,0.00030652875217484853,0.25951
0.0003,fit,0.0003066226318606945,0.247036
0.0003,fit,0.00030671654029880386,0.234834
0.0003,fit,0.0003068104774979825,0.222909
0.0003,fit,0.0003069044434670389,0.21127
0.0003,fit,0.0003069984382147844,0.199923
0.0003,fit,0.00030709246175003265,0.188875
0.0003,fit,0.00030718651408160095,0.178131
0.0003,fit,0.0003072805952183083,0.167695
0.0003,fit,0.00030737470516897683,0.157574
0.0003,fit,0.00030746884394243127,0.14777
0.0003,fit,0.00030756301154749913,0.138286
0.0003,fit,0.0003076572079930106,0.129127
0.0003,fit,0.0003077514332877984,0.120295
0.0003,fit,0.0003078456874406984,0.11179
0.0003,fit,0.0003079399704605483,0.103615
0.0003,fit,0.00030803428235618986,0.0957713
0.0003,fit,0.0003081286231364665,0.0882582
0.0003,fit,0.0003082229928102245,0.0810761
0.0003,fit,0.0003083173913863132,0.0742243
0.0003,fit,0.00030841181887358426,0.0677018
0.0003,fit,0.0003085062752808922,0.0615072
0.0003,fit,0.00030860076061709445,0.0556385
0.0003,fit,0.00030869527489105084,0.0500933
0.0003,fit,0.00030878981811162376,0.0448687
0.0003,fit,0.0003088843902876793,0.0399617
0.0003,fit,0.00030897899142808515,0.0353684
0.0003,fit,0.00030907362154171224,0.0310849
0.0003,fit,0.0003091682806374341,0.0271066
0.0003,fit,0.00030926296872412694,0.0234289
0.0003,fit,0.0003093576858106698,0.0200464
0.0003,fit,0.0003094524319059444,0.0169536
0.0003,fit,0.000309547207018835,0.0141448
0.0003,fit,0.00030964201115822864,0.0116135
0.0003,fit,0.0003097368443330157,0.00935341
0.0003,fit,0.0003098317065520884,0.00735762
0.0003,fit,0.0003099265978243422,0.00561905
0.0003,fit,0.00031002151815867504,0.00413032
0.0003,fit,0.0003101164675639877,0.00288382
0.0003,fit,0.0003102114460491836,0.00187168
0.0003,fit,0.0003103064536231691,0.00108583
0.0003,fit,0.0003104014902948527,0.000517989
0.0003,fit,0.00031049655607314673,0.000159685
0.0003,fit,0.0003105916509669653,2.27995e-06
0.0003,fit,0.00031068677498522553,3.69846e-05
0.0003,fit,0.00031078192813684726,0.000254874
0.0003,fit,0.0003108771104307531,0.000646911
0.0003,fit,0.00031097232187586837,0.00120396
0.0003,fit,0.00031106756248112114,0.00191679
0.0003,fit,0.00031116283225544216,0.00277615
0.0003,fit,0.00031125813120776467,0.00377269
0.0003,fit,0.00031135345934702553,0.0048971
0.0003,fit,0.0003114488166821635,0.00614002
0.0003,fit,0.0003115442032221203,0.00749211
0.0003,fit,0.0003116396189758403,0.00894408
0.0003,fit,0.0003117350639522709,0.0104867
0.0003,fit,0.0003118305381603619,0.0121107
0.0003,fit,0.00031192604160906604,0.0138072
0.0003,fit,0.00031202157430733877,0.0155669
0.0003,fit,0.000312117136264138,0.0173812
0.0003,fit,0.00031221272748842516,0.0192413
0.0003,fit,0.00031230834798916376,0.0211386
0.0003,fit,0.0003124039977753201,0.0230648
0.0003,fit,0.0003124996768558634,0.0250115
0.0003,fit,0.0003125953852397656,0.0269708
0.0003,fit,0.00031269112293600125,0.0289349
0.0003,fit,0.0003127868899535478,0.0308963
0.0003,fit,0.00031288268630138546,0.0328476
0.0003,fit,0.00031297851198849674,0.0347818
0.0003,fit,0.000313074367023868,0.036692
0.0003,fit,0.0003131702514164873,0.0385718
0.0003,fit,0.00031326616517534576,0.0404149
0.0003,fit,0.00031336210830943735,0.0422154
0.0003,fit,0.0003134580808277587,0.0439675
0.0003,fit,0.00031355408273930923,0.0456661
0.0003,fit,0.0003136501140530912,0.0473061
0.0003,fit,0.00031374617477810914,0.0488828
0.0003,fit,0.00031384226492337143,0.0503919
0.0003,fit,0.00031393838449788816,0.0518293
0.0003,fit,0.00031403453351067263,0.0531913
0.0003,fit,0.0003141307119707407,0.0544746
0.0003,fit,0.00031422691988711117,0.0556761
0.0003,fit,0.00031432315726880554,0.0567932
0.0003,fit,0.0003144194241248481,0.0578234
0.0003,fit,0.0003145157204642658,0.0587648
0.0003,fit,0.00031461204629608814,0.0596156
0.0003,fit,0.00031470840162934835,0.0603744
0.0003,fit,0.0003148047864730814,0.0610403
0.0003,fit,0.00031490120083632535,0.0616124
0.0003,fit,0.00031499764472812106,0.0620903
0.0003,fit,0.00031509411815751223,0.0624738
0.0003,fit,0.00031519062113354523,0.0627632
0.0003,fit,0.0003152871536652691,0.0629587
0.0003,fit,0.000315383715761736,0.0630612
0.0003,fit,0.00031548030743200014,0.0630716
0.0003,fit,0.00031557692868511967,0.0629911
0.0003,fit,0.0003156735795301546,0.0628212
0.0003,fit,0.0003157702599761679,0.0625636
0.0003,fit,0.00031586697003222543,0.0622202
0.0003,fit,0.0003159637097073957,0.0617931
0.0003,fit,0.0003160604790107501,0.0612846
0.0003,fit,0.00031615727795136284,0.0606973
0.0003,fit,0.00031625410653831075,0.0600338
0.0003,fit,0.00031635096478067323,0.059297
0.0003,fit,0.0003164478526875334,0.0584898
0.0003,fit,0.00031654477026797623,0.0576154
0.0003,fit,0.0003166417175310897,0.0566769
0.0003,fit,0.0003167386944859647,0.0556778
0.0003,fit,0.00031683570114169485,0.0546215
0.0003,fit,0.0003169327375073765,0.0535114
0.0003,fit,0.0003170298035921088,0.0523512
0.0003,fit,0.00031712689940499345,0.0511446
0.0003,fit,0.0003172240249551359,0.0498951
0.0003,fit,0.0003173211802516433,0.0486066
0.0003,fit,0.0003174183653036259,0.0472827
0.0003,fit,0.00031751558012019704,0.0459273
0.0003,fit,0.0003176128247104725,0.0445441
0.0003,fit,0.000317710099083571,0.0431369
0.0003,fit,0.00031780740324861405,0.0417093
0.0003,fit,0.00031790473721472594,0.0402651
0.0003,fit,0.00031800210099103347,0.0388079
0.0003,fit,0.0003180994945866671,0.0373414
0.0003,fit,0.00031819691801075923,0.035869
0.0003,fit,0.0003182943712724453,0.0343944
0.0003,fit,0.00031839185438086365,0.0329208
0.0003,fit,0.0003184893673451553,0.0314517
0.0003,fit,0.00031858691017446416,0.0299903
0.0003,fit,0.0003186844828779369,0.0285397
0.0003,fit,0.00031878208546472296,0.027103
0.0003,fit,0.00031887971794397434,0.0256832
0.0003,fit,0.0003189773803248467,0.0242831
0.0003,fit,0.00031907507261649766,0.0229055
0.0003,fit,0.0003191727948280879,0.0215529
0.0003,fit,0.0003192705469687809,0.0202278
0.0003,fit,0.000319368329047743,0.0189327
0.0003,fit,0.0003194661410741432,0.0176697
0.0003,fit,0.0003195639830571535,0.0164409
0.0003,fit,0.0003196618550059487,0.0152483
0.0003,fit,0.00031975975692970584,0.0140937
0.0003,fit,0.00031985768883760604,0.0129788
0.0003,fit,0.0003199556507388321,0.0119052
0.0003,fit,0.00032005364264256996,0.0108741
0.0003,fit,0.0003201516645580084,0.00988701
0.0003,fit,0.0003202497164943391,0.00894488
0.0003,fit,0.00032034779846075646,0.0080487
0.0003,fit,0.0003204459104664576,0.0071993
0.0003,fit,0.0003205440525206423,0.00639734
0.0003,fit,0.00032064222463251414,0.00564335
0.0003,fit,0.0003207404268112784,0.00493771
0.0003,fit,0.00032083865906614356,0.00428067
0.0003,fit,0.000320936921406321,0.00367233
0.0003,fit,0.00032103521384102486,0.00311264
0.0003,fit,0.0003211335363794721,0.00260143
0.0003,fit,0.0003212318890308825,0.00213839
0.0003,fit,0.00032133027180447865,0.00172308
0.0003,fit,0.000321428684709486,0.00135494
0.0003,fit,0.00032152712775513254,0.00103325
0.0003,fit,0.0003216256009506499,0.000757225
0.0003,fit,0.00032172410430527173,0.000525916
0.0003,fit,0.0003218226378282348,0.000338285
0.0003,fit,0.00032192120152877866,0.00019318
0.0003,fit,0.00032201979541614565,8.93463e-05
0.0003,fit,0.0003221184194995811,2.54341e-05
0.0003,fit,0.00032221707378833305,0
0.0003,fit,0.000322315758291652,1.15151e-05
0.0003,fit,0.0003224144730187924,5.83705e-05
0.0003,fit,0.0003225132179790105,0.000138884
0.0003,fit,0.0003226119931815656,0.000251305
0.0003,fit,0.0003227107986357201,0.000393825
0.0003,fit,0.0003228096343507389,0.000564578
0.0003,fit,0.00032290850033589,0.000761655
0.0003,fit,0.00032300739660044416,0.000983105
0.0003,fit,0.00032310632315367486,0.00122695
0.0003,fit,0.00032320528000485835,0.00149117
0.0003,fit,0.0003233042671632744,0.00177375
0.0003,fit,0.0003234032846382049,0.00207266
0.0003,fit,0.0003235023324389348,0.00238585
0.0003,fit,0.00032360141057475184,0.0027113
0.0003,fit,0.0003237005190549467,0.00304697
0.0003,fit,0.00032379965788881287,0.00339087
0.0003,fit,0.00032389882708564664,0.00374102
0.0003,fit,0.0003239980266547472,0.00409547
0.0003,fit,0.0003240972566054163,0.00445232
0.0003,fit,0.00032419651694695937,0.00480972
0.0003,fit,0.00032429580768868394,0.00516586
0.0003,fit,0.0003243951288399005,0.00551898
0.0003,fit,0.0003244944804099225,0.00586742
0.0003,fit,0.0003245938624080662,0.00620955
0.0003,fit,0.0003246932748436508,0.00654383
0.0003,fit,0.0003247927177259982,0.00686882
0.0003,fit,0.00032489219106443334,0.00718313
0.0003,fit,0.00032499169486828347,0.00748548
0.0003,fit,0.0003250912291468799,0.00777468
0.0003,fit,0.0003251907939095557,0.00804963
0.0003,fit,0.00032529038916564713,0.00830932
0.0003,fit,0.0003253900149244933,0.00855285
0.0003,fit,0.0003254896711954362,0.00877943
0.0003,fit,0.00032558935798782075,0.00898836
0.0003,fit,0.0003256890753109946,0.00917904
0.0003,fit,0.00032578882317430794,0.009351
0.0003,fit,0.000325888601587115,0.00950384
0.0003,fit,0.0003259884105587717,0.0096373
0.0003,fit,0.00032608825009863726,0.0097512
0.0003,fit,0.00032618812021607363,0.00984546
0.0003,fit,0.0003262880209204457,0.00992013
0.0003,fit,0.0003263879522211214,0.00997533
0.0003,fit,0.00032648791412747124,0.0100113
0.0003,fit,0.00032658790664886876,0.0100283
0.0003,fit,0.00032668792979468996,0.0100269
0.0003,fit,0.00032678798357431486,0.0100074
0.0003,fit,0.00032688806799712524,0.00997056
0.0003,fit,0.00032698818307250606,0.00991695
0.0003,fit,0.0003270883288098452,0.00984733
0.0003,fit,0.0003271885052185334,0.00976254
0.0003,fit,0.0003272887123079643,0.00966344
0.0003,fit,0.00032738895008753443,0.00955099
0.0003,fit,0.00032748921856664317,0.00942619
0.0003,fit,0.00032758951775469235,0.0092901
0.0003,fit,0.0003276898476610879,0.00914383
0.0003,fit,0.00032779020829523745,0.00898853
0.0003,fit,0.00032789059966655194,0.00882537
0.0003,fit,0.0003279910217844451,0.00865558
0.0003,fit,0.0003280914746583336,0.0084804
0.0003,fit,0.0003281919582976371,0.0083011
0.0003,fit,0.00032829247271177786,0.00811897
0.0003,fit,0.00032839301791018127,0.00793528
0.0003,fit,0.0003284935939022753,0.00775135
0.0003,fit,0.0003285942006974916,0.00756846
0.0003,fit,0.00032869483830526384,0.00738793
0.0003,fit,0.00032879550673502894,0.00721102
0.0003,fit,0.0003288962059962266,0.00703901
0.0003,fit,0.00032899693609829953,0.00687315
0.0003,fit,0.0003290976970506933,0.00671468
0.0003,fit,0.00032919848886285623,0.00656479
0.0003,fit,0.00032929931154423943,0.00642465
0.0003,fit,0.0003294001651042978,0.00629539
0.0003,fit,0.00032950104955248804,0.00617811
0.0003,fit,0.00032960196489827023,0.00607386
0.0003,fit,0.0003297029111511073,0.00598364
0.0003,fit,0.00032980388832046497,0.0059084
0.0003,fit,0.0003299048964158121,0.00584904
0.0003,fit,0.0003300059354466202,0.00580641
0.0003,fit,0.00033010700542236384,0.00578129
0.0003,fit,0.0003302081063525201,0.0057744
0.0003,fit,0.0003303092382465699,0.0057864
0.0003,fit,0.0003304104011139962,0.0058179
0.0003,fit,0.0003305115949642851,0.0058694
0.0003,fit,0.0003306128198069256,0.00594138
0.0003,fit,0.00033071407565140974,0.00603422
0.0003,fit,0.00033081536250723233,0.00614824
0.0003,fit,0.00033091668038389105,0.00628367
0.0003,fit,0.0003310180292908866,0.00644068
0.0003,fit,0.0003311194092377222,0.00661938
0.0003,fit,0.0003312208202339051,0.00681978
0.0003,fit,0.00033132226228894425,0.00704183
0.0003,fit,0.000331423735412352,0.0072854
0.0003,fit,0.0003315252396136436,0.00755028
0.0003,fit,0.00033162677490233713,0.0078362
0.0003,fit,0.0003317283412879537,0.0081428
0.0003,fit,0.0003318299387800172,0.00846966
0.0003,fit,0.00033193156738805455,0.00881629
0.0003,fit,0.00033203322712159526,0.00918211
0.0003,fit,0.00033213491799017264,0.0095665
0.0003,fit,0.000332236640003322,0.00996875
0.0003,fit,0.000332338393170582,0.0103881
0.0003,fit,0.000332440177501494,0.0108237
0.0003,fit,0.0003325419930056025,0.0112747
0.0003,fit,0.0003326438396924547,0.0117401
0.0003,fit,0.000332745717571601,0.0122188
0.0003,fit,0.0003328476266525941,0.01271
0.0003,fit,0.0003329495669449909,0.0132123
0.0003,fit,0.00033305153845835007,0.0137248
0.0003,fit,0.00033315354120223346,0.0142461
0.0003,fit,0.00033325557518620603,0.014775
0.0003,fit,0.0003333576404198356,0.0153103
0.0003,fit,0.00033345973691269285,0.0158506
0.0003,fit,0.00033356186467435156,0.0163946
0.0003,fit,0.00033366402371438826,0.0169409
0.0003,fit,0.00033376621404238217,0.0174881
0.0003,fit,0.0003338684356679164,0.0180349
0.0003,fit,0.0003339706886005761,0.0185797
0.0003,fit,0.00033407297284994956,0.0191212
0.0003,fit,0.0003341752884256281,0.019658
0.0003,fit,0.00033427763533720587,0.0201886
0.0003,fit,0.00033438001359428006,0.0207115
0.0003,fit,0.00033448242320645083,0.0212254
0.0003,fit,0.0003345848641833211,0.0217289
0.0003,fit,0.0003346873365344966,0.0222206
0.0003,fit,0.00033478984026958687,0.0226992
0.0003,fit,0.0003348923753982035,0.0231632
0.0003,fit,0.0003349949419299612,0.0236115
0.0003,fit,0.0003350975398744778,0.0240428
0.0003,fit,0.00033520016924137397,0.0244558
0.0003,fit,0.0003353028300402734,0.0248493
0.0003,fit,0.00033540552228080253,0.0252224
0.0003,fit,0.0003355082459725911,0.0255738
0.0003,fit,0.0003356110011252711,0.0259026
0.0003,fit,0.00033571378774847866,0.0262079
0.0003,fit,0.00033581660585185193,0.0264887
0.0003,fit,0.0003359194554450322,0.0267442
0.0003,fit,0.00033602233653766373,0.0269738
0.0003,fit,0.00033612524913939385,0.0271766
0.0003,fit,0.0003362281932598726,0.0273521
0.0003,fit,0.00033633116890875335,0.0274998
0.0003,fit,0.0003364341760956917,0.0276192
0.0003,fit,0.0003365372148303475,0.0277099
0.0003,fit,0.0003366402851223824,0.0277717
0.0003,fit,0.0003367433869814614,0.0278042
0.0003,fit,0.00033684652041725244,0.0278075
0.0003,fit,0.0003369496854394264,0.0277814
0.0003,fit,0.00033705288205765723,0.027726
0.0003,fit,0.0003371561102816217,0.0276413
0.0003,fit,0.0003372593701209996,0.0275276
0.0003,fit,0.00033736266158547343,0.0273851
0.0003,fit,0.00033746598468472954,0.0272141
0.0003,fit,0.0003375693394284563,0.0270151
0.0003,fit,0.00033767272582634533,0.0267886
0.0003,fit,0.0003377761438880913,0.0265351
0.0003,fit,0.0003378795936233918,0.0262552
0.0003,fit,0.0003379830750419474,0.0259497
0.0003,fit,0.0003380865881534616,0.0256193
0.0003,fit,0.000338190132967641,0.0252648
0.0003,fit,0.0003382937094941947,0.0248871
0.0003,fit,0.00033839731774283583,0.0244872
0.0003,fit,0.0003385009577232795,0.024066
0.0003,fit,0.0003386046294452441,0.0236246
0.0003,fit,0.000338708332918451,0.0231641
0.0003,fit,0.0003388120681526246,0.0226855
0.0003,fit,0.0003389158351574922,0.0221901
0.0003,fit,0.0003390196339427842,0.021679
0.0003,fit,0.0003391234645182338,0.0211535
0.0003,fit,0.00033922732689357704,0.0206148
0.0003,fit,0.00033933122107855375,0.0200641
0.0003,fit,0.00033943514708290593,0.0195029
0.0003,fit,0.0003395391049163788,0.0189323
0.0003,fit,0.00033964309458872047,0.0183537
0.0003,fit,0.00033974711610968225,0.0177684
0.0003,fit,0.0003398511694890183,0.0171778
0.0003,fit,0.0003399552547364858,0.0165831
0.0003,fit,0.0003400593718618445,0.0159857
0.0003,fit,0.00034016352087485837,0.0153868
0.0003,fit,0.00034026770178529307,0.0147879
0.0003,fit,0.0003403719146029178,0.0141901
0.0003,fit,0.0003404761593375047,0.0135948
0.0003,fit,0.0003405804359988289,0.0130031
0.0003,fit,0.0003406847445966684,0.0124163
0.0003,fit,0.0003407890851408044,0.0118356
0.0003,fit,0.000340893457641021,0.0112621
0.0003,fit,0.0003409978621071049,0.0106969
0.0003,fit,0.0003411022985488469,0.0101412
0.0003,fit,0.0003412067669760398,0.00959601
0.0003,fit,0.0003413112673984797,0.00906228
0.0003,fit,0.0003414157998259656,0.008541
0.0003,fit,0.0003415203642682996,0.0080331
0.0003,fit,0.0003416249607352869,0.00753943
0.0003,fit,0.00034172958923673556,0.00706082
0.0003,fit,0.00034183424978245666,0.00659803
0.0003,fit,0.00034193894238226393,0.00615179
0.0003,fit,0.0003420436670459752,0.00572275
0.0003,fit,0.0003421484237834103,0.00531153
0.0003,fit,0.0003422532126043923,0.00491866
0.0003,fit,0.0003423580335187473,0.00454466
0.0003,fit,0.0003424628865363046,0.00418995
0.0003,fit,0.0003425677716668962,0.00385493
0.0003,fit,0.00034267268892035726,0.0035399
0.0003,fit,0.00034277763830652607,0.00324514
0.0003,fit,0.00034288261983524344,0.00297085
0.0003,fit,0.00034298763351635423,0.00271718
0.0003,fit,0.00034309267935970535,0.00248423
0.0003,fit,0.00034319775737514703,0.00227202
0.0003,fit,0.0003433028675725325,0.00208054
0.0003,fit,0.00034340800996171804,0.0019097
0.0003,fit,0.000343513184552563,0.00175938
0.0003,fit,0.0003436183913549296,0.0016294
0.0003,fit,0.0003437236303786829,0.00151951
0.0003,fit,0.00034382890163369193,0.00142943
0.0003,fit,0.0003439342051298277,0.00135883
0.0003,fit,0.00034403954087696456,0.00130731
0.0003,fit,0.00034414490888498,0.00127446
0.0003,fit,0.0003442503091637545,0.00125981
0.0003,fit,0.0003443557417231714,0.00126284
0.0003,fit,0.00034446120657311734,0.001283
0.0003,fit,0.00034456670372348176,0.00131971
0.0003,fit,0.0003446722331841569,0.00137234
0.0003,fit,0.00034477779496503905,0.00144024
0.0003,fit,0.0003448833890760265,0.00152274
0.0003,fit,0.00034498901552702083,0.00161912
0.0003,fit,0.0003450946743279268,0.00172866
0.0003,fit,0.000345200365488652,0.0018506
0.0003,fit,0.0003453060890191074,0.00198418
0.0003,fit,0.0003454118449292066,0.00212862
0.0003,fit,0.0003455176332288664,0.00228311
0.0003,fit,0.00034562345392800644,0.00244686
0.0003,fit,0.0003457293070365503,0.00261905
0.0003,fit,0.00034583519256442346,0.00279888
0.0003,fit,0.00034594111052155496,0.00298552
0.0003,true,0.00025506160252054296,0.000970716
0.0003,true,0.00025521822616347855,0.000897608
0.0003,true,0.0002552965379849463,0.000869638
0.0003,true,0.0002553748498064141,0.000847806
0.0003,true,0.00025553147344934963,0.000823772
0.0003,true,0.0002556880970922852,0.000827861
0.0003,true,0.0002558447207352207,0.0008623
0.0003,true,0.00025600134437815626,0.000929163
0.0003,true,0.0002561579680210918,0.00103035
0.0003,true,0.00025631459166402734,0.00116758
0.0003,true,0.00025647121530696294,0.00134233
0.0003,true,0.0002566278389498985,0.00155585
0.0003,true,0.000256784462592834,0.00180916
0.0003,true,0.00025686277441430184,0.00195097
0.0003,true,0.00025694108623576956,0.00210297
0.0003,true,0.0002570977098787051,0.00243774
0.0003,true,0.0002572543335216407,0.00281359
0.0003,true,0.00025741095716457624,0.00323037
0.0003,true,0.0002575675808075118,0.00368757
0.0003,true,0.0002577242044504473,0.00418439
0.0003,true,0.00025788082809338286,0.00471965
0.0003,true,0.0002580374517363184,0.00529189
0.0003,true,0.00025819407537925395,0.00589927
0.0003,true,0.0002583506990221895,0.00653966
0.0003,true,0.0002584290108436573,0.00687147
0.0003,true,0.0002585073226651251,0.00721058
0.0003,true,0.0002586639463080606,0.00790926
0.0003,true,0.00025882056995099617,0.00863262
0.0003,true,0.0002589771935939317,0.00937732
0.0003,true,0.00025913381723686725,0.0101397
0.0003,true,0.00025929044087980285,0.010916
0.0003,true,0.0002594470645227384,0.0117022
0.0003,true,0.00025960368816567393,0.0124939
0.0003,true,0.00025976031180860947,0.0132868
0.0003,true,0.000259916935451545,0.0140764
0.0003,true,0.00025999524727301284,0.0144685
0.0003,true,0.00026007355909448055,0.0148581
0.0003,true,0.0002602301827374161,0.0156273
0.0003,true,0.0002603868063803517,0.0163793
0.0003,true,0.00026054343002328723,0.0171095
0.0003,true,0.00026070005366622277,0.0178133
0.0003,true,0.0002608566773091583,0.0184862
0.0003,true,0.00026101330095209386,0.019124
0.0003,true,0.0002611699245950294,0.0197225
0.0003,true,0.000261326548237965,0.0202776
0.0003,true,0.00026148317188090053,0.0207857
0.0003,true,0.0002615614837023683,0.0210211
0.0003,true,0.0002616397955238361,0.0212434
0.0003,true,0.0002617964191667716,0.0216475
0.0003,true,0.00026195304280970716,0.0219951
0.0003,true,0.0002621096664526427,0.0222839
0.0003,true,0.00026226629009557824,0.0225115
0.0003,true,0.00026242291373851384,0.0226764
0.0003,true,0.0002625795373814494,0.0227772
0.0003,true,0.0002627361610243849,0.022813
0.0003,true,0.00026289278466732046,0.0227832
0.0003,true,0.000263049408310256,0.0226878
0.0003,true,0.00026312772013172383,0.0226156
0.0003,true,0.00026320603195319154,0.0225271
0.0003,true,0.00026336265559612714,0.0223018
0.0003,true,0.0002635192792390627,0.0220132
0.0003,true,0.0002636759028819982,0.0216628
0.0003,true,0.00026383252652493376,0.0212527
0.0003,true,0.0002639891501678693,0.0207851
0.0003,true,0.00026414577381080485,0.020263
0.0003,true,0.0002643023974537404,0.0196892
0.0003,true,0.000264459021096676,0.0190675
0.0003,true,0.0002646156447396115,0.0184014
0.0003,true,0.0002646939565610793,0.018053
0.0003,true,0.00026477226838254707,0.017695
0.0003,true,0.0002649288920254826,0.0169527
0.0003,true,0.00026508551566841815,0.0161791
0.0003,true,0.0002652421393113537,0.0153789
0.0003,true,0.0002653987629542893,0.014557
0.0003,true,0.00026555538659722483,0.0137186
0.0003,true,0.00026571201024016037,0.0128689
0.0003,true,0.0002658686338830959,0.0120131
0.0003,true,0.00026602525752603145,0.0111567
0.0003,true,0.000266181881168967,0.0103049
0.0003,true,0.0002662601929904348,0.00988246
0.0003,true,0.0002662601929904348,0.00988246
0.0003,true,0.00026633850481190254,0.00946313
0.0003,true,0.00026649512845483813,0.00863656
0.0003,true,0.0002666517520977737,0.00783037
0.0003,true,0.0002668083757407092,0.00704957
0.0003,true,0.00026696499938364476,0.00629899
0.0003,true,0.0002671216230265803,0.00558325
0.0003,true,0.00026727824666951584,0.0049067
0.0003,true,0.00026743487031245143,0.00427344
0.0003,true,0.000267591493955387,0.0036872
0.0003,true,0.0002677481175983225,0.0031514
0.0003,true,0.00026782642941979034,0.00290337
0.0003,true,0.00026790474124125806,0.00266905
0.0003,true,0.0002680613648841936,0.00224276
0.0003,true,0.00026821798852712914,0.00187468
0.0003,true,0.0002683746121700647,0.00156652
0.0003,true,0.0002685312358130003,0.0013195
0.0003,true,0.0002686878594559358,0.00113433
0.0003,true,0.00026884448309887136,0.00101123
0.0003,true,0.0002690011067418069,0.000949889
0.0003,true,0.00026915773038474244,0.000949464
0.0003,true,0.000269314354027678,0.0010086
0.0003,true,0.0002693926658491458,0.00105994
0.0003,true,0.0002694709776706136,0.00112543
0.0003,true,0.0002696276013135491,0.00129756
0.0003,true,0.00026978422495648466,0.00152213
0.0003,true,0.0002699408485994202,0.0017958
0.0003,true,0.00027009747224235575,0.00211477
0.0003,true,0.0002702540958852913,0.00247484
0.0003,true,0.00027041071952822683,0.00287144
0.0003,true,0.0002705673431711624,0.00329962
0.0003,true,0.00027072396681409797,0.00375419
0.0003,true,0.0002708805904570335,0.00422965
0.0003,true,0.00027095890227850133,0.00447345
0.0003,true,0.00027103721409996905,0.00472034
0.0003,true,0.0002711938377429046,0.00522043
0.0003,true,0.0002713504613858402,0.00572401
0.0003,true,0.00027150708502877573,0.00622512
0.0003,true,0.00027166370867171127,0.00671783
0.0003,true,0.0002718203323146468,0.0071963
0.0003,true,0.00027197695595758235,0.00765479
0.0003,true,0.0002721335796005179,0.00808781
0.0003,true,0.00027229020324345344,0.00849007
0.0003,true,0.000272446826886389,0.00885661
0.0003,true,0.0002725251387078568,0.00902504
0.0003,true,0.0002726034505293246,0.00918284
0.0003,true,0.0002727600741722601,0.00946456
0.0003,true,0.00027291669781519566,0.00969803
0.0003,true,0.0002730733214581312,0.00988002
0.0003,true,0.00027322994510106674,0.0100078
0.0003,true,0.00027338656874400233,0.0100793
0.0003,true,0.0002735431923869379,0.0100929
0.0003,true,0.0002736998160298734,0.0100478
0.0003,true,0.00027385643967280896,0.00994374
0.0003,true,0.0002740130633157445,0.00978112
0.0003,true,0.0002740913751372123,0.00967817
0.0003,true,0.00027416968695868004,0.00956106
0.0003,true,0.0002743263106016156,0.00928537
0.0003,true,0.0002744829342445511,0.00895653
0.0003,true,0.0002746395578874867,0.00857773
0.0003,true,0.00027479618153042226,0.00815281
0.0003,true,0.0002749528051733578,0.0076863
0.0003,true,0.00027510942881629334,0.00718337
0.0003,true,0.0002752660524592289,0.00664982
0.0003,true,0.0002754226761021645,0.00609204
0.0003,true,0.0002755792997451,0.00551698
0.0003,true,0.0002756576115665678,0.00522529
0.0003,true,0.00027573592338803556,0.00493212
0.0003,true,0.0002758925470309711,0.00434543
0.0003,true,0.00027604917067390665,0.00376531
0.0003,true,0.0002762057943168422,0.00320054
0.0003,true,0.00027636241795977773,0.00266023
0.0003,true,0.0002765190416027133,0.00215375
0.0003,true,0.00027667566524564887,0.00169067
0.0003,true,0.0002768322888885844,0.00128071
0.0003,true,0.00027698891253151995,0.00093361
0.0003,true,0.0002771455361744555,0.000659127
0.0003,true,0.0002772238479959233,0.000552134
0.0003,true,0.00027730215981739103,0.000466899
0.0003,true,0.00027745878346032663,0.000366389
0.0003,true,0.00027761540710326217,0.000366793
0.0003,true,0.0002777720307461977,0.000476952
0.0003,true,0.00027792865438913325,0.000705269
0.0003,true,0.0002780852780320688,0.00105962
0.0003,true,0.00027824190167500434,0.00154725
0.0003,true,0.0002783985253179399,0.00217473
0.0003,true,0.0002785551489608755,0.00294781
0.0003,true,0.000278711772603811,0.00387138
0.0003,true,0.0002787900844252788,0.00439088
0.0003,true,0.00027886839624674656,0.0049494
0.0003,true,0.0002790250198896821,0.00618477
0.0003,true,0.00027918164353261764,0.00757932
0.0003,true,0.0002793382671755532,0.00913372
0.0003,true,0.0002794948908184888,0.0108474
0.0003,true,0.0002796515144614243,0.0127187
0.0003,true,0.00027980813810435986,0.0147443
0.0003,true,0.0002799647617472954,0.01692
0.0003,true,0.00028012138539023094,0.0192399
0.0003,true,0.0002802780090331665,0.0216971
0.0003,true,0.0002803563208546343,0.0229745
0.0003,true,0.000280434632676102,0.024283
0.0003,true,0.0002805912563190376,0.026988
0.0003,true,0.00028074787996197316,0.029801
0.0003,true,0.0002809045036049087,0.0327098
0.0003,true,0.00028106112724784424,0.035701
0.0003,true,0.0002812177508907798,0.0387601
0.0003,true,0.00028137437453371533,0.0418716
0.0003,true,0.0002815309981766509,0.0450188
0.0003,true,0.00028168762181958646,0.0481847
0.0003,true,0.000281844245462522,0.0513511
0.0003,true,0.0002819225572839898,0.0529287
0.0003,true,0.00028192255728398983,0.0529287
0.0003,true,0.00028200086910545755,0.0544994
0.0003,true,0.0002821574927483931,0.0576106
0.0003,true,0.00028231411639132863,0.0606652
0.0003,true,0.00028247074003426417,0.0636438
0.0003,true,0.00028262736367719977,0.0665266
0.0003,true,0.0002827839873201353,0.0692942
0.0003,true,0.00028294061096307085,0.0719273
0.0003,true,0.0002830972346060064,0.0744071
0.0003,true,0.00028325385824894193,0.0767153
0.0003,true,0.0002834104818918775,0.0788342
0.0003,true,0.0002834887937133453,0.0798175
0.0003,true,0.00028356710553481307,0.0807472
0.0003,true,0.0002837237291777486,0.0824384
0.0003,true,0.00028388035282068415,0.0838932
0.0003,true,0.0002840369764636197,0.0850981
0.0003,true,0.00028419360010655524,0.0860411
0.0003,true,0.0002843502237494908,0.0867115
0.0003,true,0.0002845068473924263,0.0871004
0.0003,true,0.0002846634710353619,0.0872004
0.0003,true,0.00028482009467829746,0.0870059
0.0003,true,0.000284976718321233,0.0865133
0.0003,true,0.0002850550301427008,0.0861545
0.0003,true,0.00028513334196416854,0.0857207
0.0003,true,0.0002852899656071041,0.0846284
0.0003,true,0.0002854465892500397,0.0832386
0.0003,true,0.0002856032128929752,0.0815557
0.0003,true,0.00028575983653591076,0.0795863
0.0003,true,0.0002859164601788463,0.0773391
0.0003,true,0.00028607308382178184,0.0748252
0.0003,true,0.0002862297074647174,0.0720576
0.0003,true,0.0002863863311076529,0.0690518
0.0003,true,0.00028654295475058847,0.0658256
0.0003,true,0.0002866212665720563,0.064136
0.0003,true,0.00028669957839352406,0.0623989
0.0003,true,0.0002868562020364596,0.0587938
0.0003,true,0.00028701282567939514,0.0550348
0.0003,true,0.0002871694493223307,0.0511483
0.0003,true,0.00028732607296526623,0.047163
0.0003,true,0.0002874826966082018,0.0431096
0.0003,true,0.00028763932025113736,0.0390207
0.0003,true,0.0002877959438940729,0.034931
0.0003,true,0.00028795256753700845,0.0308767
0.0003,true,0.000288109191179944,0.0268958
0.0003,true,0.0002881875030014118,0.0249452
0.0003,true,0.00028826581482287953,0.0230279
0.0003,true,0.00028842243846581507,0.019314
0.0003,true,0.0002885790621087506,0.0157961
0.0003,true,0.0002887356857516862,0.0125177
0.0003,true,0.00028889230939462175,0.00952269
0.0003,true,0.0002890489330375573,0.00685596
0.0003,true,0.00028920555668049283,0.00456271
0.0003,true,0.0002893621803234284,0.00268836
0.0003,true,0.00028951880396636397,0.00127829
0.0003,true,0.0002896754276092995,0.000377596
0.0003,true,0.0002897537394307673,0.000132202
0.0003,true,0.00028983205125223505,3.07826e-05
0.0003,true,0.0002899886748951706,0.000281509
0.0003,true,0.00029014529853810614,0.00117229
0.0003,true,0.0002903019221810417,0.00274422
0.0003,true,0.0002904585458239772,0.00503665
0.0003,true,0.00029061516946691276,0.00808693
0.0003,true,0.00029077179310984836,0.0119301
0.0003,true,0.0002909284167527839,0.0165985
0.0003,true,0.00029108504039571944,0.0221219
0.0003,true,0.000291241664038655,0.0285265
0.0003,true,0.0002913199758601228,0.0320667
0.0003,true,0.0002913982876815905,0.0358355
0.0003,true,0.0002915549113245261,0.0440683
0.0003,true,0.00029171153496746166,0.0532406
0.0003,true,0.0002918681586103972,0.0633638
0.0003,true,0.00029202478225333274,0.0744455
0.0003,true,0.0002921814058962683,0.0864887
0.0003,true,0.0002923380295392038,0.0994923
0.0003,true,0.00029249465318213937,0.11345
0.0003,true,0.0002926512768250749,0.128353
0.0003,true,0.0002928079004680105,0.144185
0.0003,true,0.0002928862122894783,0.152443
0.0003,true,0.00029296452411094604,0.160927
0.0003,true,0.0002931211477538816,0.178555
0.0003,true,0.00029327777139681713,0.197041
0.0003,true,0.00029343439503975267,0.216353
0.0003,true,0.00029359101868268826,0.236453
0.0003,true,0.0002937476423256238,0.257302
0.0003,true,0.00029390426596855935,0.278855
0.0003,true,0.0002940608896114949,0.301064
0.0003,true,0.00029421751325443043,0.323877
0.0003,true,0.00029437413689736597,0.347239
0.0003,true,0.0002944524487188338,0.359109
0.0003,true,0.0002945307605403015,0.371094
0.0003,true,0.00029468738418323706,0.395381
0.0003,true,0.00029484400782617265,0.420038
0.0003,true,0.0002950006314691082,0.444999
0.0003,true,0.00029515725511204373,0.470199
0.0003,true,0.0002953138787549793,0.495569
0.0003,true,0.0002954705023979148,0.521039
0.0003,true,0.0002956271260408504,0.54654
0.0003,true,0.00029578374968378595,0.572
0.0003,true,0.0002959403733267215,0.597346
0.0003,true,0.0002960186851481893,0.609954
0.0003,true,0.00029609699696965704,0.622507
0.0003,true,0.0002962536206125926,0.647411
0.0003,true,0.0002964102442555281,0.671985
0.0003,true,0.00029656686789846366,0.696158
0.0003,true,0.0002967234915413992,0.719859
0.0003,true,0.0002968801151843348,0.743017
0.0003,true,0.00029703673882727034,0.765563
0.0003,true,0.0002971933624702059,0.78743
0.0003,true,0.0002973499861131414,0.808551
0.0003,true,0.000297506609756077,0.82886
0.0003,true,0.0002975849215775448,0.838691
0.0003,true,0.0002975849215775448,0.838691
0.0003,true,0.00029766323339901256,0.848296
0.0003,true,0.0002978198570419481,0.866796
0.0003,true,0.00029797648068488364,0.884303
0.0003,true,0.0002981331043278192,0.90076
0.0003,true,0.0002982897279707547,0.916114
0.0003,true,0.00029844635161369027,0.930312
0.0003,true,0.0002986029752566258,0.943309
0.0003,true,0.00029875959889956135,0.955058
0.0003,true,0.00029891622254249695,0.965519
0.0003,true,0.0002990728461854325,0.974653
0.0003,true,0.0002991511580069003,0.978713
0.0003,true,0.00029922946982836803,0.982428
0.0003,true,0.00029938609347130357,0.988812
0.0003,true,0.00029954271711423917,0.993781
0.0003,true,0.0002996993407571747,0.997313
0.0003,true,0.00029985596440011025,0.99939
0.0003,true,0.0003000125880430458,1
0.0003,true,0.00030016921168598133,0.999136
0.0003,true,0.00030032583532891687,0.996795
0.0003,true,0.0003004824589718524,0.99298
0.0003,true,0.00030063908261478796,0.987698
0.0003,true,0.0003007173944362558,0.984511
0.0003,true,0.00030079570625772355,0.980963
0.0003,true,0.0003009523299006591,0.972791
0.0003,true,0.00030110895354359463,0.963206
0.0003,true,0.0003012655771865302,0.952237
0.0003,true,0.0003014222008294657,0.939918
0.0003,true,0.0003015788244724013,0.926288
0.0003,true,0.00030173544811533685,0.91139
0.0003,true,0.0003018920717582724,0.895274
0.0003,true,0.00030204869540120794,0.877993
0.0003,true,0.0003022053190441435,0.859605
0.0003,true,0.0003022836308656113,0.850015
0.0003,true,0.000302361942687079,0.840172
0.0003,true,0.00030251856633001456,0.819761
0.0003,true,0.0003026751899729501,0.79844
0.0003,true,0.0003028318136158857,0.776284
0.0003,true,0.00030298843725882124,0.753367
0.0003,true,0.0003031450609017568,0.729769
0.0003,true,0.0003033016845446923,0.705569
0.0003,true,0.00030345830818762786,0.680849
0.0003,true,0.00030361493183056346,0.655693
0.0003,true,0.000303771555473499,0.630184
0.0003,true,0.00030384986729496677,0.617323
0.0003,true,0.00030392817911643454,0.604406
0.0003,true,0.0003040848027593701,0.578443
0.0003,true,0.0003042414264023056,0.552377
0.0003,true,0.00030439805004524117,0.526292
0.0003,true,0.0003045546736881767,0.500267
0.0003,true,0.00030471129733111225,0.474381
0.0003,true,0.00030486792097404785,0.448709
0.0003,true,0.0003050245446169834,0.423326
0.0003,true,0.00030518116825991893,0.398302
0.0003,true,0.00030533779190285447,0.373704
0.0003,true,0.0003054161037243223,0.361585
0.0003,true,0.00030549441554579,0.349596
0.0003,true,0.0003056510391887256,0.326037
0.0003,true,0.00030580766283166115,0.303084
0.0003,true,0.0003059642864745967,0.280789
0.0003,true,0.00030612091011753223,0.259198
0.0003,true,0.00030627753376046777,0.238355
0.0003,true,0.0003064341574034033,0.218299
0.0003,true,0.00030659078104633886,0.199064
0.0003,true,0.0003067474046892744,0.18068
0.0003,true,0.00030690402833221,0.163172
0.0003,true,0.00030698234015367776,0.154753
0.0003,true,0.00030706065197514553,0.14656
0.0003,true,0.0003072172756180811,0.130863
0.0003,true,0.0003073738992610166,0.116091
0.0003,true,0.00030753052290395216,0.102252
0.0003,true,0.00030768714654688775,0.0893516
0.0003,true,0.0003078437701898233,0.0773889
0.0003,true,0.00030800039383275884,0.0663603
0.0003,true,0.0003081570174756944,0.0562585
0.0003,true,0.0003083136411186299,0.0470728
0.0003,true,0.00030847026476156546,0.0387889
0.0003,true,0.0003085485765830333,0.0349799
0.0003,true,0.000308626888404501,0.0313897
0.0003,true,0.00030878351204743654,0.0248549
0.0003,true,0.00030894013569037214,0.0191616
0.0003,true,0.0003090967593333077,0.0142842
0.0003,true,0.0003092533829762432,0.0101948
0.0003,true,0.00030941000661917876,0.00686318
0.0003,true,0.0003095666302621143,0.00425716
0.0003,true,0.0003097232539050499,0.00234275
0.0003,true,0.00030987987754798544,0.00108431
0.0003,true,0.000310036501190921,0.000444745
0.0003,true,0.0003101148130123888,0.000345105
0.0003,true,0.0003101931248338565,0.00038572
0.0003,true,0.00031034974847679207,0.00086784
0.0003,true,0.0003105063721197276,0.00185084
0.0003,true,0.00031066299576266315,0.00329378
0.0003,true,0.0003108196194055987,0.00515525
0.0003,true,0.0003109762430485343,0.00739354
0.0003,true,0.00031113286669146983,0.00996685
0.0003,true,0.00031128949033440537,0.0128335
0.0003,true,0.0003114461139773409,0.0159519
0.0003,true,0.00031160273762027645,0.0192813
0.0003,true,0.0003116810494417443,0.0210124
0.0003,true,0.00031175936126321205,0.0227813
0.0003,true,0.0003119159849061476,0.0264123
0.0003,true,0.00031207260854908313,0.030136
0.0003,true,0.00031222923219201867,0.033915
0.0003,true,0.0003123858558349542,0.0377133
0.0003,true,0.00031254247947788976,0.0414965
0.0003,true,0.0003126991031208253,0.0452318
0.0003,true,0.00031285572676376084,0.0488881
0.0003,true,0.00031301235040669643,0.0524363
0.0003,true,0.000313168974049632,0.0558492
0.0003,true,0.00031324728587109975,0.0574971
0.0003,true,0.0003132472858710998,0.0574971
0.0003,true,0.0003133255976925675,0.059102
0.0003,true,0.00031348222133550306,0.0621717
0.0003,true,0.0003136388449784386,0.0650379
0.0003,true,0.0003137954686213742,0.0676825
0.0003,true,0.00031395209226430974,0.0700896
0.0003,true,0.0003141087159072453,0.0722458
0.0003,true,0.0003142653395501808,0.0741401
0.0003,true,0.00031442196319311636,0.075764
0.0003,true,0.0003145785868360519,0.0771111
0.0003,true,0.00031473521047898744,0.0781776
0.0003,true,0.00031481352230045527,0.0786049
0.0003,true,0.000314891834121923,0.0789616
0.0003,true,0.0003150484577648586,0.0794637
0.0003,true,0.0003152050814077941,0.0796863
0.0003,true,0.00031536170505072966,0.079634
0.0003,true,0.0003155183286936652,0.0793132
0.0003,true,0.0003156749523366008,0.0787318
0.0003,true,0.00031583157597953634,0.0778997
0.0003,true,0.0003159881996224719,0.0768278
0.0003,true,0.0003161448232654074,0.0755287
0.0003,true,0.00031630144690834297,0.0740159
0.0003,true,0.0003163797587298108,0.0731839
0.0003,true,0.0003164580705512785,0.072304
0.0003,true,0.00031661469419421405,0.0704084
0.0003,true,0.0003167713178371496,0.0683453
0.0003,true,0.0003169279414800852,0.0661313
0.0003,true,0.00031708456512302073,0.0637835
0.0003,true,0.00031724118876595627,0.0613191
0.0003,true,0.0003173978124088918,0.0587558
0.0003,true,0.00031755443605182735,0.0561107
0.0003,true,0.00031771105969476295,0.0534014
0.0003,true,0.0003178676833376985,0.0506447
0.0003,true,0.00031794599515916626,0.0492538
0.0003,true,0.00031802430698063403,0.0478573
0.0003,true,0.00031818093062356957,0.0450555
0.0003,true,0.0003183375542665051,0.0422549
0.0003,true,0.00031849417790944066,0.0394706
0.0003,true,0.0003186508015523762,0.0367167
0.0003,true,0.00031880742519531174,0.0340069
0.0003,true,0.00031896404883824733,0.0313538
0.0003,true,0.0003191206724811829,0.0287692
0.0003,true,0.0003192772961241184,0.0262639
0.0003,true,0.00031943391976705396,0.023848
0.0003,true,0.0003195122315885218,0.0226763
0.0003,true,0.0003195905434099895,0.0215303
0.0003,true,0.0003197471670529251,0.0193186
0.0003,true,0.00031990379069586064,0.01722
0.0003,true,0.0003200604143387962,0.0152403
0.0003,true,0.0003202170379817317,0.0133842
0.0003,true,0.00032037366162466726,0.0116557
0.0003,true,0.0003205302852676028,0.0100575
0.0003,true,0.00032068690891053834,0.00859153
0.0003,true,0.0003208435325534739,0.00725859
0.0003,true,0.0003210001561964095,0.00605862
0.0003,true,0.0003210784680178773,0.00550824
0.0003,true,0.000321156779839345,0.00499067
0.0003,true,0.00032131340348228056,0.00405291
0.0003,true,0.0003214700271252161,0.00324268
0.0003,true,0.00032162665076815165,0.00255655
0.0003,true,0.00032178327441108724,0.00199037
0.0003,true,0.0003219398980540228,0.00153932
0.0003,true,0.0003220965216969583,0.00119795
0.0003,true,0.00032225314533989387,0.000960255
0.0003,true,0.0003224097689828294,0.000819747
0.0003,true,0.00032256639262576495,0.000769494
0.0003,true,0.0003226447044472328,0.000775947
0.0003,true,0.0003227230162687005,0.000802205
0.0003,true,0.00032287963991163603,0.000910286
0.0003,true,0.00032303626355457163,0.00108592
0.0003,true,0.00032319288719750717,0.00132111
0.0003,true,0.0003233495108404427,0.00160779
0.0003,true,0.00032350613448337825,0.00193785
0.0003,true,0.0003236627581263138,0.00230324
0.0003,true,0.0003238193817692494,0.002696
0.0003,true,0.00032397600541218493,0.00310835
0.0003,true,0.00032413262905512047,0.00353274
0.0003,true,0.0003242109408765883,0.00374716
0.0003,true,0.000324289252698056,0.00396191
0.0003,true,0.00032444587634099156,0.00438894
0.0003,true,0.0003246024999839271,0.00480732
0.0003,true,0.00032475912362686264,0.00521097
0.0003,true,0.0003249157472697982,0.00559428
0.0003,true,0.0003250723709127338,0.00595217
0.0003,true,0.0003252289945556693,0.0062801
0.0003,true,0.00032538561819860486,0.00657409
0.0003,true,0.0003255422418415404,0.00683076
0.0003,true,0.00032569886548447594,0.00704732
0.0003,true,0.00032577717730594377,0.00713985
0.0003,true,0.00032585548912741154,0.00722159
0.0003,true,0.0003260121127703471,0.00735199
0.0003,true,0.0003261687364132826,0.00743754
0.0003,true,0.00032632536005621816,0.00747786
0.0003,true,0.0003264819836991537,0.00747312
0.0003,true,0.00032663860734208924,0.00742406
0.0003,true,0.0003267952309850248,0.00733192
0.0003,true,0.0003269518546279603,0.00719846
0.0003,true,0.0003271084782708959,0.00702589
0.0003,true,0.00032726510191383146,0.00681685
0.0003,true,0.0003273434137352993,0.00669958
0.0003,true,0.000327421725556767,0.00657435
0.0003,true,0.00032757834919970255,0.00630176
0.0003,true,0.0003277349728426381,0.00600274
0.0003,true,0.0003278915964855737,0.00568121
0.0003,true,0.0003280482201285092,0.00534129
0.0003,true,0.00032820484377144477,0.00498728
0.0003,true,0.0003283614674143803,0.00462359
0.0003,true,0.00032851809105731585,0.00425471
0.0003,true,0.0003286747147002514,0.00388516
0.0003,true,0.00032883133834318693,0.00351943
0.0003,true,0.00032890965016465476,0.0033394
0.0003,true,0.00032890965016465476,0.0033394
0.0003,true,0.0003289879619861225,0.00316198
0.0003,true,0.00032914458562905807,0.00281717
0.0003,true,0.0003293012092719936,0.00248923
0.0003,true,0.00032945783291492915,0.00218221
0.0003,true,0.0003296144565578647,0.00189997
0.0003,true,0.00032977108020080024,0.00164615
0.0003,true,0.00032992770384373583,0.00142413
0.0003,true,0.00033008432748667137,0.00123699
0.0003,true,0.0003302409511296069,0.00108751
0.0003,true,0.00033039757477254246,0.000978168
0.0003,true,0.0003304758865940103,0.000939218
0.0003,true,0.000330554198415478,0.000911066
0.0003,true,0.00033071082205841354,0.00088797
0.0003,true,0.0003308674457013491,0.00091027
0.0003,true,0.0003310240693442846,0.000978984
0.0003,true,0.0003311806929872202,0.00109474
0.0003,true,0.00033133731663015576,0.0012578
0.0003,true,0.0003314939402730913,0.001468
0.0003,true,0.00033165056391602684,0.00172485
0.0003,true,0.00033180718755896244,0.00202743
0.0003,true,0.000331963811201898,0.00237448
0.0003,true,0.00033204212302336575,0.00256419
0.0003,true,0.0003321204348448335,0.00276438
0.0003,true,0.00033227705848776906,0.00319515
0.0003,true,0.0003324336821307046,0.00366449
0.0003,true,0.00033257978325401606,0.00413477
0.0003,true,0.00033259030577364014,0.00416979
0.0003,true,0.0003327469294165757,0.00470814
0.0003,true,0.00033290355305951123,0.00527636
0.0003,true,0.00033306017670244677,0.00587104
0.0003,true,0.00033321680034538236,0.00648854
0.0003,true,0.0003333734239883179,0.00712503
0.0003,true,0.00033353004763125345,0.00777653
0.0003,true,0.00033360835945272127,0.00810662
0.0003,true,0.000333686671274189,0.0084389
0.0003,true,0.0003338432949171246,0.00910795
0.0003,true,0.0003339999185600601,0.00977938
0.0003,true,0.00033415654220299567,0.0104489
0.0003,true,0.0003343131658459312,0.0111122
0.0003,true,0.00033446978948886675,0.0117649
0.0003,true,0.0003346264131318023,0.012403
0.0003,true,0.00033478303677473783,0.0130222
0.0003,true,0.0003349396604176734,0.0136187
0.0003,true,0.00033509628406060897,0.0141886
0.0003,true,0.0003351745958820768,0.0144625
0.0003,true,0.0003352529077035445,0.0147283
0.0003,true,0.00033540953134648005,0.0152345
0.0003,true,0.0003355661549894156,0.015704
0.0003,true,0.00033572277863235114,0.016134
0.0003,true,0.00033587940227528673,0.0165218
0.0003,true,0.00033603602591822227,0.0168652
0.0003,true,0.0003361926495611578,0.0171623
0.0003,true,0.00033634927320409336,0.0174115
0.0003,true,0.0003365058968470289,0.0176115
0.0003,true,0.00033666252048996444,0.0177613
0.0003,true,0.00033674083231143226,0.0178173
0.0003,true,0.0003368191441329,0.0178605
0.0003,true,0.0003369757677758355,0.0179089
0.0003,true,0.0003371323914187711,0.0179065
0.0003,true,0.00033728901506170666,0.0178538
0.0003,true,0.0003374456387046422,0.0177517
0.0003,true,0.00033760226234757774,0.0176013
0.0003,true,0.0003377588859905133,0.0174039
0.0003,true,0.0003379155096334489,0.0171614
0.0003,true,0.0003380721332763844,0.0168757
0.0003,true,0.00033822875691931996,0.016549
0.0003,true,0.0003383070687407878,0.0163711
0.0003,true,0.0003383853805622555,0.0161839
0.0003,true,0.00033854200420519104,0.0157829
0.0003,true,0.0003386986278481266,0.0153489
0.0003,true,0.00033885525149106213,0.0148849
0.0003,true,0.00033901187513399767,0.014394
0.0003,true,0.00033916849877693326,0.0138795
0.0003,true,0.0003393251224198688,0.0133446
0.0003,true,0.00033948174606280435,0.0127927
0.0003,true,0.0003396383697057399,0.0122273
0.0003,true,0.00033979499334867543,0.0116516
0.0003,true,0.00033987330517014326,0.011361
0.0003,true,0.000339951616991611,0.0110691
0.0003,true,0.00034010824063454657,0.0104831
0.0003,true,0.0003402648642774821,0.00989678
0.0003,true,0.00034042148792041765,0.00931338
0.0003,true,0.0003405781115633532,0.00873595
0.0003,true,0.00034073473520628873,0.00816742
0.0003,true,0.0003408913588492243,0.00761059
0.0003,true,0.0003410479824921598,0.00706809
0.0003,true,0.0003412046061350954,0.00654239
0.0003,true,0.00034136122977803095,0.00603578
0.0003,true,0.0003414395415994988,0.00579028
0.0003,true,0.0003415178534209665,0.00555032
0.0003,true,0.00034167447706390204,0.00508791
0.0003,true,0.0003418311007068376,0.00465019
0.0003,true,0.0003419877243497732,0.00423862
0.0003,true,0.0003421443479927087,0.00385441
0.0003,true,0.00034230097163564426,0.00349854
0.0003,true,0.0003424575952785798,0.00317178
0.0003,true,0.00034261421892151534,0.00287464
0.0003,true,0.0003427708425644509,0.00260742
0.0003,true,0.0003429274662073864,0.00237019
0.0003,true,0.00034300577802885425,0.00226279
0.0003,true,0.00034308408985032196,0.0021628
0.0003,true,0.00034324071349325756,0.00198489
0.0003,true,0.0003433973371361931,0.00183587
0.0003,true,0.00034355396077912864,0.00171498
0.0003,true,0.0003437105844220642,0.00162125
0.0003,true,0.0003438672080649997,0.00155355
0.0003,true,0.0003440238317079353,0.00151057
0.0003,true,0.00034418045535087086,0.00149087
0.0003,true,0.0003443370789938064,0.00149287
0.0003,true,0.00034449370263674194,0.00151486
0.0003,true,0.0003445720144582097,0.00153279
0.0003,true,0.00034457201445820977,0.00153279
0.0003,true,0.0003446503262796775,0.00155504
0.0003,true,0.00034480694992261303,0.00161152
0.0003,true,0.00034496357356554857,0.00168237
0.0003,true,0.0003451201972084841,0.00176558
0.0003,true,0.00034527682085141965,0.00185913
0.0003,true,0.00034543344449435525,0.00196099
0.0003,true,0.0003455900681372908,0.00206914
0.0003,true,0.00034574669178022633,0.00218157
0.0003,true,0.0003459033154231619,0.00229633
0.001,fit,0.0007989597191359076,0.00561255
0.001,fit,0.0007992913586780719,0.00566005
0.001,fit,0.0007996231358802249,0.00571078
0.001,fit,0.0007999550507995078,0.00576475
0.001,fit,0.0008002871034930855,0.00582199
0.001,fit,0.0008006192940181466,0.0058825
0.001,fit,0.0008009516224319035,0.00594629
0.001,fit,0.000801284088791593,0.00601336
0.001,fit,0.0008016166931544735,0.0060837
0.001,fit,0.0008019494355778294,0.00615731
0.001,fit,0.000802282316118968,0.00623417
0.001,fit,0.0008026153348352207,0.00631426
0.001,fit,0.0008029484917839422,0.00639756
0.001,fit,0.0008032817870225116,0.00648405
0.001,fit,0.0008036152206083313,0.00657368
0.001,fit,0.0008039487925988288,0.00666642
0.001,fit,0.0008042825030514526,0.00676221
0.001,fit,0.0008046163520236776,0.00686102
0.001,fit,0.0008049503395730019,0.00696278
0.001,fit,0.0008052844657569473,0.00706743
0.001,fit,0.0008056187306330596,0.0071749
0.001,fit,0.0008059531342589082,0.00728511
0.001,fit,0.000806287676692087,0.00739799
0.001,fit,0.0008066223579902139,0.00751344
0.001,fit,0.0008069571782109287,0.00763138
0.001,fit,0.0008072921374118975,0.0077517
0.001,fit,0.0008076272356508096,0.0078743
0.001,fit,0.000807962472985378,0.00799907
0.001,fit,0.0008082978494733399,0.00812589
0.001,fit,0.0008086333651724562,0.00825463
0.001,fit,0.000808969020140513,0.00838517
0.001,fit,0.0008093048144353175,0.00851738
0.001,fit,0.0008096407481147038,0.00865111
0.001,fit,0.0008099768212365286,0.00878621
0.001,fit,0.0008103130338586731,0.00892254
0.001,fit,0.0008106493860390425,0.00905994
0.001,fit,0.0008109858778355657,0.00919825
0.001,fit,0.000811322509306196,0.0093373
0.001,fit,0.0008116592805089114,0.00947692
0.001,fit,0.0008119961915017115,0.00961694
0.001,fit,0.0008123332423426225,0.00975718
0.001,fit,0.0008126704330896938,0.00989744
0.001,fit,0.000813007763800999,0.0100376
0.001,fit,0.0008133452345346357,0.0101773
0.001,fit,0.0008136828453487257,0.0103166
0.001,fit,0.0008140205963014148,0.0104551
0.001,fit,0.0008143584874508739,0.0105927
0.001,fit,0.0008146965188552955,0.0107291
0.001,fit,0.0008150346905728987,0.0108643
0.001,fit,0.0008153730026619261,0.0109979
0.001,fit,0.0008157114551806444,0.0111297
0.001,fit,0.0008160500481873441,0.0112597
0.001,fit,0.0008163887817403407,0.0113875
0.001,fit,0.000816727655897973,0.011513
0.001,fit,0.0008170666707186057,0.0116359
0.001,fit,0.0008174058262606246,0.0117561
0.001,fit,0.0008177451225824425,0.0118733
0.001,fit,0.0008180845597424957,0.0119875
0.001,fit,0.0008184241377992443,0.0120983
0.001,fit,0.0008187638568111734,0.0122056
0.001,fit,0.0008191037168367917,0.0123091
0.001,fit,0.0008194437179346334,0.0124089
0.001,fit,0.0008197838601632542,0.0125045
0.001,fit,0.0008201241435812372,0.012596
0.001,fit,0.0008204645682471882,0.012683
0.001,fit,0.0008208051342197378,0.0127655
0.001,fit,0.0008211458415575409,0.0128433
0.001,fit,0.0008214866903192767,0.0129163
0.001,fit,0.0008218276805636487,0.0129842
0.001,fit,0.0008221688123493856,0.0130471
0.001,fit,0.0008225100857352382,0.0131047
0.001,fit,0.0008228515007799839,0.0131569
0.001,fit,0.0008231930575424236,0.0132037
0.001,fit,0.0008235347560813831,0.0132449
0.001,fit,0.000823876596455712,0.0132805
0.001,fit,0.0008242185787242849,0.0133104
0.001,fit,0.0008245607029460005,0.0133344
0.001,fit,0.0008249029691797826,0.0133527
0.001,fit,0.0008252453774845775,0.013365
0.001,fit,0.0008255879279193581,0.0133714
0.001,fit,0.000825930620543121,0.0133719
0.001,fit,0.0008262734554148873,0.0133665
0.001,fit,0.0008266164325937026,0.013355
0.001,fit,0.0008269595521386369,0.0133377
0.001,fit,0.0008273028141087852,0.0133144
0.001,fit,0.0008276462185632671,0.0132852
0.001,fit,0.0008279897655612249,0.0132503
0.001,fit,0.0008283334551618276,0.0132095
0.001,fit,0.000828677287424268,0.0131631
0.001,fit,0.0008290212624077635,0.0131111
0.001,fit,0.000829365380171556,0.0130535
0.001,fit,0.0008297096407749122,0.0129906
0.001,fit,0.000830054044277124,0.0129224
0.001,fit,0.0008303985907375054,0.0128492
0.001,fit,0.0008307432802153979,0.0127709
0.001,fit,0.0008310881127701663,0.0126878
0.001,fit,0.0008314330884612003,0.0126001
0.001,fit,0.0008317782073479143,0.012508
0.001,fit,0.0008321234694897473,0.0124117
0.001,fit,0.0008324688749461627,0.0123113
0.001,fit,0.00083281442377665,0.0122071
0.001,fit,0.0008331601160407203,0.0120994
0.001,fit,0.0008335059517979123,0.0119884
0.001,fit,0.0008338519311077885,0.0118744
0.001,fit,0.0008341980540299359,0.0117576
0.001,fit,0.0008345443206239664,0.0116383
0.001,fit,0.0008348907309495169,0.0115168
0.001,fit,0.0008352372850662485,0.0113935
0.001,fit,0.0008355839830338483,0.0112686
0.001,fit,0.0008359308249120258,0.0111425
0.001,fit,0.0008362778107605172,0.0110155
0.001,fit,0.0008366249406390831,0.0108879
0.001,fit,0.000836972214607509,0.0107602
0.001,fit,0.000837319632725605,0.0106326
0.001,fit,0.000837667195053206,0.0105056
0.001,fit,0.0008380149016501726,0.0103795
0.001,fit,0.0008383627525763878,0.0102548
0.001,fit,0.0008387107478917621,0.0101317
0.001,fit,0.0008390588876562296,0.0100108
0.001,fit,0.0008394071719297499,0.0098924
0.001,fit,0.0008397556007723069,0.00977695
0.001,fit,0.0008401041742439097,0.00966487
0.001,fit,0.0008404528924045923,0.00955657
0.001,fit,0.0008408017553144144,0.00945248
0.001,fit,0.0008411507630334581,0.00935304
0.001,fit,0.0008414999156218329,0.00925867
0.001,fit,0.0008418492131396727,0.00916983
0.001,fit,0.0008421986556471359,0.00908694
0.001,fit,0.0008425482432044064,0.00901044
0.001,fit,0.0008428979758716926,0.00894078
0.001,fit,0.0008432478537092281,0.00887839
0.001,fit,0.0008435978767772725,0.00882372
0.001,fit,0.0008439480451361076,0.00877719
0.001,fit,0.0008442983588460429,0.00873924
0.001,fit,0.0008446488179674122,0.0087103
0.001,fit,0.0008449994225605739,0.0086908
0.001,fit,0.000845350172685912,0.00868115
0.001,fit,0.0008457010684038355,0.00868179
0.001,fit,0.0008460521097747779,0.0086931
0.001,fit,0.0008464032968591994,0.0087155
0.001,fit,0.0008467546297175821,0.00874937
0.001,fit,0.0008471061084104364,0.0087951
0.001,fit,0.0008474577329982962,0.00885307
0.001,fit,0.0008478095035417213,0.00892364
0.001,fit,0.0008481614201012959,0.00900714
0.001,fit,0.0008485134827376301,0.00910394
0.001,fit,0.0008488656915113587,0.00921434
0.001,fit,0.0008492180464831424,0.00933865
0.001,fit,0.0008495705477136649,0.00947717
0.001,fit,0.0008499231952636374,0.00963018
0.001,fit,0.0008502759891937956,0.00979792
0.001,fit,0.0008506289295649003,0.00998065
0.001,fit,0.0008509820164377375,0.0101786
0.001,fit,0.0008513352498731186,0.0103919
0.001,fit,0.0008516886299318808,0.0106208
0.001,fit,0.0008520421566748843,0.0108654
0.001,fit,0.000852395830163017,0.0111259
0.001,fit,0.0008527496504571912,0.0114023
0.001,fit,0.0008531036176183445,0.0116948
0.001,fit,0.0008534577317074398,0.0120034
0.001,fit,0.0008538119927854653,0.0123281
0.001,fit,0.0008541664009134345,0.012669
0.001,fit,0.0008545209561523871,0.0130259
0.001,fit,0.0008548756585633855,0.0133989
0.001,fit,0.0008552305082075202,0.0137878
0.001,fit,0.0008555855051459061,0.0141925
0.001,fit,0.0008559406494396834,0.0146129
0.001,fit,0.0008562959411500176,0.0150487
0.001,fit,0.0008566513803380999,0.0154999
0.001,fit,0.0008570069670651466,0.015966
0.001,fit,0.0008573627013924005,0.0164469
0.001,fit,0.0008577185833811271,0.0169422
0.001,fit,0.0008580746130926199,0.0174515
0.001,fit,0.000858430790588197,0.0179745
0.001,fit,0.0008587871159292021,0.0185108
0.001,fit,0.0008591435891770041,0.0190598
0.001,fit,0.0008595002103929975,0.0196211
0.001,fit,0.0008598569796386033,0.0201942
0.001,fit,0.0008602138969752652,0.0207785
0.001,fit,0.000860570962464455,0.0213733
0.001,fit,0.0008609281761676693,0.0219782
0.001,fit,0.0008612855381464301,0.0225924
0.001,fit,0.000861643048462285,0.0232152
0.001,fit,0.000862000707176807,0.0238459
0.001,fit,0.000862358514351595,0.0244837
0.001,fit,0.000862716470048274,0.0251279
0.001,fit,0.000863074574328492,0.0257776
0.001,fit,0.0008634328272539255,0.0264319
0.001,fit,0.0008637912288862754,0.0270901
0.001,fit,0.0008641497792872683,0.0277512
0.001,fit,0.0008645084785186565,0.0284143
0.001,fit,0.0008648673266422179,0.0290784
0.001,fit,0.000865226323719756,0.0297426
0.001,fit,0.000865585469813101,0.0304059
0.001,fit,0.0008659447649841057,0.0310672
0.001,fit,0.0008663042092946518,0.0317256
0.001,fit,0.0008666638028066453,0.03238
0.001,fit,0.0008670235455820183,0.0330294
0.001,fit,0.0008673834376827283,0.0336727
0.001,fit,0.0008677434791707585,0.0343088
0.001,fit,0.0008681036701081184,0.0349367
0.001,fit,0.0008684640105568432,0.0355552
0.001,fit,0.0008688245005789919,0.0361634
0.001,fit,0.0008691851402366517,0.03676
0.001,fit,0.0008695459295919346,0.0373442
0.001,fit,0.0008699068687069786,0.0379146
0.001,fit,0.0008702679576439472,0.0384704
0.001,fit,0.0008706291964650299,0.0390104
0.001,fit,0.000870990585232443,0.0395336
0.001,fit,0.0008713521240084257,0.040039
0.001,fit,0.0008717138128552459,0.0405256
0.001,fit,0.0008720756518351963,0.0409922
0.001,fit,0.0008724376410105956,0.0414381
0.001,fit,0.0008727997804437882,0.0418622
0.001,fit,0.0008731620701971447,0.0422635
0.001,fit,0.0008735245103330612,0.0426413
0.001,fit,0.0008738871009139607,0.0429946
0.001,fit,0.0008742498420022896,0.0433226
0.001,fit,0.0008746127336605229,0.0436245
0.001,fit,0.0008749757759511605,0.0438994
0.001,fit,0.0008753389689367282,0.0441468
0.001,fit,0.0008757023126797778,0.0443659
0.001,fit,0.0008760658072428872,0.044556
0.001,fit,0.0008764294526886602,0.0447165
0.001,fit,0.0008767932490797273,0.0448469
0.001,fit,0.0008771571964787426,0.0449467
0.001,fit,0.0008775212949483889,0.0450153
0.001,fit,0.0008778855445513736,0.0450524
0.001,fit,0.0008782499453504309,0.0450576
0.001,fit,0.0008786144974083204,0.0450305
0.001,fit,0.0008789792007878281,0.0449709
0.001,fit,0.0008793440555517659,0.0448786
0.001,fit,0.0008797090617629729,0.0447534
0.001,fit,0.0008800742194843113,0.0445952
0.001,fit,0.0008804395287786722,0.044404
0.001,fit,0.0008808049897089721,0.0441797
0.001,fit,0.0008811706023381532,0.0439224
0.001,fit,0.0008815363667291842,0.0436323
0.001,fit,0.0008819022829450598,0.0433094
0.001,fit,0.0008822683510488018,0.042954
0.001,fit,0.0008826345711034552,0.0425665
0.001,fit,0.0008830009431720942,0.0421471
0.001,fit,0.0008833674673178183,0.0416963
0.001,fit,0.0008837341436037529,0.0412144
0.001,fit,0.0008841009720930498,0.0407021
0.001,fit,0.0008844679528488869,0.0401599
0.001,fit,0.0008848350859344686,0.0395885
0.001,fit,0.000885202371413026,0.0389885
0.001,fit,0.000885569809347814,0.0383606
0.001,fit,0.0008859373998021166,0.0377057
0.001,fit,0.0008863051428392428,0.0370246
0.001,fit,0.0008866730385225283,0.0363182
0.001,fit,0.0008870410869153347,0.0355876
0.001,fit,0.0008874092880810501,0.0348336
0.001,fit,0.0008877776420830889,0.0340574
0.001,fit,0.0008881461489848928,0.0332602
0.001,fit,0.0008885148088499269,0.032443
0.001,fit,0.0008888836217416855,0.0316071
0.001,fit,0.0008892525877236884,0.0307537
0.001,fit,0.0008896217068594817,0.0298842
0.001,fit,0.0008899909792126378,0.029
0.001,fit,0.0008903604048467557,0.0281024
0.001,fit,0.0008907299838254606,0.027193
0.001,fit,0.000891099716212405,0.0262731
0.001,fit,0.0008914696020712653,0.0253443
0.001,fit,0.000891839641465747,0.0244082
0.001,fit,0.000892209834459581,0.0234665
0.001,fit,0.0008925801811165247,0.0225206
0.001,fit,0.000892950681500362,0.0215724
0.001,fit,0.0008933213356749032,0.0206236
0.001,fit,0.0008936921437039863,0.0196758
0.001,fit,0.0008940631056514727,0.0187309
0.001,fit,0.0008944342215812531,0.0177905
0.001,fit,0.000894805491557244,0.0168567
0.001,fit,0.0008951769156433882,0.0159311
0.001,fit,0.0008955484939036553,0.0150156
0.001,fit,0.0008959202264020412,0.0141121
0.001,fit,0.0008962921132025687,0.0132225
0.001,fit,0.0008966641543692875,0.0123486
0.001,fit,0.0008970363499662717,0.0114924
0.001,fit,0.0008974087000576246,0.0106557
0.001,fit,0.0008977812047074751,0.00984043
0.001,fit,0.0008981538639799787,0.00904851
0.001,fit,0.0008985266779393176,0.0082818
0.001,fit,0.0008988996466497008,0.00754219
0.001,fit,0.0008992727701753636,0.00683153
0.001,fit,0.0008996460485805691,0.00615166
0.001,fit,0.0009000194819296044,0.0055044
0.001,fit,0.0009003930702867857,0.00489156
0.001,fit,0.0009007668137164553,0.0043149
0.001,fit,0.0009011407122829823,0.00377615
0.001,fit,0.0009015147660507622,0.00327702
0.001,fit,0.0009018889750842172,0.00281915
0.001,fit,0.0009022633394477967,0.00240415
0.001,fit,0.0009026378592059774,0.00203358
0.001,fit,0.0009030125344232599,0.00170896
0.001,fit,0.0009033873651641746,0.00143171
0.001,fit,0.0009037623514932777,0.00120322
0.001,fit,0.0009041374934751522,0.00102482
0.001,fit,0.0009045127911744079,0.000897727
0.001,fit,0.0009048882446556813,0.000823125
0.001,fit,0.0009052638539836369,0.000802093
0.001,fit,0.0009056396192229629,0.000835633
0.001,fit,0.0009060155404383777,0.000924657
0.001,fit,0.0009063916176946249,0.00106998
0.001,fit,0.0009067678510564756,0.00127233
0.001,fit,0.0009071442405887275,0.00153233
0.001,fit,0.0009075207863562052,0.00185048
0.001,fit,0.0009078974884237603,0.00222721
0.001,fit,0.0009082743468562722,0.00266281
0.001,fit,0.0009086513617186444,0.00315745
0.001,fit,0.0009090285330758103,0.00371121
0.001,fit,0.000909405860992729,0.00432403
0.001,fit,0.0009097833455343869,0.00499574
0.001,fit,0.0009101609867657971,0.00572602
0.001,fit,0.000910538784752,0.00651446
0.001,fit,0.0009109167395580628,0.00736048
0.001,fit,0.0009112948512490807,0.00826341
0.001,fit,0.0009116731198901728,0.00922242
0.001,fit,0.0009120515455464885,0.0102366
0.001,fit,0.0009124301282832032,0.0113048
0.001,fit,0.0009128088681655192,0.0124258
0.001,fit,0.0009131877652586659,0.0135983
0.001,fit,0.0009135668196278998,0.0148208
0.001,fit,0.0009139460313385047,0.0160918
0.001,fit,0.000914325400455792,0.0174093
0.001,fit,0.0009147049270450977,0.0187717
0.001,fit,0.0009150846111717878,0.0201769
0.001,fit,0.0009154644529012542,0.0216228
0.001,fit,0.0009158444522989162,0.0231072
0.001,fit,0.0009162246094302201,0.0246277
0.001,fit,0.0009166049243606396,0.0261819
0.001,fit,0.0009169853971556761,0.0277671
0.001,fit,0.0009173660278808557,0.0293809
0.001,fit,0.0009177468166017346,0.0310203
0.001,fit,0.0009181277633838949,0.0326825
0.001,fit,0.0009185088682929462,0.0343646
0.001,fit,0.0009188901313945253,0.0360636
0.001,fit,0.0009192715527542962,0.0377763
0.001,fit,0.00091965313243795,0.0394995
0.001,fit,0.0009200348705112064,0.0412302
0.001,fit,0.0009204167670398092,0.0429648
0.001,fit,0.0009207988220895326,0.0447002
0.001,fit,0.0009211810357261768,0.0464329
0.001,fit,0.0009215634080155696,0.0481595
0.001,fit,0.0009219459390235661,0.0498766
0.001,fit,0.0009223286288160486,0.0515807
0.001,fit,0.0009227114774589269,0.0532683
0.001,fit,0.0009230944850181389,0.0549359
0.001,fit,0.0009234776515596472,0.0565802
0.001,fit,0.0009238609771494447,0.0581975
0.001,fit,0.0009242444618535505,0.0597845
0.001,fit,0.0009246281057380113,0.0613378
0.001,fit,0.000925011908868901,0.0628539
0.001,fit,0.0009253958713123213,0.0643296
0.001,fit,0.0009257799931344009,0.0657615
0.001,fit,0.0009261642744012973,0.0671464
0.001,fit,0.0009265487151791923,0.0684812
0.001,fit,0.0009269333155342981,0.0697627
0.001,fit,0.0009273180755328535,0.0709879
0.001,fit,0.000927702995241125,0.072154
0.001,fit,0.000928088074725406,0.073258
0.001,fit,0.0009284733140520181,0.0742973
0.001,fit,0.0009288587132873108,0.0752692
0.001,fit,0.0009292442724976588,0.0761712
0.001,fit,0.0009296299917494669,0.077001
0.001,fit,0.0009300158711091666,0.0777561
0.001,fit,0.0009304019106432168,0.0784346
0.001,fit,0.0009307881104181043,0.0790344
0.001,fit,0.0009311744705003434,0.0795536
0.001,fit,0.0009315609909564757,0.0799906
0.001,fit,0.0009319476718530719,0.0803437
0.001,fit,0.000932334513256727,0.0806116
0.001,fit,0.0009327215152340667,0.080793
0.001,fit,0.0009331086778517436,0.0808868
0.001,fit,0.0009334960011764376,0.0808921
0.001,fit,0.0009338834852748564,0.0808082
0.001,fit,0.0009342711302137355,0.0806345
0.001,fit,0.0009346589360598381,0.0803706
0.001,fit,0.0009350469028799559,0.0800163
0.001,fit,0.0009354350307409057,0.0795716
0.001,fit,0.0009358233197095347,0.0790367
0.001,fit,0.0009362117698527168,0.0784119
0.001,fit,0.0009366003812373541,0.0776978
0.001,fit,0.0009369891539303759,0.0768952
0.001,fit,0.0009373780879987397,0.0760049
0.001,fit,0.0009377671835094317,0.0750282
0.001,fit,0.0009381564405294628,0.0739664
0.001,fit,0.0009385458591258749,0.0728211
0.001,fit,0.0009389354393657364,0.071594
0.001,fit,0.0009393251813161439,0.0702871
0.001,fit,0.0009397150850442217,0.0689027
0.001,fit,0.000940105150617122,0.067443
0.001,fit,0.0009404953781020246,0.0659108
0.001,fit,0.0009408857675661386,0.0643089
0.001,fit,0.0009412763190766978,0.0626402
0.001,fit,0.000941667032700967,0.0609081
0.001,fit,0.0009420579085062377,0.059116
0.001,fit,0.0009424489465598297,0.0572676
0.001,fit,0.0009428401469290903,0.0553667
0.001,fit,0.0009432315096813951,0.0534176
0.001,fit,0.0009436230348841474,0.0514245
0.001,fit,0.0009440147226047798,0.0493919
0.001,fit,0.0009444065729107496,0.0473246
0.001,fit,0.0009447985858695453,0.0452275
0.001,fit,0.0009451907615486823,0.0431059
0.001,fit,0.0009455831000157041,0.040965
0.001,fit,0.0009459756013381821,0.0388104
0.001,fit,0.0009463682655837159,0.0366478
0.001,fit,0.000946761092819933,0.0344833
0.001,fit,0.0009471540831144902,0.032323
0.001,fit,0.0009475472365350692,0.0301731
0.001,fit,0.0009479405531493828,0.0280403
0.001,fit,0.000948334033025171,0.0259311
0.001,fit,0.0009487276762302021,0.0238525
0.001,fit,0.0009491214828322718,0.0218114
0.001,fit,0.0009495154528992049,0.019815
0.001,fit,0.0009499095864988537,0.0178707
0.001,fit,0.0009503038836990998,0.0159858
0.001,fit,0.0009506983445678501,0.014168
0.001,fit,0.0009510929691730428,0.012425
0.001,fit,0.0009514877575826429,0.0107646
0.001,fit,0.0009518827098646439,0.00919467
0.001,fit,0.0009522778260870675,0.00772326
0.001,fit,0.0009526731063179636,0.00635843
0.001,fit,0.0009530685506254113,0.00510833
0.001,fit,0.0009534641590775149,0.00398116
0.001,fit,0.0009538599317424104,0.00298515
0.001,fit,0.0009542558686882605,0.00212854
0.001,fit,0.0009546519699832564,0.00141962
0.001,fit,0.0009550482356956179,0.000866617
0.001,fit,0.0009554446658935926,0.00047778
0.001,fit,0.000955841260645457,0.000261296
0.001,fit,0.0009562380200195162,0.000225302
0.001,fit,0.0009566349440841015,0.000377858
0.001,fit,0.000957032032907575,0.000726937
0.001,fit,0.0009574292865583264,0.0012804
0.001,fit,0.0009578267051047737,0.00204598
0.001,fit,0.0009582242886153631,0.00303126
0.001,fit,0.0009586220371585697,0.00424368
0.001,fit,0.0009590199508028968,0.00569047
0.001,fit,0.0009594180296168768,0.00737866
0.001,fit,0.0009598162736690681,0.00931509
0.001,fit,0.0009602146830280603,0.0115063
0.001,fit,0.0009606132577624701,0.0139587
0.001,fit,0.0009610119979409435,0.0166782
0.001,fit,0.0009614109036321543,0.0196707
0.001,fit,0.0009618099749048052,0.0229415
0.001,fit,0.000962209211827628,0.0264958
0.001,fit,0.0009626086144693806,0.0303383
0.001,fit,0.000963008182898852,0.0344735
0.001,fit,0.0009634079171848589,0.0389054
0.001,fit,0.0009638078173962465,0.0436375
0.001,fit,0.0009642078836018886,0.0486731
0.001,fit,0.0009646081158706879,0.0540151
0.001,fit,0.000965008514271575,0.0596657
0.001,fit,0.0009654090788735109,0.065627
0.001,fit,0.0009658098097454817,0.0719003
0.001,fit,0.0009662107069565052,0.0784868
0.001,fit,0.0009666117705756271,0.0853868
0.001,fit,0.0009670130006719216,0.0926005
0.001,fit,0.0009674143973144915,0.100128
0.001,fit,0.0009678159605724684,0.107967
0.001,fit,0.0009682176905150125,0.116117
0.001,fit,0.0009686195872113139,0.124576
0.001,fit,0.000969021650730588,0.133342
0.001,fit,0.0009694238811420825,0.142411
0.001,fit,0.0009698262785150725,0.151781
0.001,fit,0.0009702288429188618,0.161447
0.001,fit,0.0009706315744227831,0.171405
0.001,fit,0.000971034473096198,0.18165
0.001,fit,0.0009714375390084966,0.192176
0.001,fit,0.000971840772229099,0.202979
0.001,fit,0.0009722441728274512,0.214051
0.001,fit,0.0009726477408730306,0.225386
0.001,fit,0.000973051476435343,0.236976
0.001,fit,0.0009734553795839226,0.248814
0.001,fit,0.0009738594503883327,0.260892
0.001,fit,0.0009742636889181655,0.273202
0.001,fit,0.000974668095243042,0.285734
0.001,fit,0.0009750726694326131,0.298479
0.001,fit,0.0009754774115565555,0.311428
0.001,fit,0.0009758823216845781,0.32457
0.001,fit,0.0009762873998864175,0.337896
0.001,fit,0.0009766926462318394,0.351395
0.001,fit,0.0009770980607906382,0.365055
0.001,fit,0.0009775036436326376,0.378865
0.001,fit,0.0009779093948276913,0.392815
0.001,fit,0.0009783153144456785,0.406891
0.001,fit,0.0009787214025565108,0.421083
0.001,fit,0.000979127659230128,0.435377
0.001,fit,0.0009795340845364985,0.449762
0.001,fit,0.0009799406785456198,0.464225
0.001,fit,0.000980347441327519,0.478753
0.001,fit,0.0009807543729522515,0.493333
0.001,fit,0.000981161473489903,0.507952
0.001,fit,0.000981568743010586,0.522597
0.001,fit,0.0009819761815844442,0.537254
0.001,fit,0.0009823837892816495,0.551909
0.001,fit,0.0009827915661724037,0.566551
0.001,fit,0.0009831995123269367,0.581164
0.001,fit,0.0009836076278155084,0.595735
0.001,fit,0.0009840159127084073,0.610251
0.001,fit,0.0009844243670759526,0.624697
0.001,fit,0.0009848329909884891,0.63906
0.001,fit,0.0009852417845163943,0.653327
0.001,fit,0.0009856507477300736,0.667484
0.001,fit,0.0009860598806999618,0.681516
0.001,fit,0.000986469183496523,0.695411
0.001,fit,0.0009868786561902498,0.709155
0.001,fit,0.0009872882988516663,0.722733
0.001,fit,0.0009876981115513222,0.736134
0.001,fit,0.0009881080943597992,0.749342
0.001,fit,0.000988518247347708,0.762346
0.001,fit,0.0009889285705856879,0.775132
0.001,fit,0.0009893390641444082,0.787686
0.001,fit,0.000989749728094567,0.799997
0.001,fit,0.0009901605625068919,0.81205
0.001,fit,0.000990571567452141,0.823834
0.001,fit,0.0009909827430010986,0.835336
0.001,fit,0.0009913940892245818,0.846543
0.001,fit,0.0009918056061934352,0.857444
0.001,fit,0.0009922172939785337,0.868027
0.001,fit,0.000992629152650781,0.878279
0.001,fit,0.000993041182281111,0.888189
0.001,fit,0.000993453382940486,0.897746
0.001,fit,0.0009938657546998998,0.90694
0.001,fit,0.0009942782976303719,0.915758
0.001,fit,0.0009946910118029545,0.92419
0.001,fit,0.0009951038972887283,0.932227
0.001,fit,0.000995516954158804,0.939859
0.001,fit,0.000995930182484321,0.947074
0.001,fit,0.0009963435823364484,0.953865
0.001,fit,0.0009967571537863856,0.960223
0.001,fit,0.0009971708969053615,0.966137
0.001,fit,0.0009975848117646324,0.971601
0.001,fit,0.0009979988984354868,0.976607
0.001,fit,0.0009984131569892416,0.981146
0.001,fit,0.0009988275874972437,0.985212
0.001,fit,0.0009992421900308693,0.988798
0.001,fit,0.0009996569646615247,0.991898
0.001,fit,0.0010000719114606463,0.994506
0.001,fit,0.0010004870304996972,0.996617
0.001,fit,0.0010009023218501736,0.998226
0.001,fit,0.0010013177855836002,0.999328
0.001,fit,0.001001733421771531,0.999921
0.001,fit,0.00100214923048555,1
0.001,fit,0.001002565211797271,0.999564
0.001,fit,0.0010029813657783378,0.998609
0.001,fit,0.001003397692500424,0.997136
0.001,fit,0.001003814192035231,0.995142
0.001,fit,0.0010042308644544922,0.992628
0.001,fit,0.00100464770982997,0.989594
0.001,fit,0.001005064728233457,0.986042
0.001,fit,0.001005481919736775,0.981972
0.001,fit,0.0010058992844117758,0.977389
0.001,fit,0.0010063168223303413,0.972294
0.001,fit,0.001006734533564384,0.966691
0.001,fit,0.0010071524181858432,0.960586
0.001,fit,0.0010075704762666912,0.953983
0.001,fit,0.0010079887078789291,0.946889
0.001,fit,0.001008407113094588,0.93931
0.001,fit,0.0010088256919857284,0.931253
0.001,fit,0.0010092444446244417,0.922728
0.001,fit,0.001009663371082848,0.913742
0.001,fit,0.0010100824714330998,0.904306
0.001,fit,0.0010105017457473751,0.894429
0.001,fit,0.0010109211940978855,0.884122
0.001,fit,0.0010113408165568717,0.873398
0.001,fit,0.0010117606131966044,0.862269
0.001,fit,0.001012180584089384,0.850747
0.001,fit,0.0010126007293075408,0.838846
0.001,fit,0.001013021048923437,0.826581
0.001,fit,0.0010134415430094604,0.813966
0.001,fit,0.0010138622116380334,0.801016
0.001,fit,0.0010142830548816064,0.787748
0.001,fit,0.0010147040728126602,0.774177
0.001,fit,0.0010151252655037058,0.76032
0.001,fit,0.001015546633027284,0.746195
0.001,fit,0.0010159681754559659,0.731819
0.001,fit,0.001016389892862354,0.71721
0.001,fit,0.0010168117853190774,0.702387
0.001,fit,0.0010172338528987987,0.687367
0.001,fit,0.0010176560956742095,0.67217
0.001,fit,0.0010180785137180316,0.656815
0.001,fit,0.0010185011071030172,0.641319
0.001,fit,0.0010189238759019483,0.625704
0.001,fit,0.0010193468201876374,0.609987
0.001,fit,0.0010197699400329285,0.594189
0.001,fit,0.0010201932355106919,0.578327
0.001,fit,0.0010206167066938322,0.562422
0.001,fit,0.0010210403536552825,0.546492
0.001,fit,0.0010214641764680066,0.530557
0.001,fit,0.0010218881752049986,0.514634
0.001,fit,0.0010223123499392825,0.498743
0.001,fit,0.0010227367007439143,0.482901
0.001,fit,0.0010231612276919762,0.467126
0.001,fit,0.0010235859308565852,0.451436
0.001,fit,0.0010240108103108862,0.435847
0.001,fit,0.0010244358661280558,0.420377
0.001,fit,0.0010248610983812998,0.405042
0.001,fit,0.0010252865071438552,0.389857
0.001,fit,0.0010257120924889887,0.374838
0.001,fit,0.0010261378544899995,0.36
0.001,fit,0.0010265637932202131,0.345356
0.001,fit,0.0010269899087529887,0.330921
0.001,fit,0.0010274162011617157,0.316707
0.001,fit,0.0010278426705198128,0.302728
0.001,fit,0.0010282693169007303,0.288994
0.001,fit,0.0010286961403779481,0.275518
0.001,fit,0.001029123141024977,0.26231
0.001,fit,0.0010295503189153594,0.24938
0.001,fit,0.001029977674122665,0.236738
0.001,fit,0.0010304052067204974,0.224391
0.001,fit,0.001030832916782489,0.212349
0.001,fit,0.0010312608043823036,0.200619
0.001,fit,0.0010316888695936352,0.189207
0.001,fit,0.0010321171124902083,0.17812
0.001,fit,0.0010325455331457781,0.167363
0.001,fit,0.0010329741316341319,0.156942
0.001,fit,0.0010334029080290835,0.14686
0.001,fit,0.0010338318624044814,0.13712
0.001,fit,0.0010342609948342033,0.127727
0.001,fit,0.0010346903053921575,0.118683
0.001,fit,0.0010351197941522831,0.109989
0.001,fit,0.0010355494611885502,0.101646
0.001,fit,0.001035979306574959,0.0936561
0.001,fit,0.001036409330385542,0.0860184
0.001,fit,0.0010368395326943586,0.0787328
0.001,fit,0.001037269913575503,0.0717982
0.001,fit,0.0010377004731030985,0.0652133
0.001,fit,0.0010381312113512992,0.0589761
0.001,fit,0.0010385621283942902,0.0530842
0.001,fit,0.0010389932243062873,0.0475346
0.001,fit,0.0010394244991615382,0.0423241
0.001,fit,0.001039855953034318,0.0374487
0.001,fit,0.001040287585998936,0.0329042
0.001,fit,0.0010407193981297317,0.0286861
0.001,fit,0.0010411513895010745,0.0247892
0.001,fit,0.0010415835601873655,0.0212082
0.001,fit,0.0010420159102630363,0.0179373
0.001,fit,0.0010424484398025497,0.0149703
0.001,fit,0.0010428811488804,0.0123007
0.001,fit,0.0010433140375711095,0.00992194
0.001,fit,0.0010437471059492349,0.00782676
0.001,fit,0.0010441803540893622,0.00600783
0.001,fit,0.001044613782066109,0.00445753
0.001,fit,0.001045047389954123,0.00316796
0.001,fit,0.0010454811778280839,0.00213097
0.001,fit,0.0010459151457627017,0.00133821
0.001,fit,0.0010463492938327188,0.000781113
0.001,fit,0.0010467836221129054,0.000450901
0.001,fit,0.0010472181306780657,0.000338629
0.001,fit,0.0010476528196030341,0.000435186
0.001,fit,0.0010480876889626758,0.000731309
0.001,fit,0.0010485227388318877,0.0012176
0.001,fit,0.0010489579692855972,0.00188455
0.001,fit,0.0010493933803987637,0.00272254
0.001,fit,0.0010498289722463755,0.00372186
0.001,fit,0.001050264744903454,0.00487275
0.001,fit,0.0010507006984450515,0.00616536
0.001,fit,0.0010511368329462513,0.00758984
0.001,fit,0.0010515731484821674,0.00913628
0.001,fit,0.0010520096451279459,0.0107948
0.001,fit,0.001052446322958763,0.0125555
0.001,fit,0.0010528831820498282,0.0144086
0.001,fit,0.0010533202224763784,0.0163441
0.001,fit,0.0010537574443136848,0.0183524
0.001,fit,0.0010541948476370494,0.0204238
0.001,fit,0.0010546324325218046,0.0225488
0.001,fit,0.0010550701990433152,0.0247177
0.001,fit,0.0010555081472769763,0.0269214
0.001,fit,0.0010559462772982147,0.0291505
0.001,fit,0.0010563845891824893,0.0313962
0.001,fit,0.001056823083005288,0.0336495
0.001,fit,0.0010572617588421318,0.0359017
0.001,fit,0.0010577006167685732,0.0381445
0.001,fit,0.0010581396568601956,0.0403696
0.001,fit,0.0010585788791926136,0.0425691
0.001,fit,0.0010590182838414737,0.0447352
0.001,fit,0.0010594578708824532,0.0468605
0.001,fit,0.0010598976403912623,0.0489379
0.001,fit,0.0010603375924436392,0.0509605
0.001,fit,0.001060777727115357,0.0529218
0.001,fit,0.001061218044482219,0.0548155
0.001,fit,0.0010616585446200596,0.0566359
0.001,fit,0.0010620992276047455,0.0583773
0.001,fit,0.0010625400935121742,0.0600346
0.001,fit,0.001062981142418275,0.061603
0.001,fit,0.00106342237439901,0.0630782
0.001,fit,0.001063863789530369,0.0644559
0.001,fit,0.001064305387888377,0.0657327
0.001,fit,0.0010647471695490896,0.0669052
0.001,fit,0.0010651891345885935,0.0679705
0.001,fit,0.0010656312830830076,0.0689262
0.001,fit,0.0010660736151084816,0.0697701
0.001,fit,0.0010665161307411987,0.0705007
0.001,fit,0.0010669588300573699,0.0711165
0.001,fit,0.0010674017131332414,0.0716167
0.001,fit,0.0010678447800450898,0.0720008
0.001,fit,0.0010682880308692235,0.0722686
0.001,fit,0.0010687314656819826,0.0724205
0.001,fit,0.0010691750845597387,0.0724569
0.001,fit,0.0010696188875788952,0.0723789
0.001,fit,0.001070062874815888,0.0721878
0.001,fit,0.0010705070463471822,0.0718852
0.001,fit,0.0010709514022492772,0.0714732
0.001,fit,0.0010713959425987035,0.0709541
0.001,fit,0.0010718406674720229,0.0703304
0.001,fit,0.0010722855769458295,0.0696051
0.001,fit,0.001072730671096749,0.0687813
0.001,fit,0.0010731759500014388,0.0678625
0.001,fit,0.0010736214137365893,0.0668522
0.001,fit,0.0010740670623789195,0.0657546
0.001,fit,0.0010745128960051834,0.0645735
0.001,fit,0.0010749589146921655,0.0633134
0.001,fit,0.0010754051185166832,0.0619787
0.001,fit,0.0010758515075555846,0.060574
0.001,fit,0.0010762980818857502,0.0591041
0.001,fit,0.0010767448415840938,0.0575738
0.001,fit,0.0010771917867275571,0.0559882
0.001,fit,0.001077638917393118,0.0543523
0.001,fit,0.0010780862336577841,0.0526713
0.001,fit,0.0010785337355985962,0.0509503
0.001,fit,0.001078981423292626,0.0491945
0.001,fit,0.0010794292968169777,0.0474093
0.001,fit,0.0010798773562487878,0.0455998
0.001,fit,0.001080325601665225,0.0437712
0.001,fit,0.001080774033143488,0.0419287
0.001,fit,0.0010812226507608096,0.0400775
0.001,fit,0.0010816714545944545,0.0382226
0.001,fit,0.0010821204447217187,0.036369
0.001,fit,0.001082569621219931,0.0345217
0.001,fit,0.0010830189841664517,0.0326855
0.001,fit,0.0010834685336386738,0.030865
0.001,fit,0.001083918269714023,0.0290648
0.001,fit,0.0010843681924699539,0.0272893
0.001,fit,0.001084818301983957,0.025543
0.001,fit,0.0010852685983335532,0.0238298
0.001,fit,0.0010857190815962963,0.0221538
0.001,fit,0.0010861697518497716,0.0205187
0.001,fit,0.0010866206091715972,0.0189283
0.001,fit,0.0010870716536394243,0.0173859
0.001,fit,0.0010875228853309325,0.0158949
0.001,fit,0.001087974304323838,0.0144582
0.001,fit,0.0010884259106958873,0.0130787
0.001,fit,0.0010888777045248595,0.0117592
0.001,fit,0.0010893296858885658,0.0105019
0.001,fit,0.00108978185486485,0.00930927
0.001,fit,0.001090234211531588,0.00818321
0.001,fit,0.0010906867559666883,0.00712556
0.001,fit,0.0010911394882480924,0.0061379
0.001,fit,0.001091592408453771,0.00522163
0.001,fit,0.0010920455166617306,0.00437789
0.001,fit,0.001092498812950009,0.00360762
0.001,fit,0.0010929522973966762,0.00291155
0.001,fit,0.0010934059700798348,0.00229019
0.001,fit,0.0010938598310776197,0.00174382
0.001,fit,0.0010943138804681994,0.00127254
0.001,fit,0.0010947681183297714,0.000876211
0.001,fit,0.0010952225447405694,0.000554496
0.001,fit,0.0010956771597788574,0.000306856
0.001,fit,0.0010961319635229335,0.000132551
0.001,fit,0.001096586956051127,3.06417e-05
0.001,fit,0.0010970421374418002,0
0.001,fit,0.0010974975077733477,3.93086e-05
0.001,fit,0.0010979530671241984,0.000147069
0.001,fit,0.0010984088155728093,0.000321604
0.001,fit,0.0010988647531976745,0.00056107
0.001,fit,0.001099320880077319,0.000863454
0.001,fit,0.0010997771962903,0.00122659
0.001,fit,0.001100233701915208,0.00164816
0.001,fit,0.0011006903970306656,0.0021257
0.001,fit,0.0011011472817153286,0.00265662
0.001,fit,0.0011016043560478862,0.00323818
0.001,fit,0.0011020616201070567,0.00386756
0.001,fit,0.001102519073971595,0.0045418
0.001,fit,0.0011029767177202872,0.00525784
0.001,fit,0.001103434551431952,0.00601254
0.001,fit,0.001103892575185441,0.00680269
0.001,fit,0.0011043507890596384,0.00762498
0.001,fit,0.0011048091931334628,0.00847605
0.001,fit,0.0011052677874858613,0.0093525
0.001,fit,0.0011057265721958179,0.0102509
0.001,fit,0.0011061855473423479,0.0111677
0.001,fit,0.0011066447130044991,0.0120995
0.001,fit,0.0011071040692613532,0.0130428
0.001,fit,0.0011075636161920234,0.013994
0.001,fit,0.0011080233538756565,0.0149497
0.001,fit,0.001108483282391433,0.0159065
0.001,fit,0.0011089434018185635,0.0168608
0.001,fit,0.001109403712236294,0.0178094
0.001,fit,0.0011098642137239024,0.0187488
0.001,fit,0.0011103249063607002,0.019676
0.001,fit,0.001110785790226031,0.0205877
0.001,fit,0.0011112468653992722,0.0214808
0.001,fit,0.0011117081319598331,0.0223523
0.001,fit,0.0011121695899871577,0.0231995
0.001,fit,0.0011126312395607198,0.0240195
0.001,fit,0.0011130930807600292,0.0248097
0.001,fit,0.0011135551136646276,0.0255676
0.001,fit,0.0011140173383540899,0.0262909
0.001,fit,0.0011144797549080237,0.0269773
0.001,fit,0.0011149423634060703,0.0276249
0.001,fit,0.001115405163927904,0.0282317
0.001,fit,0.0011158681565532306,0.0287959
0.001,fit,0.0011163313413617903,0.0293161
0.001,fit,0.001116794718433357,0.0297909
0.001,fit,0.0011172582878477366,0.030219
0.001,fit,0.0011177220496847687,0.0305993
0.001,fit,0.0011181860040243258,0.0309311
0.001,fit,0.0011186501509463135,0.0312137
0.001,fit,0.0011191144905306708,0.0314465
0.001,fit,0.001119579022857371,0.0316292
0.001,fit,0.0011200437480064168,0.0317617
0.001,fit,0.0011205086660578483,0.0318441
0.001,fit,0.0011209737770917368,0.0318764
0.001,fit,0.0011214390811881871,0.0318591
0.001,fit,0.0011219045784273379,0.0317927
0.001,fit,0.0011223702688893604,0.0316779
0.001,fit,0.0011228361526544601,0.0315156
0.001,fit,0.0011233022298028732,0.0313068
0.001,fit,0.0011237685004148721,0.0310525
0.001,fit,0.0011242349645707614,0.0307541
0.001,fit,0.001124701622350879,0.0304131
0.001,fit,0.0011251684738355962,0.0300309
0.001,fit,0.0011256355191053178,0.0296092
0.001,fit,0.0011261027582404818,0.0291497
0.001,fit,0.0011265701913215607,0.0286545
0.001,fit,0.0011270378184290574,0.0281253
0.001,fit,0.001127505639643511,0.0275644
0.001,fit,0.0011279736550454933,0.0269737
0.001,fit,0.0011284418647156092,0.0263555
0.001,fit,0.0011289102687344979,0.0257122
0.001,fit,0.0011293788671828309,0.0250459
0.001,fit,0.0011298476601413138,0.0243591
0.001,fit,0.0011303166476906872,0.0236541
0.001,fit,0.0011307858299117212,0.0229334
0.001,fit,0.0011312552068852228,0.0221995
0.001,fit,0.001131724778692032,0.0214548
0.001,fit,0.0011321945454130218,0.0207018
0.001,fit,0.001132664507129099,0.0199429
0.001,fit,0.0011331346639212039,0.0191806
0.001,fit,0.0011336050158703118,0.0184174
0.001,fit,0.0011340755630574277,0.0176557
0.001,fit,0.0011345463055635941,0.0168978
0.001,fit,0.0011350172434698858,0.0161461
0.001,fit,0.0011354883768574114,0.0154029
0.001,fit,0.0011359597058073127,0.0146705
0.001,fit,0.001136431230400766,0.013951
0.001,fit,0.0011369029507189803,0.0132466
0.001,fit,0.0011373748668432005,0.0125594
0.001,fit,0.001137846978854701,0.0118913
0.001,fit,0.0011383192868347934,0.0112443
0.001,fit,0.0011387917908648225,0.0106201
0.001,fit,0.0011392644910261664,0.0100206
0.001,fit,0.0011397373874002371,0.0094473
0.001,fit,0.0011402104800684804,0.00890185
0.001,fit,0.001140683769112376,0.00838569
0.001,fit,0.0011411572546134383,0.00790015
0.001,fit,0.001141630936653212,0.00744647
0.001,fit,0.00114210481531328,0.0070258
0.001,fit,0.0011425788906752564,0.00663914
0.001,fit,0.001143053162820791,0.0062874
0.001,fit,0.0011435276318315657,0.00597137
0.001,fit,0.0011440022977892974,0.00569171
0.001,fit,0.001144477160775738,0.00544898
0.001,fit,0.0011449522208726696,0.00524359
0.001,fit,0.0011454274781619118,0.00507585
0.001,fit,0.001145902932725317,0.00494595
0.001,fit,0.0011463785846447714,0.00485392
0.001,fit,0.0011468544340021954,0.00479972
0.001,fit,0.0011473304808795434,0.00478313
0.001,fit,0.001147806725358804,0.00480386
0.001,fit,0.0011482831675219995,0.00486146
0.001,fit,0.0011487598074511871,0.00495538
0.001,fit,0.0011492366452284558,0.00508495
0.001,fit,0.0011497136809359306,0.00524938
0.001,fit,0.0011501909146557708,0.00544776
0.001,fit,0.0011506683464701686,0.00567908
0.001,fit,0.0011511459764613516,0.00594222
0.001,fit,0.0011516238047115802,0.00623596
0.001,fit,0.001152101831303151,0.00655899
0.001,fit,0.0011525800563183912,0.00690987
0.001,fit,0.0011530584798396652,0.00728712
0.001,fit,0.0011535371019493709,0.00768913
0.001,fit,0.00115401592272994,0.00811424
0.001,fit,0.0011544949422638388,0.00856072
0.001,fit,0.0011549741606335679,0.00902676
0.001,fit,0.0011554535779216613,0.00951049
0.001,fit,0.0011559331942106895,0.01001
0.001,fit,0.001156413009583253,0.0105233
0.001,fit,0.0011568930241219908,0.0110485
0.001,fit,0.0011573732379095742,0.0115834
0.001,fit,0.0011578536510287096,0.0121261
0.001,fit,0.001158334263562137,0.0126745
0.001,fit,0.0011588150755926314,0.0132264
0.001,fit,0.0011592960872030017,0.0137799
0.001,fit,0.0011597772984760927,0.014333
0.001,fit,0.0011602587094947797,0.0148834
0.001,fit,0.0011607403203419762,0.0154293
0.001,fit,0.001161222131100629,0.0159687
0.001,fit,0.001161704141853719,0.0164996
0.001,fit,0.0011621863526842617,0.0170201
0.001,fit,0.0011626687636753072,0.0175285
0.001,fit,0.001163151374909941,0.018023
0.001,fit,0.00116363418647128,0.0185018
0.001,fit,0.0011641171984424785,0.0189634
0.001,fit,0.0011646004109067247,0.0194062
0.001,fit,0.0011650838239472409,0.0198289
0.001,fit,0.001165567437647284,0.02023
0.001,fit,0.001166051252090146,0.0206084
0.001,fit,0.001166535267359153,0.0209628
0.001,fit,0.0011670194835376668,0.0212922
0.001,fit,0.0011675039007090803,0.0215958
0.001,fit,0.001167988518956825,0.0218726
0.001,fit,0.0011684733383643653,0.022122
0.001,fit,0.0011689583590152003,0.0223434
0.001,fit,0.0011694435809928643,0.0225364
0.001,fit,0.0011699290043809254,0.0227004
0.001,fit,0.0011704146292629875,0.0228354
0.001,fit,0.001170900455722689,0.0229412
0.001,fit,0.0011713864838437012,0.0230177
0.001,fit,0.0011718727137097317,0.023065
0.001,fit,0.0011723591454045233,0.0230834
0.001,fit,0.001172845779011853,0.0230731
0.001,fit,0.0011733326146155319,0.0230345
0.001,fit,0.0011738196522994072,0.0229681
0.001,fit,0.001174306892147361,0.0228745
0.001,fit,0.001174794334243307,0.0227544
0.001,fit,0.0011752819786711975,0.0226085
0.001,fit,0.0011757698255150184,0.0224376
0.001,fit,0.0011762578748587902,0.0222428
0.001,fit,0.0011767461267865684,0.0220249
0.001,fit,0.0011772345813824436,0.021785
0.001,fit,0.001177723238730541,0.0215243
0.001,fit,0.001178212098915021,0.0212438
0.001,fit,0.00117870116202008,0.0209447
0.001,fit,0.0011791904281299454,0.0206284
0.001,fit,0.0011796798973288838,0.0202961
0.001,fit,0.0011801695697011953,0.0199491
0.001,fit,0.0011806594453312147,0.0195887
0.001,fit,0.0011811495243033124,0.0192163
0.001,fit,0.0011816398067018934,0.0188333
0.001,fit,0.0011821302926113989,0.0184411
0.001,fit,0.0011826209821163018,0.018041
0.001,fit,0.0011831118753011136,0.0176344
0.001,fit,0.0011836029722503796,0.0172227
0.001,fit,0.00118409427304868,0.0168073
0.001,fit,0.0011845857777806306,0.0163896
0.001,fit,0.0011850774865308819,0.0159709
0.001,fit,0.0011855693993841198,0.0155525
0.001,fit,0.0011860615164250663,0.0151358
0.001,fit,0.0011865538377384755,0.0147219
0.001,fit,0.0011870463634091393,0.0143122
0.001,fit,0.0011875390935218845,0.0139078
0.001,fit,0.001188032028161573,0.0135099
0.001,fit,0.0011885251674131013,0.0131197
0.001,fit,0.0011890185113614018,0.0127381
0.001,fit,0.001189512060091442,0.0123664
0.001,fit,0.0011900058136882256,0.0120054
0.001,fit,0.0011904997722367882,0.011656
0.001,fit,0.0011909939358222045,0.0113193
0.001,fit,0.0011914883045295826,0.0109959
0.001,fit,0.001191982878444067,0.0106867
0.001,fit,0.0011924776576508365,0.0103924
0.001,fit,0.0011929726422351059,0.0101136
0.001,fit,0.0011934678322821264,0.00985093
0.001,fit,0.0011939632278771806,0.0096049
0.001,fit,0.001194458829105591,0.00937596
0.001,fit,0.0011949546360527136,0.00916452
0.001,fit,0.0011954506488039399,0.00897089
0.001,fit,0.001195946867444697,0.00879534
0.001,fit,0.0011964432920604476,0.00863804
0.001,fit,0.0011969399227366895,0.00849911
0.001,fit,0.0011974367595589573,0.00837861
0.001,fit,0.0011979338026128178,0.0082765
0.001,fit,0.0011984310519838766,0.0081927
0.001,fit,0.0011989285077577737,0.00812703
0.001,fit,0.0011994261700201847,0.00807926
0.001,fit,0.001199924038856821,0.00804908
0.001,fit,0.0012004221143534289,0.00803613
0.001,fit,0.001200920396595791,0.00803996
0.001,fit,0.0012014188856697265,0.00806007
0.001,fit,0.0012019175816610863,0.00809588
0.001,fit,0.0012024164846557608,0.00814677
0.001,fit,0.001202915594739675,0.00821204
0.001,fit,0.0012034149119987895,0.00829093
0.001,fit,0.0012039144365191,0.00838265
0.001,fit,0.001204414168386639,0.00848635
0.001,fit,0.0012049141076874751,0.00860111
0.001,fit,0.0012054142545077089,0.00872598
0.001,fit,0.0012059146089334809,0.00885999
0.001,true,0.0007994717073905394,0.00051352
0.001,true,0.0008010225739422185,0.00022033
0.001,true,0.0008025734404938975,5.70855e-05
0.001,true,0.0008041243070455766,3.97149e-05
0.001,true,0.0008056751735972555,0.00017905
0.001,true,0.000806450606873095,0.000309291
0.001,true,0.0008072260401489346,0.0004801
0.001,true,0.0008087769067006137,0.000941506
0.001,true,0.0008103277732522926,0.00155522
0.001,true,0.0008118786398039717,0.00230644
0.001,true,0.0008134295063556507,0.0031739
0.001,true,0.0008149803729073298,0.00413042
0.001,true,0.0008165312394590088,0.00514381
0.001,true,0.0008180821060106878,0.00617811
0.001,true,0.0008196329725623668,0.00719503
0.001,true,0.0008211838391140459,0.00815559
0.001,true,0.0008219592723898853,0.0086028
0.001,true,0.0008227347056657248,0.00902188
0.001,true,0.0008242855722174039,0.00975878
0.001,true,0.000824459598626763,0.00983199
0.001,true,0.000825836438769083,0.0103356
0.001,true,0.000827387305320762,0.0107274
0.001,true,0.0008289381718724411,0.0109165
0.001,true,0.00083048903842412,0.0108929
0.001,true,0.0008320399049757991,0.0106551
0.001,true,0.0008335907715274781,0.0102101
0.001,true,0.0008351416380791571,0.00957347
0.001,true,0.0008366925046308361,0.00876855
0.001,true,0.0008374679379066756,0.00831233
0.001,true,0.0008382433711825152,0.00782606
0.001,true,0.0008397942377341942,0.006783
0.001,true,0.0008413451042858733,0.00568152
0.001,true,0.0008428959708375522,0.0045677
0.001,true,0.0008444468373892313,0.00349009
0.001,true,0.0008459977039409104,0.00249823
0.001,true,0.0008475485704925893,0.00164105
0.001,true,0.0008490994370442684,0.000965193
0.001,true,0.0008506503035959474,0.000513335
0.001,true,0.0008522011701476265,0.000322457
0.001,true,0.0008529766034234659,0.000334473
0.001,true,0.0008537520366993055,0.000422177
0.001,true,0.0008553029032509845,0.000833172
0.001,true,0.0008568537698026635,0.00156577
0.001,true,0.0008584046363543426,0.00261879
0.001,true,0.0008599555029060215,0.00397877
0.001,true,0.0008615063694577006,0.00561956
0.001,true,0.0008630572360093797,0.00750252
0.001,true,0.0008646081025610587,0.00957723
0.001,true,0.0008661589691127378,0.0117829
0.001,true,0.0008677098356644167,0.0140502
0.001,true,0.0008684852689402561,0.0151836
0.001,true,0.0008692607022160958,0.0163038
0.001,true,0.0008708115687677748,0.0184655
0.001,true,0.0008723624353194538,0.0204569
0.001,true,0.0008739133018711328,0.0222032
0.001,true,0.0008754641684228119,0.0236364
0.001,true,0.000877015034974491,0.024698
0.001,true,0.00087856590152617,0.0253421
0.001,true,0.000880116768077849,0.0255371
0.001,true,0.000881667634629528,0.0252677
0.001,true,0.0008832185011812071,0.0245354
0.001,true,0.0008839939344570465,0.0240009
0.001,true,0.000884769367732886,0.0233591
0.001,true,0.0008863202342845651,0.021775
0.001,true,0.0008878711008362441,0.0198351
0.001,true,0.0008894219673879232,0.0176067
0.001,true,0.0008909728339396022,0.0151701
0.001,true,0.0008925237004912812,0.0126165
0.001,true,0.0008940745670429602,0.0100457
0.001,true,0.0008956254335946393,0.00756321
0.001,true,0.0008971763001463182,0.00527695
0.001,true,0.0008987271666979973,0.00329399
0.001,true,0.0008995025999738367,0.00244858
0.001,true,0.0009002780332496764,0.00171691
0.001,true,0.0009018288998013554,0.000640024
0.001,true,0.0009033797663530345,0.000145441
0.001,true,0.0009049306329047134,0.000299279
0.001,true,0.0009064814994563925,0.00114798
0.001,true,0.0009080323660080715,0.00271501
0.001,true,0.0009095832325597505,0.00499817
0.001,true,0.0009111340991114295,0.00796765
0.001,true,0.0009126849656631086,0.0115651
0.001,true,0.0009142358322147876,0.015704
0.001,true,0.0009150112654906271,0.0179421
0.001,true,0.0009157866987664667,0.0202711
0.001,true,0.0009173375653181457,0.0251293
0.001,true,0.0009188884318698247,0.030122
0.001,true,0.0009204392984215038,0.0350783
0.001,true,0.0009219901649731827,0.0398195
0.001,true,0.0009220677083007668,0.0400477
0.001,true,0.0009222227949559347,0.040501
0.001,true,0.0009223778816111026,0.04095
0.001,true,0.0009225329682662705,0.0413947
0.001,true,0.0009226880549214384,0.0418348
0.001,true,0.0009228431415766064,0.0422702
0.001,true,0.0009229982282317743,0.0427006
0.001,true,0.0009231533148869422,0.043126
0.001,true,0.0009233084015421101,0.0435461
0.001,true,0.000923463488197278,0.0439607
0.001,true,0.0009235410315248618,0.0441659
0.001,true,0.0009236185748524459,0.0443697
0.001,true,0.0009237736615076138,0.044773
0.001,true,0.0009239287481627817,0.0451703
0.001,true,0.0009240838348179496,0.0455615
0.001,true,0.0009242389214731175,0.0459464
0.001,true,0.0009243940081282854,0.0463249
0.001,true,0.0009245490947834533,0.0466968
0.001,true,0.0009247041814386212,0.0470619
0.001,true,0.0009248592680937891,0.0474202
0.001,true,0.000925014354748957,0.0477713
0.001,true,0.0009250918980765408,0.0479442
0.001,true,0.0009251694414041248,0.0481153
0.001,true,0.0009253245280592927,0.0484519
0.001,true,0.0009254796147144606,0.0487809
0.001,true,0.0009256347013696285,0.0491023
0.001,true,0.0009257897880247965,0.0494159
0.001,true,0.0009259448746799644,0.0497215
0.001,true,0.0009260999613351323,0.050019
0.001,true,0.0009262550479903002,0.0503083
0.001,true,0.0009264101346454681,0.0505893
0.001,true,0.000926565221300636,0.0508617
0.001,true,0.0009266427646282199,0.0509947
0.001,true,0.0009267203079558039,0.0511255
0.001,true,0.0009268753946109718,0.0513806
0.001,true,0.0009270304812661397,0.0516268
0.001,true,0.0009271855679213076,0.0518639
0.001,true,0.0009273406545764755,0.052092
0.001,true,0.0009274957412316434,0.0523108
0.001,true,0.0009276508278868113,0.0525203
0.001,true,0.0009278059145419792,0.0527203
0.001,true,0.0009279610011971471,0.0529107
0.001,true,0.000928116087852315,0.0530915
0.001,true,0.0009281936311798989,0.0531783
0.001,true,0.0009282711745074829,0.0532625
0.001,true,0.0009284262611626508,0.0534237
0.001,true,0.0009285813478178188,0.0535749
0.001,true,0.0009287364344729867,0.053716
0.001,true,0.0009288915211281546,0.053847
0.001,true,0.0009290466077833225,0.0539678
0.001,true,0.0009292016944384904,0.0540783
0.001,true,0.0009293567810936583,0.0541784
0.001,true,0.0009295118677488262,0.054268
0.001,true,0.0009296669544039941,0.0543472
0.001,true,0.0009297444977315779,0.0543828
0.001,true,0.000929822041059162,0.0544157
0.001,true,0.0009299771277143299,0.0544736
0.001,true,0.0009301322143694978,0.0545208
0.001,true,0.0009302873010246657,0.0545573
0.001,true,0.0009304423876798336,0.0545829
0.001,true,0.0009305199310074173,0.0545917
0.001,true,0.0009305974743350015,0.0545977
0.001,true,0.0009307525609901694,0.0546016
0.001,true,0.0009309076476453373,0.0545945
0.001,true,0.0009310627343005051,0.0545765
0.001,true,0.000931217820955673,0.0545474
0.001,true,0.0009312953642832569,0.0545288
0.001,true,0.000931372907610841,0.0545074
0.001,true,0.0009315279942660089,0.0544563
0.001,true,0.0009316830809211768,0.0543941
0.001,true,0.0009318381675763447,0.0543208
0.001,true,0.0009319932542315126,0.0542364
0.001,true,0.0009321483408866805,0.054141
0.001,true,0.0009323034275418484,0.0540344
0.001,true,0.0009324585141970163,0.0539167
0.001,true,0.0009326136008521842,0.053788
0.001,true,0.0009327686875073521,0.0536481
0.001,true,0.000932846230834936,0.053574
0.001,true,0.00093292377416252,0.0534972
0.001,true,0.0009330788608176879,0.0533353
0.001,true,0.0009332339474728558,0.0531623
0.001,true,0.0009333890341280237,0.0529783
0.001,true,0.0009335441207831916,0.0527834
0.001,true,0.0009336992074383595,0.0525776
0.001,true,0.0009338542940935274,0.0523608
0.001,true,0.0009340093807486953,0.0521333
0.001,true,0.0009341644674038632,0.0518949
0.001,true,0.0009343195540590312,0.0516459
0.001,true,0.0009343970973866149,0.0515174
0.001,true,0.0009344746407141991,0.0513862
0.001,true,0.000934629727369367,0.0511158
0.001,true,0.0009347848140245349,0.050835
0.001,true,0.0009349399006797028,0.0505437
0.001,true,0.0009350949873348707,0.050242
0.001,true,0.0009352500739900386,0.04993
0.001,true,0.0009354051606452065,0.0496078
0.001,true,0.0009355602473003744,0.0492755
0.001,true,0.0009357153339555423,0.0489332
0.001,true,0.0009358704206107102,0.048581
0.001,true,0.000935947963938294,0.0484012
0.001,true,0.0009360255072658781,0.0482189
0.001,true,0.000936180593921046,0.0478472
0.001,true,0.0009363356805762139,0.0474659
0.001,true,0.0009364907672313818,0.0470751
0.001,true,0.0009366458538865497,0.046675
0.001,true,0.0009368009405417176,0.0462657
0.001,true,0.0009369560271968854,0.0458473
0.001,true,0.0009371111138520533,0.0454199
0.001,true,0.0009372662005072213,0.0449838
0.001,true,0.0009374212871623892,0.044539
0.001,true,0.0009374988304899731,0.0443134
0.001,true,0.0009375763738175571,0.0440858
0.001,true,0.000937731460472725,0.0436242
0.001,true,0.0009378865471278929,0.0431544
0.001,true,0.0009380416337830608,0.0426766
0.001,true,0.0009381967204382287,0.042191
0.001,true,0.0009383518070933966,0.0416978
0.001,true,0.0009385068937485645,0.041197
0.001,true,0.0009386619804037324,0.040689
0.001,true,0.0009388170670589003,0.0401738
0.001,true,0.0009389721537140682,0.0396518
0.001,true,0.0009390496970416521,0.0393882
0.001,true,0.0009391272403692361,0.039123
0.001,true,0.000939282327024404,0.0385877
0.001,true,0.0009394374136795719,0.0380462
0.001,true,0.0009395925003347398,0.0374985
0.001,true,0.0009397475869899077,0.036945
0.001,true,0.0009399026736450756,0.0363858
0.001,true,0.0009400577603002436,0.0358212
0.001,true,0.0009402128469554115,0.0352514
0.001,true,0.0009403679336105794,0.0346766
0.001,true,0.0009405230202657473,0.0340971
0.001,true,0.0009406005635933312,0.0338056
0.001,true,0.0009406781069209152,0.0335131
0.001,true,0.0009408331935760831,0.0329249
0.001,true,0.000940988280231251,0.0323327
0.001,true,0.0009411433668864189,0.0317368
0.001,true,0.0009412984535415868,0.0311374
0.001,true,0.0009414535401967547,0.0305348
0.001,true,0.0009416086268519226,0.0299293
0.001,true,0.0009417637135070905,0.0293211
0.001,true,0.0009419188001622584,0.0287105
0.001,true,0.0009420738868174263,0.0280978
0.001,true,0.0009421514301450101,0.0277908
0.001,true,0.0009422289734725942,0.0274833
0.001,true,0.0009423840601277621,0.0268673
0.001,true,0.00094253914678293,0.02625
0.001,true,0.000942694233438098,0.0256318
0.001,true,0.0009428493200932659,0.025013
0.001,true,0.0009430044067484337,0.0243938
0.001,true,0.0009431594934036016,0.0237746
0.001,true,0.0009433145800587695,0.0231557
0.001,true,0.0009434696667139374,0.0225374
0.001,true,0.0009436247533691053,0.02192
0.001,true,0.0009437022966966892,0.0216117
0.001,true,0.0009437798400242732,0.0213038
0.001,true,0.0009439349266794411,0.0206893
0.001,true,0.000944090013334609,0.0200766
0.001,true,0.0009442450999897769,0.0194661
0.001,true,0.0009444001866449448,0.0188583
0.001,true,0.0009445552733001127,0.0182533
0.001,true,0.0009447103599552806,0.0176517
0.001,true,0.0009448654466104485,0.0170536
0.001,true,0.0009450205332656164,0.0164595
0.001,true,0.0009451756199207843,0.0158697
0.001,true,0.0009452531632483682,0.0155765
0.001,true,0.0009453307065759522,0.0152845
0.001,true,0.0009454857932311201,0.0147044
0.001,true,0.000945640879886288,0.0141297
0.001,true,0.000945795966541456,0.0135608
0.001,true,0.0009459510531966239,0.012998
0.001,true,0.0009460285965242077,0.012719
0.001,true,0.0009461061398517918,0.0124417
0.001,true,0.0009462612265069597,0.0118923
0.001,true,0.0009464163131621276,0.0113501
0.001,true,0.0009465713998172955,0.0108156
0.001,true,0.0009467264864724634,0.0102891
0.001,true,0.0009468040298000472,0.010029
0.001,true,0.0009468815731276313,0.00977102
0.001,true,0.0009470366597827992,0.00926172
0.001,true,0.0009471917464379671,0.00876162
0.001,true,0.000947346833093135,0.0082711
0.001,true,0.0009475019197483029,0.00779055
0.001,true,0.0009476570064034708,0.00732038
0.001,true,0.0009478120930586387,0.00686098
0.001,true,0.0009479671797138066,0.00641275
0.001,true,0.0009481222663689745,0.00597611
0.001,true,0.0009482773530241424,0.00555144
0.001,true,0.0009483548963517262,0.00534373
0.001,true,0.0009484324396793104,0.00513917
0.001,true,0.0009485875263344783,0.0047397
0.001,true,0.000948742612989646,0.00435343
0.001,true,0.000948897699644814,0.00398079
0.001,true,0.0009490527862999819,0.00362219
0.001,true,0.0009492078729551498,0.00327803
0.001,true,0.0009493629596103177,0.00294874
0.001,true,0.0009495180462654856,0.00263473
0.001,true,0.0009496731329206535,0.00233643
0.001,true,0.0009498282195758214,0.00205424
0.001,true,0.0009499057629034053,0.00191932
0.001,true,0.0009499833062309893,0.00178859
0.001,true,0.0009501383928861572,0.00153991
0.001,true,0.0009502934795413251,0.0013086
0.001,true,0.000950448566196493,0.0010951
0.001,true,0.0009506036528516609,0.000899821
0.001,true,0.0009507587395068288,0.000723193
0.001,true,0.0009509138261619967,0.000565635
0.001,true,0.0009510689128171646,0.000427572
0.001,true,0.0009512239994723325,0.000309426
0.001,true,0.0009513790861275004,0.000211619
0.001,true,0.0009514566294550843,0.000170475
0.001,true,0.0009515341727826684,0.000134575
0.001,true,0.0009516892594378363,7.87162e-05
0.001,true,0.0009518443460930042,4.44641e-05
0.001,true,0.0009519994327481721,3.22404e-05
0.001,true,0.00095215451940334,4.24658e-05
0.001,true,0.0009523096060585079,7.55603e-05
0.001,true,0.0009524646927136758,0.000131943
0.001,true,0.0009526197793688437,0.000212032
0.001,true,0.0009527748660240116,0.000316244
0.001,true,0.0009529299526791795,0.000444995
0.001,true,0.0009530074960067634,0.000518702
0.001,true,0.0009530850393343474,0.000598699
0.001,true,0.0009532401259895153,0.000777769
0.001,true,0.0009533952126446832,0.000982617
0.001,true,0.0009535502992998511,0.00121365
0.001,true,0.000953705385955019,0.00147128
0.001,true,0.0009538604726101869,0.00175591
0.001,true,0.0009540155592653548,0.00206794
0.001,true,0.0009541706459205228,0.00240777
0.001,true,0.0009543257325756907,0.00277581
0.001,true,0.0009544808192308586,0.00317245
0.001,true,0.0009545583625584424,0.00338162
0.001,true,0.0009546359058860265,0.00359808
0.001,true,0.0009547909925411943,0.0040531
0.001,true,0.0009549460791963622,0.00453788
0.001,true,0.0009551011658515301,0.00505282
0.001,true,0.000955256252506698,0.00559831
0.001,true,0.0009554113391618659,0.0061747
0.001,true,0.0009555664258170338,0.00678239
0.001,true,0.0009557215124722017,0.00742174
0.001,true,0.0009558765991273696,0.00809312
0.001,true,0.0009560316857825375,0.0087969
0.001,true,0.0009561092291101214,0.00916105
0.001,true,0.0009561867724377054,0.00953343
0.001,true,0.0009563418590928733,0.0103031
0.001,true,0.0009564969457480412,0.0111062
0.001,true,0.0009566520324032091,0.0119431
0.001,true,0.000956807119058377,0.0128141
0.001,true,0.0009569622057135449,0.0137197
0.001,true,0.0009571172923687128,0.01466
0.001,true,0.0009572723790238808,0.0156355
0.001,true,0.0009574274656790487,0.0166465
0.001,true,0.0009575825523342166,0.0176933
0.001,true,0.0009576600956618005,0.0182302
0.001,true,0.0009577376389893845,0.0187762
0.001,true,0.0009578927256445524,0.0198955
0.001,true,0.0009580478122997203,0.0210515
0.001,true,0.0009582028989548882,0.0222445
0.001,true,0.0009583579856100561,0.0234748
0.001,true,0.000958513072265224,0.0247426
0.001,true,0.0009586681589203919,0.0260484
0.001,true,0.0009588232455755598,0.0273922
0.001,true,0.0009589783322307277,0.0287745
0.001,true,0.0009591334188858956,0.0301954
0.001,true,0.0009592109622134794,0.0309204
0.001,true,0.0009592885055410635,0.0316552
0.001,true,0.0009594435921962314,0.0331542
0.001,true,0.0009595986788513993,0.0346925
0.001,true,0.0009597537655065672,0.0362705
0.001,true,0.0009599088521617352,0.0378883
0.001,true,0.0009600639388169031,0.0395462
0.001,true,0.000960219025472071,0.0412443
0.001,true,0.0009603741121272389,0.0429829
0.001,true,0.0009605291987824067,0.0447622
0.001,true,0.0009606842854375747,0.0465824
0.001,true,0.0009607618287651585,0.0475078
0.001,true,0.0009608393720927425,0.0484435
0.001,true,0.0009609944587479104,0.0503459
0.001,true,0.0009611495454030783,0.0522896
0.001,true,0.0009613046320582462,0.0542749
0.001,true,0.0009614597187134141,0.0563018
0.001,true,0.0009615372620409979,0.057331
0.001,true,0.000961614805368582,0.0583706
0.001,true,0.0009617698920237499,0.0604812
0.001,true,0.0009619249786789178,0.062634
0.001,true,0.0009620800653340857,0.0648289
0.001,true,0.0009622351519892536,0.0670661
0.001,true,0.0009623126953168375,0.0682006
0.001,true,0.0009623902386444215,0.0693457
0.001,true,0.0009625453252995894,0.0716677
0.001,true,0.0009627004119547573,0.0740323
0.001,true,0.0009628554986099252,0.0764394
0.001,true,0.0009630105852650932,0.0788893
0.001,true,0.0009631656719202611,0.0813819
0.001,true,0.000963320758575429,0.0839172
0.001,true,0.0009634758452305969,0.0864953
0.001,true,0.0009636309318857648,0.0891162
0.001,true,0.0009637860185409327,0.09178
0.001,true,0.0009638635618685166,0.093128
0.001,true,0.0009639411051961006,0.0944866
0.001,true,0.0009640961918512685,0.097236
0.001,true,0.0009642512785064364,0.100028
0.001,true,0.0009644063651616043,0.102863
0.001,true,0.0009645614518167722,0.105741
0.001,true,0.0009647165384719401,0.108662
0.001,true,0.000964871625127108,0.111625
0.001,true,0.0009650267117822759,0.114631
0.001,true,0.0009651817984374438,0.117679
0.001,true,0.0009653368850926117,0.12077
0.001,true,0.0009654144284201956,0.122331
0.001,true,0.0009654919717477796,0.123903
0.001,true,0.0009656470584029476,0.127078
0.001,true,0.0009658021450581155,0.130295
0.001,true,0.0009659572317132834,0.133555
0.001,true,0.0009661123183684513,0.136856
0.001,true,0.0009662674050236192,0.140199
0.001,true,0.0009664224916787871,0.143584
0.001,true,0.0009665775783339549,0.14701
0.001,true,0.0009667326649891229,0.150477
0.001,true,0.0009668877516442907,0.153986
0.001,true,0.0009669652949718746,0.155755
0.001,true,0.0009670428382994586,0.157535
0.001,true,0.0009671979249546265,0.161125
0.001,true,0.0009673530116097944,0.164755
0.001,true,0.0009675080982649623,0.168426
0.001,true,0.0009676631849201302,0.172136
0.001,true,0.0009678182715752981,0.175887
0.001,true,0.000967973358230466,0.179677
0.001,true,0.0009681284448856339,0.183506
0.001,true,0.0009682835315408018,0.187374
0.001,true,0.0009684386181959697,0.191281
0.001,true,0.0009685161615235536,0.193249
0.001,true,0.0009685937048511376,0.195226
0.001,true,0.0009687487915063056,0.199209
0.001,true,0.0009689038781614735,0.203231
0.001,true,0.0009690589648166414,0.207289
0.001,true,0.0009692140514718093,0.211385
0.001,true,0.0009693691381269772,0.215518
0.001,true,0.0009695242247821451,0.219687
0.001,true,0.000969679311437313,0.223892
0.001,true,0.0009698343980924809,0.228133
0.001,true,0.0009699894847476488,0.232409
0.001,true,0.0009700670280752327,0.234561
0.001,true,0.0009701445714028167,0.236721
0.001,true,0.0009702996580579846,0.241067
0.001,true,0.0009704547447131525,0.245447
0.001,true,0.0009706098313683204,0.249861
0.001,true,0.0009707649180234883,0.254308
0.001,true,0.0009709200046786562,0.258789
0.001,true,0.0009710750913338241,0.263301
0.001,true,0.000971230177988992,0.267846
0.001,true,0.00097138526464416,0.272423
0.001,true,0.0009715403512993279,0.277031
0.001,true,0.0009716178946269116,0.279346
0.001,true,0.0009716954379544958,0.281669
0.001,true,0.0009718505246096637,0.286338
0.001,true,0.0009720056112648316,0.291036
0.001,true,0.0009721606979199995,0.295764
0.001,true,0.0009723157845751674,0.30052
0.001,true,0.0009724708712303353,0.305304
0.001,true,0.0009726259578855031,0.310117
0.001,true,0.000972781044540671,0.314956
0.001,true,0.0009729361311958389,0.319822
0.001,true,0.0009730912178510068,0.324715
0.001,true,0.0009731687611785907,0.327171
0.001,true,0.0009732463045061747,0.329633
0.001,true,0.0009734013911613426,0.334576
0.001,true,0.0009735564778165105,0.339543
0.001,true,0.0009737115644716784,0.344535
0.001,true,0.0009738666511268463,0.349549
0.001,true,0.0009740217377820142,0.354587
0.001,true,0.0009741768244371821,0.359647
0.001,true,0.00097433191109235,0.364728
0.001,true,0.000974486997747518,0.36983
0.001,true,0.0009746420844026859,0.374953
0.001,true,0.0009747196277302698,0.377522
0.001,true,0.0009747971710578538,0.380096
0.001,true,0.0009749522577130217,0.385258
0.001,true,0.0009751073443681896,0.390438
0.001,true,0.0009752624310233575,0.395637
0.001,true,0.0009754175176785254,0.400852
0.001,true,0.0009755726043336933,0.406085
0.001,true,0.0009757276909888612,0.411333
0.001,true,0.0009758827776440291,0.416597
0.001,true,0.000976037864299197,0.421876
0.001,true,0.0009761929509543649,0.427169
0.001,true,0.0009762704942819488,0.429821
0.001,true,0.0009763480376095328,0.432476
0.001,true,0.0009765031242647007,0.437795
0.001,true,0.0009766582109198686,0.443127
0.001,true,0.0009768132975750364,0.44847
0.001,true,0.0009769683842302044,0.453824
0.001,true,0.0009770459275577881,0.456504
0.001,true,0.0009771234708853722,0.459188
0.001,true,0.0009772785575405403,0.464561
0.001,true,0.000977433644195708,0.469944
0.001,true,0.000977588730850876,0.475334
0.001,true,0.0009777438175060439,0.480732
0.001,true,0.000977821360833628,0.483434
0.001,true,0.0009778989041612119,0.486137
0.001,true,0.0009780539908163797,0.491548
0.001,true,0.0009782090774715477,0.496964
0.001,true,0.0009783641641267155,0.502385
0.001,true,0.0009785192507818835,0.50781
0.001,true,0.0009786743374370513,0.513238
0.001,true,0.0009788294240922193,0.518669
0.001,true,0.0009789845107473871,0.524102
0.001,true,0.0009791395974025551,0.529536
0.001,true,0.000979294684057723,0.53497
0.001,true,0.0009793722273853068,0.537687
0.001,true,0.000979449770712891,0.540404
0.001,true,0.0009795462537946658,0.543785
0.001,true,0.0009796048573680587,0.545838
0.001,true,0.0009797599440232267,0.551269
0.001,true,0.0009799150306783945,0.556699
0.001,true,0.0009800701173335626,0.562125
0.001,true,0.0009802252039887304,0.567547
0.001,true,0.0009803802906438984,0.572965
0.001,true,0.0009805353772990662,0.578378
0.001,true,0.0009806904639542342,0.583785
0.001,true,0.000980845550609402,0.589185
0.001,true,0.0009809230939369859,0.591883
0.001,true,0.00098100063726457,0.594578
0.001,true,0.0009811557239197378,0.599963
0.001,true,0.0009813108105749058,0.605339
0.001,true,0.0009814658972300736,0.610706
0.001,true,0.0009816209838852414,0.616063
0.001,true,0.0009817760705404094,0.621408
0.001,true,0.0009819311571955772,0.626742
0.001,true,0.0009820862438507452,0.632064
0.001,true,0.000982241330505913,0.637373
0.001,true,0.000982396417161081,0.642667
0.001,true,0.000982473960488665,0.645309
0.001,true,0.0009825515038162488,0.647948
0.001,true,0.0009827065904714168,0.653213
0.001,true,0.0009828616771265846,0.658463
0.001,true,0.0009830167637817527,0.663695
0.001,true,0.0009831718504369205,0.668911
0.001,true,0.0009833269370920885,0.674109
0.001,true,0.0009834820237472563,0.679288
0.001,true,0.0009836371104024243,0.684447
0.001,true,0.000983792197057592,0.689587
0.001,true,0.00098394728371276,0.694706
0.001,true,0.0009840248270403438,0.697257
0.001,true,0.0009841023703679279,0.699803
0.001,true,0.000984257457023096,0.704878
0.001,true,0.0009844125436782637,0.709931
0.001,true,0.0009845676303334317,0.71496
0.001,true,0.0009847227169885995,0.719964
0.001,true,0.0009848778036437675,0.724944
0.001,true,0.0009850328902989353,0.729899
0.001,true,0.0009851879769541033,0.734827
0.001,true,0.0009853430636092711,0.739728
0.001,true,0.0009854981502644391,0.744602
0.001,true,0.000985575693592023,0.747028
0.001,true,0.000985653236919607,0.749447
0.001,true,0.000985808323574775,0.754264
0.001,true,0.0009859634102299428,0.759051
0.001,true,0.0009861184968851108,0.763808
0.001,true,0.0009862735835402786,0.768534
0.001,true,0.0009864286701954466,0.773228
0.001,true,0.0009865837568506144,0.777891
0.001,true,0.0009867388435057824,0.78252
0.001,true,0.0009868939301609502,0.787117
0.001,true,0.0009870490168161182,0.791679
0.001,true,0.0009871265601437019,0.793947
0.001,true,0.000987204103471286,0.796206
0.001,true,0.0009873591901264538,0.800699
0.001,true,0.0009875142767816218,0.805155
0.001,true,0.0009876693634367898,0.809575
0.001,true,0.0009878244500919576,0.813957
0.001,true,0.0009879795367471254,0.818302
0.001,true,0.0009881346234022934,0.822609
0.001,true,0.0009882897100574612,0.826876
0.001,true,0.0009884447967126292,0.831105
0.001,true,0.000988599883367797,0.835292
0.001,true,0.0009886774266953812,0.837371
0.001,true,0.000988754970022965,0.83944
0.001,true,0.0009889100566781329,0.843546
0.001,true,0.0009890651433333009,0.84761
0.001,true,0.0009892202299884687,0.851631
0.001,true,0.0009893753166436367,0.85561
0.001,true,0.0009895304032988045,0.859545
0.001,true,0.0009896854899539725,0.863435
0.001,true,0.0009898405766091403,0.867281
0.001,true,0.0009899956632643083,0.871082
0.001,true,0.000990150749919476,0.874837
0.001,true,0.00099022829324706,0.876698
0.001,true,0.0009903058365746441,0.878546
0.001,true,0.000990460923229812,0.882208
0.001,true,0.00099061600988498,0.885823
0.001,true,0.0009907710965401477,0.88939
0.001,true,0.0009909261831953157,0.892908
0.001,true,0.0009910812698504835,0.896377
0.001,true,0.0009912363565056515,0.899797
0.001,true,0.0009913914431608193,0.903167
0.001,true,0.0009915465298159874,0.906487
0.001,true,0.0009917016164711552,0.909756
0.001,true,0.000991779159798739,0.911371
0.001,true,0.0009918567031263232,0.912974
0.001,true,0.000992011789781491,0.916139
0.001,true,0.000992166876436659,0.919253
0.001,true,0.0009923219630918268,0.922313
0.001,true,0.0009924770497469948,0.925321
0.001,true,0.0009925545930745785,0.926805
0.001,true,0.0009926321364021626,0.928275
0.001,true,0.0009927872230573306,0.931175
0.001,true,0.0009929423097124984,0.93402
0.001,true,0.0009930973963676662,0.93681
0.001,true,0.0009932524830228342,0.939545
0.001,true,0.0009933300263504181,0.940892
0.001,true,0.0009934075696780022,0.942224
0.001,true,0.00099356265633317,0.944847
0.001,true,0.0009937177429883378,0.947414
0.001,true,0.0009938728296435058,0.949923
0.001,true,0.0009940279162986736,0.952375
0.001,true,0.0009941830029538416,0.954769
0.001,true,0.0009943380896090094,0.957106
0.001,true,0.0009944931762641775,0.959383
0.001,true,0.0009946482629193453,0.961602
0.001,true,0.0009948033495745133,0.963762
0.001,true,0.0009948808929020972,0.964819
0.001,true,0.000994958436229681,0.965862
0.001,true,0.000995113522884849,0.967902
0.001,true,0.0009952686095400169,0.969882
0.001,true,0.0009954236961951849,0.971802
0.001,true,0.0009955787828503527,0.973661
0.001,true,0.0009957338695055207,0.975459
0.001,true,0.0009958889561606885,0.977195
0.001,true,0.0009960440428158565,0.978869
0.001,true,0.0009961991294710243,0.980482
0.001,true,0.0009963542161261923,0.982032
0.001,true,0.0009964317594537762,0.982784
0.001,true,0.0009965093027813601,0.98352
0.001,true,0.0009966643894365281,0.984945
0.001,true,0.000996819476091696,0.986307
0.001,true,0.000996974562746864,0.987605
0.001,true,0.0009971296494020317,0.988841
0.001,true,0.0009972847360571998,0.990012
0.001,true,0.0009974398227123676,0.991119
0.001,true,0.0009975949093675356,0.992163
0.001,true,0.0009977499960227034,0.993142
0.001,true,0.0009979050826778714,0.994056
0.001,true,0.000997982626005455,0.994489
0.001,true,0.0009980601693330392,0.994906
0.001,true,0.0009982152559882072,0.995691
0.001,true,0.000998370342643375,0.99641
0.001,true,0.000998525429298543,0.997065
0.001,true,0.0009986805159537108,0.997654
0.001,true,0.0009988356026088788,0.998178
0.001,true,0.0009989906892640466,0.998636
0.001,true,0.0009991457759192146,0.999028
0.001,true,0.0009993008625743824,0.999354
0.001,true,0.0009994559492295502,0.999615
0.001,true,0.0009995334925571343,0.99972
0.001,true,0.0009996110358847182,0.999809
0.001,true,0.000999766122539886,0.999938
0.001,true,0.000999921209195054,1
0.001,true,0.0010000762958502218,0.999996
0.001,true,0.0010002313825053899,0.999926
0.001,true,0.0010003864691605577,0.999789
0.001,true,0.0010005415558157257,0.999586
0.001,true,0.0010006966424708935,0.999316
0.001,true,0.0010008517291260615,0.998981
0.001,true,0.0010010068157812293,0.998578
0.001,true,0.0010010843591088132,0.998352
0.001,true,0.0010011619024363973,0.99811
0.001,true,0.001001316989091565,0.997575
0.001,true,0.001001472075746733,0.996973
0.001,true,0.001001627162401901,0.996305
0.001,true,0.001001782249057069,0.995571
0.001,true,0.0010019373357122367,0.994771
0.001,true,0.0010020924223674047,0.993905
0.001,true,0.0010022475090225725,0.992972
0.001,true,0.0010024025956777405,0.991974
0.001,true,0.0010025576823329083,0.99091
0.001,true,0.0010026352256604924,0.990353
0.001,true,0.0010027127689880763,0.989779
0.001,true,0.0010028678556432441,0.988584
0.001,true,0.0010030229422984122,0.987322
0.001,true,0.00100317802895358,0.985996
0.001,true,0.001003333115608748,0.984604
0.001,true,0.0010034882022639158,0.983147
0.001,true,0.0010036432889190838,0.981625
0.001,true,0.0010037983755742516,0.980038
0.001,true,0.0010039534622294196,0.978387
0.001,true,0.0010041085488845874,0.976672
0.001,true,0.0010041860922121713,0.97579
0.001,true,0.0010042636355397554,0.974892
0.001,true,0.0010044187221949232,0.973049
0.001,true,0.0010045738088500912,0.971141
0.001,true,0.001004728895505259,0.969171
0.001,true,0.001004883982160427,0.967137
0.001,true,0.0010050390688155948,0.96504
0.001,true,0.0010051941554707626,0.962881
0.001,true,0.0010053492421259306,0.96066
0.001,true,0.0010055043287810986,0.958376
0.001,true,0.0010056594154362664,0.956031
0.001,true,0.0010057369587638503,0.954835
0.001,true,0.0010058145020914342,0.953624
0.001,true,0.0010059695887466023,0.951156
0.001,true,0.00100612467540177,0.948627
0.001,true,0.001006279762056938,0.946038
0.001,true,0.0010064348487121059,0.94339
0.001,true,0.0010065899353672739,0.940681
0.001,true,0.0010067450220224417,0.937913
0.001,true,0.0010069001086776097,0.935086
0.001,true,0.0010070551953327775,0.932201
0.001,true,0.0010072102819879455,0.929257
0.001,true,0.0010072878253155294,0.927764
0.001,true,0.0010073653686431133,0.926256
0.001,true,0.0010075204552982813,0.923198
0.001,true,0.0010076755419534491,0.920083
0.001,true,0.0010078306286086171,0.916912
0.001,true,0.001007985715263785,0.913685
0.001,true,0.0010080632585913688,0.91205
0.001,true,0.001008140801918953,0.910402
0.001,true,0.0010082958885741207,0.907064
0.001,true,0.0010084509752292887,0.903673
0.001,true,0.0010086060618844565,0.900227
0.001,true,0.0010087611485396246,0.896727
0.001,true,0.0010088386918672082,0.894958
0.001,true,0.0010089162351947924,0.893175
0.001,true,0.0010090713218499604,0.889571
0.001,true,0.0010092264085051282,0.885914
0.001,true,0.0010093814951602962,0.882207
0.001,true,0.001009536581815464,0.878449
0.001,true,0.001009691668470632,0.87464
0.001,true,0.0010098467551257998,0.870782
0.001,true,0.0010100018417809678,0.866875
0.001,true,0.0010101569284361356,0.86292
0.001,true,0.0010103120150913036,0.858916
0.001,true,0.0010103895584188875,0.856897
0.001,true,0.0010104671017464714,0.854866
0.001,true,0.0010106221884016394,0.850769
0.001,true,0.0010107772750568072,0.846626
0.001,true,0.001010932361711975,0.842438
0.001,true,0.001011087448367143,0.838205
0.001,true,0.001011242535022311,0.833928
0.001,true,0.0010113976216774788,0.829608
0.001,true,0.0010115527083326466,0.825245
0.001,true,0.0010117077949878147,0.82084
0.001,true,0.0010118628816429825,0.816393
0.001,true,0.0010119404249705664,0.814155
0.001,true,0.0010120179682981505,0.811906
0.001,true,0.0010121730549533183,0.807379
0.001,true,0.0010123281416084863,0.802813
0.001,true,0.001012483228263654,0.798208
0.001,true,0.001012638314918822,0.793566
0.001,true,0.0010127934015739899,0.788886
0.001,true,0.001012948488229158,0.78417
0.001,true,0.0010131035748843257,0.779418
0.001,true,0.0010132586615394937,0.774631
0.001,true,0.0010134137481946615,0.76981
0.001,true,0.0010134912915222456,0.767387
0.001,true,0.0010135688348498295,0.764956
0.001,true,0.0010137239215049973,0.760068
0.001,true,0.0010138790081601653,0.755149
0.001,true,0.0010140340948153331,0.750199
0.001,true,0.0010141891814705011,0.745219
0.001,true,0.001014344268125669,0.740208
0.001,true,0.001014499354780837,0.735169
0.001,true,0.0010146544414360048,0.730102
0.001,true,0.0010148095280911728,0.725008
0.001,true,0.0010149646147463406,0.719887
0.001,true,0.0010150421580739245,0.717317
0.001,true,0.0010151197014015086,0.71474
0.001,true,0.0010152747880566764,0.709568
0.001,true,0.0010154298747118444,0.704373
0.001,true,0.0010155849613670122,0.699154
0.001,true,0.0010157400480221802,0.693912
0.001,true,0.001015895134677348,0.688649
0.001,true,0.001016050221332516,0.683365
0.001,true,0.0010162053079876838,0.678061
0.001,true,0.0010163603946428518,0.672737
0.001,true,0.0010165154812980196,0.667395
0.001,true,0.0010165930246256035,0.664718
0.001,true,0.0010166705679531876,0.662036
0.001,true,0.0010168256546083554,0.656659
0.001,true,0.0010169807412635234,0.651267
0.001,true,0.0010171358279186912,0.645859
0.001,true,0.001017290914573859,0.640437
0.001,true,0.001017446001229027,0.635002
0.001,true,0.0010176010878841949,0.629553
0.001,true,0.0010177561745393629,0.624093
0.001,true,0.0010179112611945307,0.618622
0.001,true,0.0010180663478496987,0.61314
0.001,true,0.0010181438911772826,0.610396
0.001,true,0.0010182214345048665,0.607649
0.001,true,0.0010183765211600345,0.602149
0.001,true,0.0010185316078152023,0.596642
0.001,true,0.0010186866944703703,0.591127
0.001,true,0.001018841781125538,0.585606
0.001,true,0.0010189968677807061,0.58008
0.001,true,0.001019151954435874,0.574549
0.001,true,0.001019307041091042,0.569015
0.001,true,0.0010194621277462097,0.563477
0.001,true,0.0010196172144013777,0.557937
0.001,true,0.0010196947577289616,0.555167
0.001,true,0.0010197723010565455,0.552396
0.001,true,0.0010199273877117135,0.546854
0.001,true,0.0010200824743668813,0.541313
0.001,true,0.0010202375610220494,0.535772
0.001,true,0.0010203926476772172,0.530233
0.001,true,0.0010205477343323852,0.524697
0.001,true,0.001020702820987553,0.519164
0.001,true,0.001020857907642721,0.513635
0.001,true,0.0010210129942978888,0.508111
0.001,true,0.0010211680809530568,0.502593
0.001,true,0.0010212456242806407,0.499836
0.001,true,0.0010213231676082246,0.497081
0.001,true,0.0010214782542633926,0.491576
0.001,true,0.0010216333409185604,0.486079
0.001,true,0.0010217884275737284,0.48059
0.001,true,0.0010219435142288962,0.475112
0.001,true,0.0010220986008840642,0.469643
0.001,true,0.001022253687539232,0.464185
0.001,true,0.0010224087741944,0.458738
0.001,true,0.0010225638608495678,0.453304
0.001,true,0.0010227189475047358,0.447883
0.001,true,0.0010227964908323195,0.445177
0.001,true,0.0010228740341599036,0.442475
0.001,true,0.0010230291208150714,0.437082
0.001,true,0.0010231842074702395,0.431704
0.001,true,0.0010233392941254075,0.426341
0.001,true,0.0010234943807805753,0.420995
0.001,true,0.001023571924108159,0.418329
0.001,true,0.001023649467435743,0.415667
0.001,true,0.001023804554090911,0.410355
0.001,true,0.0010239596407460789,0.405063
0.001,true,0.0010241147274012469,0.399789
0.001,true,0.0010242698140564147,0.394535
0.001,true,0.0010243473573839988,0.391916
0.001,true,0.0010244249007115827,0.389301
0.001,true,0.0010245799873667505,0.384089
0.001,true,0.0010247350740219185,0.378897
0.001,true,0.0010248901606770863,0.373728
0.001,true,0.0010250452473322543,0.368582
0.001,true,0.0010252003339874221,0.363459
0.001,true,0.0010253554206425901,0.35836
0.001,true,0.001025510507297758,0.353285
0.001,true,0.001025665593952926,0.348236
0.001,true,0.0010258206806080937,0.343212
0.001,true,0.0010258982239356776,0.34071
0.001,true,0.0010259757672632618,0.338214
0.001,true,0.0010261308539184296,0.333243
0.001,true,0.0010262859405735976,0.328299
0.001,true,0.0010264410272287654,0.323383
0.001,true,0.0010265961138839334,0.318495
0.001,true,0.0010267512005391012,0.313636
0.001,true,0.0010269062871942692,0.308806
0.001,true,0.001027061373849437,0.304006
0.001,true,0.001027216460504605,0.299236
0.001,true,0.0010273715471597728,0.294497
0.001,true,0.001027449090487357,0.292139
0.001,true,0.0010275266338149408,0.289789
0.001,true,0.0010276817204701086,0.285113
0.001,true,0.0010278368071252766,0.280468
0.001,true,0.0010279918937804444,0.275856
0.001,true,0.0010281469804356124,0.271277
0.001,true,0.0010283020670907802,0.266731
0.001,true,0.0010284571537459482,0.262218
0.001,true,0.001028612240401116,0.25774
0.001,true,0.0010287673270562838,0.253296
0.001,true,0.0010289224137114519,0.248887
0.001,true,0.0010289999570390358,0.246695
0.001,true,0.0010290775003666199,0.244513
0.001,true,0.0010292325870217877,0.240174
0.001,true,0.0010293876736769555,0.235872
0.001,true,0.0010295427603321235,0.231605
0.001,true,0.0010296978469872913,0.227375
0.001,true,0.0010298529336424593,0.223182
0.001,true,0.001030008020297627,0.219026
0.001,true,0.001030163106952795,0.214907
0.001,true,0.001030318193607963,0.210826
0.001,true,0.001030473280263131,0.206783
0.001,true,0.0010305508235907148,0.204775
0.001,true,0.0010306283669182987,0.202778
0.001,true,0.0010307834535734667,0.198811
0.001,true,0.0010309385402286345,0.194883
0.001,true,0.0010310936268838025,0.190994
0.001,true,0.0010312487135389703,0.187144
0.001,true,0.0010314038001941383,0.183334
0.001,true,0.0010315588868493061,0.179563
0.001,true,0.0010317139735044742,0.175831
0.001,true,0.001031869060159642,0.17214
0.001,true,0.00103202414681481,0.168489
0.001,true,0.0010321016901423939,0.166678
0.001,true,0.0010321792334699778,0.164878
0.001,true,0.0010323343201251458,0.161307
0.001,true,0.0010324894067803136,0.157777
0.001,true,0.0010326444934354816,0.154288
0.001,true,0.0010327995800906494,0.15084
0.001,true,0.0010329546667458174,0.147432
0.001,true,0.0010331097534009852,0.144066
0.001,true,0.0010332648400561532,0.14074
0.001,true,0.001033419926711321,0.137456
0.001,true,0.001033575013366489,0.134214
0.001,true,0.0010336525566940727,0.132608
0.001,true,0.0010337301000216568,0.131012
0.001,true,0.0010338851866768248,0.127853
0.001,true,0.0010340402733319926,0.124734
0.001,true,0.0010341953599871606,0.121658
0.001,true,0.0010343504466423284,0.118622
0.001,true,0.0010345055332974962,0.115629
0.001,true,0.0010346606199526643,0.112677
0.001,true,0.0010348157066078323,0.109767
0.001,true,0.001034970793263,0.106899
0.001,true,0.0010351258799181679,0.104072
0.001,true,0.001035203423245752,0.102674
0.001,true,0.0010352809665733359,0.101287
0.001,true,0.0010354360532285037,0.0985436
0.001,true,0.0010355911398836717,0.0958418
0.001,true,0.0010357462265388395,0.0931816
0.001,true,0.0010359013131940075,0.090563
0.001,true,0.0010360563998491753,0.0879858
0.001,true,0.0010362114865043433,0.0854501
0.001,true,0.0010363665731595111,0.0829558
0.001,true,0.0010365216598146791,0.0805027
0.001,true,0.001036676746469847,0.0780908
0.001,true,0.0010367542897974308,0.0769003
0.001,true,0.001036831833125015,0.0757201
0.001,true,0.0010369869197801827,0.0733904
0.001,true,0.0010371420064353507,0.0711016
0.001,true,0.0010372970930905185,0.0688537
0.001,true,0.0010374521797456866,0.0666464
0.001,true,0.0010376072664008544,0.0644797
0.001,true,0.0010377623530560224,0.0623534
0.001,true,0.0010379174397111902,0.0602675
0.001,true,0.0010380725263663582,0.0582217
0.001,true,0.001038227613021526,0.0562159
0.001,true,0.00103830515634911,0.0552279
0.001,true,0.001038382699676694,0.0542499
0.001,true,0.0010385377863318618,0.0523236
0.001,true,0.0010386928729870298,0.0504368
0.001,true,0.0010388479596421976,0.0485894
0.001,true,0.0010390030462973656,0.0467811
0.001,true,0.0010390805896249493,0.0458916
0.001,true,0.0010391581329525334,0.0450118
0.001,true,0.0010393132196077014,0.0432812
0.001,true,0.0010394683062628692,0.0415892
0.001,true,0.0010396233929180372,0.0399355
0.001,true,0.001039778479573205,0.03832
0.001,true,0.001039856022900789,0.0375265
0.001,true,0.001039933566228373,0.0367424
0.001,true,0.0010400886528835408,0.0352025
0.001,true,0.0010402437395387089,0.0337001
0.001,true,0.0010403988261938767,0.032235
0.001,true,0.0010405539128490447,0.0308068
0.001,true,0.0010407089995042125,0.0294154
0.001,true,0.0010408640861593803,0.0280604
0.001,true,0.0010410191728145483,0.0267418
0.001,true,0.0010411742594697163,0.0254591
0.001,true,0.001041329346124884,0.0242121
0.001,true,0.001041406889452468,0.023602
0.001,true,0.0010414844327800519,0.0230006
0.001,true,0.00104163951943522,0.0218243
0.001,true,0.0010417946060903877,0.0206829
0.001,true,0.0010419496927455557,0.0195761
0.001,true,0.0010421047794007235,0.0185037
0.001,true,0.0010422598660558915,0.0174652
0.001,true,0.0010424149527110593,0.0164606
0.001,true,0.0010425700393662273,0.0154894
0.001,true,0.0010427251260213951,0.0145513
0.001,true,0.0010428802126765631,0.0136461
0.001,true,0.001042957756004147,0.0132057
0.001,true,0.001043035299331731,0.0127733
0.001,true,0.001043190385986899,0.0119329
0.001,true,0.0010433454726420668,0.0111243
0.001,true,0.0010435005592972348,0.0103472
0.001,true,0.0010436556459524026,0.00960148
0.001,true,0.0010438107326075706,0.00888663
0.001,true,0.0010439658192627384,0.00820237
0.001,true,0.0010441209059179064,0.00754837
0.001,true,0.0010442759925730742,0.00692429
0.001,true,0.0010444310792282422,0.00632979
0.001,true,0.001044508622555826,0.00604352
0.001,true,0.00104458616588341,0.00576452
0.001,true,0.001044741252538578,0.00522814
0.001,true,0.0010448963391937458,0.00472031
0.001,true,0.0010450514258489138,0.00424066
0.001,true,0.0010452065125040816,0.00378885
0.001,true,0.0010453615991592496,0.00336451
0.001,true,0.0010455166858144174,0.0029673
0.001,true,0.0010456717724695854,0.00259685
0.001,true,0.0010458268591247532,0.0022528
0.001,true,0.0010459819457799213,0.00193478
0.001,true,0.0010460594891075052,0.00178541
0.001,true,0.001046137032435089,0.00164242
0.001,true,0.001046292119090257,0.00137536
0.001,true,0.0010464472057454249,0.00113323
0.001,true,0.0010466022924005927,0.000915654
0.001,true,0.0010467573790557607,0.000722258
0.001,true,0.0010469124657109287,0.000552666
0.001,true,0.0010470675523660965,0.000406504
0.001,true,0.0010472226390212643,0.000283391
0.001,true,0.0010473777256764323,0.000182949
0.001,true,0.0010475328123316,0.000104797
0.001,true,0.001047610355659184,7.396e-05
0.001,true,0.0010476878989867681,4.85527e-05
0.001,true,0.001047842985641936,1.38342e-05
0.001,true,0.001047998072297104,2.57291e-07
0.001,true,0.0010481531589522717,7.43745e-06
0.001,true,0.0010483082456074397,3.49893e-05
0.001,true,0.0010484633322626075,8.25267e-05
0.001,true,0.0010486184189177755,0.000149663
0.001,true,0.0010487735055729433,0.000236011
0.001,true,0.0010489285922281114,0.000341184
0.001,true,0.0010490836788832792,0.000464793
0.001,true,0.0010491612222108633,0.000533389
0.001,true,0.0010492387655384472,0.000606449
0.001,true,0.001049393852193615,0.000765766
0.001,true,0.001049548938848783,0.000942353
0.001,true,0.0010497040255039508,0.00113582
0.001,true,0.0010498591121591188,0.00134579
0.001,true,0.0010500141988142866,0.00157186
0.001,true,0.0010501692854694546,0.00181364
0.001,true,0.0010503243721246224,0.00207076
0.001,true,0.0010504794587797904,0.00234282
0.001,true,0.0010506345454349582,0.00262944
0.001,true,0.001050712088762542,0.00277808
0.001,true,0.0010507896320901262,0.00293022
0.001,true,0.001050944718745294,0.00324479
0.001,true,0.001051099805400462,0.00357276
0.001,true,0.0010512548920556298,0.00391374
0.001,true,0.0010514099787107978,0.00426735
0.001,true,0.0010515650653659656,0.00463321
0.001,true,0.0010517201520211337,0.00501094
0.001,true,0.0010518752386763015,0.00540015
0.001,true,0.0010520303253314695,0.00580047
0.001,true,0.0010521854119866373,0.00621152
0.001,true,0.0010522629553142214,0.00642095
0.001,true,0.001052340498641805,0.00663293
0.001,true,0.001052495585296973,0.00706431
0.001,true,0.001052650671952141,0.0075053
0.001,true,0.0010528057586073089,0.00795552
0.001,true,0.0010529608452624767,0.0084146
0.001,true,0.0010531159319176447,0.00888218
0.001,true,0.0010532710185728127,0.00935788
0.001,true,0.0010534261052279805,0.00984135
0.001,true,0.0010535811918831483,0.0103322
0.001,true,0.0010537362785383163,0.0108301
0.001,true,0.0010538138218659002,0.0110816
0.001,true,0.0010538913651934841,0.0113347
0.001,true,0.0010540464518486521,0.0118456
0.001,true,0.00105420153850382,0.0123625
0.001,true,0.001054356625158988,0.012885
0.001,true,0.0010545117118141557,0.0134127
0.001,true,0.0010545892551417396,0.0136785
0.001,true,0.0010546667984693238,0.0139454
0.001,true,0.0010548218851244916,0.0144827
0.001,true,0.0010549769717796596,0.0150241
0.001,true,0.0010551320584348274,0.0155695
0.001,true,0.0010552871450899954,0.0161185
0.001,true,0.0010553646884175793,0.0163942
0.001,true,0.0010554422317451632,0.0166706
0.001,true,0.0010555973184003312,0.0172257
0.001,true,0.001055752405055499,0.0177833
0.001,true,0.001055907491710667,0.0183431
0.001,true,0.0010560625783658348,0.0189049
0.001,true,0.0010562176650210028,0.0194683
0.001,true,0.0010563727516761706,0.0200329
0.001,true,0.0010565278383313386,0.0205986
0.001,true,0.0010566829249865064,0.0211648
0.001,true,0.0010568380116416744,0.0217315
0.001,true,0.0010569155549692583,0.0220149
0.001,true,0.0010569930982968422,0.0222982
0.001,true,0.0010571481849520102,0.0228646
0.001,true,0.001057303271607178,0.0234306
0.001,true,0.001057458358262346,0.0239956
0.001,true,0.0010576134449175139,0.0245596
0.001,true,0.0010577685315726819,0.0251222
0.001,true,0.0010579236182278497,0.025683
0.001,true,0.0010580787048830175,0.026242
0.001,true,0.0010582337915381855,0.0267986
0.001,true,0.0010583888781933535,0.0273528
0.001,true,0.0010584664215209372,0.0276289
0.001,true,0.0010585439648485213,0.0279043
0.001,true,0.001058699051503689,0.0284527
0.001,true,0.001058854138158857,0.0289978
0.001,true,0.0010590092248140251,0.0295394
0.001,true,0.001059164311469193,0.0300772
0.001,true,0.0010593193981243607,0.0306109
0.001,true,0.0010594744847795287,0.0311405
0.001,true,0.0010596295714346965,0.0316655
0.001,true,0.0010597846580898645,0.0321858
0.001,true,0.0010599397447450323,0.0327011
0.001,true,0.0010600172880726164,0.0329568
0.001,true,0.0010600948314002003,0.0332112
0.001,true,0.0010602499180553681,0.033716
0.001,true,0.0010604050047105362,0.0342151
0.001,true,0.001060560091365704,0.0347085
0.001,true,0.001060715178020872,0.0351958
0.001,true,0.0010608702646760398,0.0356768
0.001,true,0.0010610253513312078,0.0361515
0.001,true,0.0010611804379863756,0.0366196
0.001,true,0.0010613355246415436,0.0370808
0.001,true,0.0010614906112967114,0.0375351
0.001,true,0.0010615681546242953,0.0377596
0.001,true,0.0010616456979518794,0.0379823
0.001,true,0.0010618007846070472,0.0384221
0.001,true,0.0010619558712622152,0.0388545
0.001,true,0.001062110957917383,0.0392792
0.001,true,0.001062266044572551,0.0396961
0.001,true,0.0010624211312277188,0.040105
0.001,true,0.0010625762178828868,0.0405059
0.001,true,0.0010627313045380546,0.0408985
0.001,true,0.0010628863911932226,0.0412827
0.001,true,0.0010630414778483904,0.0416584
0.001,true,0.0010631190211759746,0.041843
0.001,true,0.0010631965645035585,0.0420254
0.001,true,0.0010633516511587263,0.0423837
0.001,true,0.0010635067378138943,0.0427331
0.001,true,0.001063661824469062,0.0430735
0.001,true,0.0010638169111242299,0.0434049
0.001,true,0.0010639719977793979,0.043727
0.001,true,0.0010641270844345659,0.0440397
0.001,true,0.0010642821710897337,0.0443431
0.001,true,0.0010644372577449015,0.044637
0.001,true,0.0010645923444000695,0.0449213
0.001,true,0.0010646698877276534,0.0450599
0.001,true,0.0010647474310552375,0.045196
0.001,true,0.0010649025177104053,0.045461
0.001,true,0.001065057604365573,0.0457161
0.001,true,0.0010652126910207411,0.0459614
0.001,true,0.001065367777675909,0.0461968
0.001,true,0.001065522864331077,0.0464221
0.001,true,0.0010656779509862447,0.0466375
0.001,true,0.0010658330376414127,0.0468428
0.001,true,0.0010659881242965805,0.0470379
0.001,true,0.0010661432109517486,0.047223
0.001,true,0.0010662207542793325,0.0473116
0.001,true,0.0010662982976069164,0.0473978
0.001,true,0.0010664533842620844,0.0475624
0.001,true,0.0010666084709172522,0.0477168
0.001,true,0.0010667635575724202,0.0478609
0.001,true,0.001066918644227588,0.0479948
0.001,true,0.001067073730882756,0.0481184
0.001,true,0.0010672288175379238,0.0482317
0.001,true,0.0010673839041930918,0.0483347
0.001,true,0.0010675389908482596,0.0484275
0.001,true,0.0010676940775034276,0.04851
0.001,true,0.0010677716208310115,0.0485474
0.001,true,0.0010678491641585954,0.0485822
0.001,true,0.0010680042508137634,0.0486442
0.001,true,0.0010681593374689312,0.048696
0.001,true,0.0010683144241240992,0.0487376
0.001,true,0.001068469510779267,0.048769
0.001,true,0.001068624597434435,0.0487903
0.001,true,0.0010687796840896028,0.0488015
0.001,true,0.0010689347707447709,0.0488026
0.001,true,0.0010690898573999387,0.0487938
0.001,true,0.0010692449440551067,0.0487749
0.001,true,0.0010693224873826906,0.0487618
0.001,true,0.0010694000307102745,0.0487462
0.001,true,0.0010695551173654425,0.0487076
0.001,true,0.0010697102040206103,0.0486593
0.001,true,0.0010698652906757783,0.0486012
0.001,true,0.001070020377330946,0.0485334
0.001,true,0.00107009792065853,0.048496
0.001,true,0.0010701754639861139,0.0484561
0.001,true,0.001070330550641282,0.0483692
0.001,true,0.00107048563729645,0.0482729
0.001,true,0.0010706407239516177,0.0481673
0.001,true,0.0010707958106067855,0.0480524
0.001,true,0.0010708733539343696,0.0479915
0.001,true,0.0010709508972619535,0.0479283
0.001,true,0.0010711059839171215,0.0477951
0.001,true,0.0010712610705722893,0.0476529
0.001,true,0.0010714161572274571,0.0475018
0.001,true,0.0010715712438826251,0.0473418
0.001,true,0.001071726330537793,0.0471732
0.001,true,0.001071881417192961,0.046996
0.001,true,0.0010720365038481288,0.0468103
0.001,true,0.0010721915905032968,0.0466162
0.001,true,0.0010723466771584646,0.0464138
0.001,true,0.0010724242204860485,0.0463096
0.001,true,0.0010725017638136326,0.0462033
0.001,true,0.0010726568504688004,0.0459847
0.001,true,0.0010728119371239684,0.0457583
0.001,true,0.0010729670237791362,0.045524
0.001,true,0.0010731221104343042,0.0452821
0.001,true,0.001073277197089472,0.0450326
0.001,true,0.00107343228374464,0.0447757
0.001,true,0.0010735873703998078,0.0445115
0.001,true,0.0010737424570549758,0.0442402
0.001,true,0.0010738975437101436,0.0439618
0.001,true,0.0010739750870377277,0.04382
0.001,true,0.0010740526303653116,0.0436766
0.001,true,0.0010742077170204794,0.0433846
0.001,true,0.0010743628036756474,0.043086
0.001,true,0.0010745178903308152,0.0427809
0.001,true,0.0010746729769859833,0.0424696
0.001,true,0.001074828063641151,0.042152
0.001,true,0.001074983150296319,0.0418284
0.001,true,0.0010751382369514869,0.041499
0.001,true,0.0010752933236066549,0.0411638
0.001,true,0.0010754484102618227,0.040823
0.001,true,0.0010755259535894066,0.0406505
0.001,true,0.0010756034969169907,0.0404767
0.001,true,0.0010757585835721585,0.0401252
0.001,true,0.0010759136702273263,0.0397686
0.001,true,0.0010760687568824943,0.0394069
0.001,true,0.0010762238435376623,0.0390404
0.001,true,0.0010763789301928301,0.0386693
0.001,true,0.001076534016847998,0.0382936
0.001,true,0.001076689103503166,0.0379136
0.001,true,0.001076844190158334,0.0375294
0.001,true,0.0010769992768135017,0.0371411
0.001,true,0.0010770768201410858,0.0369455
0.001,true,0.0010786276866927647,0.032859
0.001,true,0.0010801785532444437,0.028548
0.001,true,0.0010817294197961228,0.0241666
0.001,true,0.0010832802863478016,0.01986
0.001,true,0.001084831152899481,0.0157607
0.001,true,0.0010856065861753201,0.0138259
0.001,true,0.0010863820194511598,0.011985
0.001,true,0.001087932886002839,0.00863008
0.001,true,0.0010894837525545179,0.00577242
0.001,true,0.001091034619106197,0.00346715
0.001,true,0.001092585485657876,0.00174766
0.001,true,0.001094136352209555,0.000626081
0.001,true,0.001095687218761234,9.4246e-05
0.001,true,0.001097238085312913,0.000125149
0.001,true,0.0010987889518645922,0.000674768
0.001,true,0.001100339818416271,0.00168426
0.001,true,0.0011011152516921105,0.00233962
0.001,true,0.0011018906849679503,0.00308246
0.001,true,0.0011034415515196292,0.00478867
0.001,true,0.0011049924180713082,0.00671562
0.001,true,0.0011065432846229873,0.00877259
0.001,true,0.001108094151174666,0.0108686
0.001,true,0.0011096450177263454,0.0129157
0.001,true,0.0011111958842780242,0.0148318
0.001,true,0.0011127467508297035,0.0165435
0.001,true,0.0011142976173813823,0.0179885
0.001,true,0.0011158484839330614,0.0191177
0.001,true,0.0011166239172089008,0.0195523
0.001,true,0.0011173993504847404,0.0198961
0.001,true,0.0011189502170364195,0.020304
0.001,true,0.0011205010835880986,0.0203365
0.001,true,0.0011220519501397774,0.0200035
0.001,true,0.0011236028166914567,0.0193278
0.001,true,0.0011251536832431355,0.0183442
0.001,true,0.0011267045497948148,0.0170968
0.001,true,0.0011282554163464936,0.0156369
0.001,true,0.0011298062828981727,0.0140208
0.001,true,0.0011313571494498517,0.0123069
0.001,true,0.0011321325827256912,0.0114316
0.001,true,0.0011329080160015306,0.0105538
0.001,true,0.0011344588825532098,0.00881789
0.001,true,0.0011346329089625688,0.00862652
0.001,true,0.0011360097491048887,0.00715159
0.001,true,0.001137560615656568,0.00560167
0.001,true,0.0011391114822082468,0.00420803
0.001,true,0.0011406623487599259,0.00300276
0.001,true,0.001142213215311605,0.00200946
0.001,true,0.001143764081863284,0.00124297
0.001,true,0.001145314948414963,0.000709306
0.001,true,0.0011468658149666419,0.000405957
0.001,true,0.0011476412482424813,0.000337638
0.001,true,0.0011484166815183211,0.000322337
0.001,true,0.00114996754807,0.000440554
0.001,true,0.0011515184146216793,0.000736348
0.001,true,0.001153069281173358,0.00118023
0.001,true,0.0011546201477250371,0.00173877
0.001,true,0.0011561710142767162,0.00237598
0.001,true,0.001157721880828395,0.00305481
0.001,true,0.0011592727473800743,0.00373861
0.001,true,0.0011608236139317532,0.00439256
0.001,true,0.0011623744804834324,0.00498502
0.001,true,0.0011631499137592716,0.00524946
0.001,true,0.0011639253470351113,0.00548868
0.001,true,0.0011654762135867903,0.00588155
0.001,true,0.0011670270801384694,0.0061476
0.001,true,0.0011685779466901484,0.00627721
0.001,true,0.0011701288132418275,0.00626725
0.001,true,0.0011716796797935063,0.00612092
0.001,true,0.0011732305463451856,0.00584728
0.001,true,0.0011747814128968644,0.00546058
0.001,true,0.0011763322794485437,0.00497938
0.001,true,0.0011778831460002226,0.00442556
0.001,true,0.001178658579276062,0.0041289
0.001,true,0.0011794340125519016,0.00382324
0.001,true,0.0011809848791035807,0.00319769
0.001,true,0.0011825357456552595,0.00257426
0.001,true,0.0011840866122069388,0.00197737
0.001,true,0.0011856374787586176,0.00142961
0.001,true,0.001187188345310297,0.000950936
0.001,true,0.0011887392118619757,0.000558039
0.001,true,0.0011902900784136548,0.000263812
0.001,true,0.0011918409449653338,7.70104e-05
0.001,true,0.001193391811517013,2.03897e-06
0.001,true,0.0011941672447928523,6.66093e-06
0.001,true,0.001194942678068692,3.89009e-05
0.001,true,0.0011964935446203708,0.000183292
0.001,true,0.00119804441117205,0.000426842
0.001,true,0.001199595277723729,0.000757488
0.001,true,0.0012011461442754082,0.00115999
0.001,true,0.001202697010827087,0.00161653
0.001,true,0.0012042478773787659,0.00210746
0.001,true,0.0012057987439304451,0.00261207
0.003,fit,0.0029152379902590967,0.000947713
0.003,fit,0.002915400831208083,0.00105791
0.003,fit,0.00291556368125313,0.00117324
0.003,fit,0.0029157265403947402,0.0012935
0.003,fit,0.002915889408633428,0.00141847
0.003,fit,0.002916052285969695,0.00154791
0.003,fit,0.002916215172404053,0.0016816
0.003,fit,0.0029163780679370135,0.00181926
0.003,fit,0.002916540972569078,0.00196064
0.003,fit,0.0029167038863007577,0.00210546
0.003,fit,0.0029168668091325645,0.00225343
0.003,fit,0.002917029741065001,0.00240425
0.003,fit,0.00291719268209858,0.00255761
0.003,fit,0.002917355632233805,0.00271321
0.003,fit,0.002917518591471188,0.00287072
0.003,fit,0.002917681559811239,0.0030298
0.003,fit,0.0029178445372544616,0.00319013
0.003,fit,0.0029180075238013667,0.00335136
0.003,fit,0.0029181705194524657,0.00351313
0.003,fit,0.002918333524208262,0.0036751
0.003,fit,0.002918496538069269,0.00383691
0.003,fit,0.0029186595610359903,0.00399819
0.003,fit,0.0029188225931089367,0.00415858
0.003,fit,0.0029189856342886206,0.00431773
0.003,fit,0.0029191486845755446,0.00447525
0.003,fit,0.00291931174397022,0.0046308
0.003,fit,0.0029194748124731587,0.00478399
0.003,fit,0.002919637890084863,0.00493447
0.003,fit,0.002919800976805849,0.00508188
0.003,fit,0.0029199640726366182,0.00522586
0.003,fit,0.0029201271775776837,0.00536605
0.003,fit,0.002920290291629556,0.00550211
0.003,fit,0.002920453414792739,0.0056337
0.003,fit,0.0029206165470677444,0.00576047
0.003,fit,0.002920779688455084,0.00588211
0.003,fit,0.002920942838955261,0.00599829
0.003,fit,0.0029211059985687904,0.00610871
0.003,fit,0.002921269167296175,0.00621305
0.003,fit,0.002921432345137927,0.00631105
0.003,fit,0.0029215955320945593,0.00640242
0.003,fit,0.002921758728166574,0.00648689
0.003,fit,0.0029219219333544866,0.00656422
0.003,fit,0.0029220851476588,0.00663418
0.003,fit,0.0029222483710800275,0.00669655
0.003,fit,0.00292241160361868,0.00675112
0.003,fit,0.002922574845275262,0.00679771
0.003,fit,0.0029227380960502847,0.00683615
0.003,fit,0.002922901355944261,0.00686629
0.003,fit,0.0029230646249576945,0.006888
0.003,fit,0.0029232279030911,0.00690116
0.003,fit,0.0029233911903449815,0.0069057
0.003,fit,0.002923554486719851,0.00690153
0.003,fit,0.0029237177922162216,0.00688861
0.003,fit,0.0029238811068345964,0.00686691
0.003,fit,0.002924044430575488,0.00683643
0.003,fit,0.0029242077634394083,0.00679719
0.003,fit,0.0029243711054268624,0.00674922
0.003,fit,0.0029245344565383643,0.0066926
0.003,fit,0.002924697816774419,0.0066274
0.003,fit,0.0029248611861355384,0.00655375
0.003,fit,0.0029250245646222353,0.00647177
0.003,fit,0.0029251879522350136,0.00638163
0.003,fit,0.002925351348974386,0.00628351
0.003,fit,0.0029255147548408653,0.00617762
0.003,fit,0.0029256781698349553,0.0060642
0.003,fit,0.0029258415939571723,0.0059435
0.003,fit,0.0029260050272080194,0.00581579
0.003,fit,0.0029261684695880102,0.00568139
0.003,fit,0.002926331921097657,0.00554063
0.003,fit,0.0029264953817374644,0.00539384
0.003,fit,0.002926658851507945,0.00524142
0.003,fit,0.002926822330409612,0.00508374
0.003,fit,0.002926985818442969,0.00492123
0.003,fit,0.0029271493156085328,0.00475433
0.003,fit,0.0029273128219068074,0.0045835
0.003,fit,0.0029274763373383053,0.00440921
0.003,fit,0.0029276398619035404,0.00423197
0.003,fit,0.0029278033956030166,0.00405228
0.003,fit,0.00292796693843725,0.00387069
0.003,fit,0.002928130490406745,0.00368773
0.003,fit,0.0029282940515120144,0.00350399
0.003,fit,0.0029284576217535724,0.00332004
0.003,fit,0.002928621201131923,0.00313647
0.003,fit,0.0029287847896475793,0.0029539
0.003,fit,0.002928948387301055,0.00277293
0.003,fit,0.0029291119940928543,0.00259421
0.003,fit,0.002929275610023494,0.00241836
0.003,fit,0.002929439235093478,0.00224604
0.003,fit,0.00292960286930332,0.00207789
0.003,fit,0.002929766512653534,0.00191458
0.003,fit,0.0029299301651446244,0.00175676
0.003,fit,0.002930093826777104,0.00160511
0.003,fit,0.0029302574975514878,0.00146028
0.003,fit,0.002930421177468279,0.00132295
0.003,fit,0.0029305848665279956,0.00119378
0.003,fit,0.0029307485647311416,0.00107343
0.003,fit,0.002930912272078231,0.000962567
0.003,fit,0.002931075988569777,0.00086183
0.003,fit,0.002931239714206285,0.000771871
0.003,fit,0.0029314034489882684,0.000693325
0.003,fit,0.0029315671929162415,0.000626818
0.003,fit,0.0029317309459907094,0.000572965
0.003,fit,0.002931894708212188,0.000532367
0.003,fit,0.002932058479581183,0.000505612
0.003,fit,0.002932222260098208,0.000493272
0.003,fit,0.0029323860497637777,0.000495899
0.003,fit,0.0029325498485783964,0.000514031
0.003,fit,0.002932713656542578,0.000548181
0.003,fit,0.0029328774736568372,0.000598845
0.003,fit,0.002933041299921679,0.000666493
0.003,fit,0.00293320513533762,0.000751572
0.003,fit,0.002933368979905166,0.000854505
0.003,fit,0.002933532833624831,0.000975686
0.003,fit,0.002933696696497129,0.00111548
0.003,fit,0.0029338605685225658,0.00127424
0.003,fit,0.0029340244497016578,0.00145225
0.003,fit,0.002934188340034911,0.00164981
0.003,fit,0.00293435223952284,0.00186715
0.003,fit,0.002934516148165958,0.00210449
0.003,fit,0.0029346800659647717,0.002362
0.003,fit,0.002934843992919795,0.00263983
0.003,fit,0.0029350079290315417,0.00293809
0.003,fit,0.0029351718743005186,0.00325684
0.003,fit,0.002935335828727242,0.00359612
0.003,fit,0.002935499792312218,0.00395592
0.003,fit,0.002935663765055961,0.0043362
0.003,fit,0.0029358277469589858,0.00473687
0.003,fit,0.002935991738021798,0.00515782
0.003,fit,0.002936155738244912,0.00559887
0.003,fit,0.002936319747628843,0.00605983
0.003,fit,0.002936483766174096,0.00654045
0.003,fit,0.002936647793881189,0.00704044
0.003,fit,0.002936811830750628,0.00755949
0.003,fit,0.002936975876782928,0.00809722
0.003,fit,0.0029371399319786033,0.00865323
0.003,fit,0.0029373039963381596,0.00922707
0.003,fit,0.0029374680698621126,0.00981824
0.003,fit,0.0029376321525509765,0.0104262
0.003,fit,0.002937796244405257,0.0110504
0.003,fit,0.0029379603454254733,0.0116903
0.003,fit,0.0029381244556121303,0.0123451
0.003,fit,0.0029382885749657433,0.0130143
0.003,fit,0.0029384527034868276,0.013697
0.003,fit,0.0029386168411758887,0.0143925
0.003,fit,0.0029387809880334426,0.0151001
0.003,fit,0.0029389451440600036,0.0158188
0.003,fit,0.0029391093092560783,0.0165479
0.003,fit,0.002939273483622185,0.0172864
0.003,fit,0.002939437667158829,0.0180334
0.003,fit,0.002939601859866527,0.0187879
0.003,fit,0.0029397660617457933,0.019549
0.003,fit,0.0029399302727971346,0.0203157
0.003,fit,0.0029400944930210687,0.0210868
0.003,fit,0.0029402587224181026,0.0218613
0.003,fit,0.0029404229609887515,0.0226383
0.003,fit,0.002940587208733531,0.0234164
0.003,fit,0.0029407514656529473,0.0241947
0.003,fit,0.0029409157317475156,0.0249719
0.003,fit,0.002941080007017752,0.0257469
0.003,fit,0.0029412442914641627,0.0265186
0.003,fit,0.0029414085850872664,0.0272857
0.003,fit,0.0029415728878875694,0.0280471
0.003,fit,0.002941737199865588,0.0288016
0.003,fit,0.002941901521021837,0.0295479
0.003,fit,0.002942065851356824,0.0302849
0.003,fit,0.002942230190871064,0.0310113
0.003,fit,0.002942394539565073,0.031726
0.003,fit,0.0029425588974393573,0.0324277
0.003,fit,0.0029427232644944363,0.0331153
0.003,fit,0.002942887640730817,0.0337876
0.003,fit,0.0029430520261490146,0.0344433
0.003,fit,0.0029432164207495452,0.0350815
0.003,fit,0.002943380824532916,0.0357008
0.003,fit,0.0029435452374996425,0.0363002
0.003,fit,0.002943709659650241,0.0368786
0.003,fit,0.002943874090985219,0.0374349
0.003,fit,0.0029440385315050942,0.0379681
0.003,fit,0.0029442029812103746,0.0384772
0.003,fit,0.002944367440101576,0.038961
0.003,fit,0.002944531908179215,0.0394188
0.003,fit,0.0029446963854437977,0.0398496
0.003,fit,0.002944860871895841,0.0402524
0.003,fit,0.002945025367535861,0.0406266
0.003,fit,0.002945189872364365,0.0409711
0.003,fit,0.0029453543863818725,0.0412853
0.003,fit,0.00294551890958889,0.0415685
0.003,fit,0.0029456834419859346,0.0418201
0.003,fit,0.0029458479835735222,0.0420393
0.003,fit,0.00294601253435216,0.0422256
0.003,fit,0.002946177094322368,0.0423786
0.003,fit,0.0029463416634846534,0.0424977
0.003,fit,0.002946506241839532,0.0425826
0.003,fit,0.0029466708293875215,0.0426328
0.003,fit,0.0029468354261291286,0.0426483
0.003,fit,0.00294700003206487,0.0426286
0.003,fit,0.0029471646471952617,0.0425736
0.003,fit,0.0029473292715208126,0.0424833
0.003,fit,0.002947493905042041,0.0423577
0.003,fit,0.0029476585477594556,0.0421966
0.003,fit,0.0029478231996735724,0.0420002
0.003,fit,0.0029479878607849086,0.0417688
0.003,fit,0.0029481525310939716,0.0415024
0.003,fit,0.0029483172106012784,0.0412013
0.003,fit,0.0029484818993073454,0.040866
0.003,fit,0.002948646597212681,0.0404969
0.003,fit,0.0029488113043178044,0.0400943
0.003,fit,0.002948976020623224,0.0396589
0.003,fit,0.0029491407461294567,0.0391913
0.003,fit,0.0029493054808370192,0.0386921
0.003,fit,0.0029494702247464194,0.0381621
0.003,fit,0.0029496349778581747,0.037602
0.003,fit,0.002949799740172802,0.0370128
0.003,fit,0.0029499645116908093,0.0363954
0.003,fit,0.002950129292412716,0.0357506
0.003,fit,0.002950294082339032,0.0350797
0.003,fit,0.002950458881470272,0.0343836
0.003,fit,0.0029506236898069554,0.0336635
0.003,fit,0.0029507885073495896,0.0329206
0.003,fit,0.002950953334098691,0.0321561
0.003,fit,0.0029511181700547784,0.0313714
0.003,fit,0.0029512830152183585,0.0305678
0.003,fit,0.002951447869589953,0.0297467
0.003,fit,0.0029516127331700695,0.0289095
0.003,fit,0.002951777605959225,0.0280576
0.003,fit,0.002951942487957938,0.0271927
0.003,fit,0.002952107379166716,0.0263162
0.003,fit,0.00295227227958608,0.0254297
0.003,fit,0.0029524371892165383,0.0245348
0.003,fit,0.0029526021080586084,0.0236331
0.003,fit,0.002952767036112808,0.0227263
0.003,fit,0.0029529319733796453,0.0218161
0.003,fit,0.0029530969198596382,0.0209041
0.003,fit,0.0029532618755533043,0.019992
0.003,fit,0.0029534268404611524,0.0190817
0.003,fit,0.0029535918145837028,0.0181747
0.003,fit,0.0029537567979214647,0.0172728
0.003,fit,0.0029539217904749554,0.0163778
0.003,fit,0.002954086792244693,0.0154913
0.003,fit,0.002954251803231186,0.0146151
0.003,fit,0.0029544168234349527,0.0137509
0.003,fit,0.00295458185285651,0.0129004
0.003,fit,0.0029547468914963683,0.0120652
0.003,fit,0.0029549119393550475,0.0112471
0.003,fit,0.0029550769964330563,0.0104477
0.003,fit,0.0029552420627309136,0.00966865
0.003,fit,0.0029554071382491367,0.00891146
0.003,fit,0.002955572222988235,0.00817772
0.003,fit,0.0029557373169487263,0.00746896
0.003,fit,0.002955902420131129,0.00678667
0.003,fit,0.0029560675325359517,0.00613229
0.003,fit,0.0029562326541637163,0.00550723
0.003,fit,0.0029563977850149315,0.00491283
0.003,fit,0.0029565629250901154,0.00435041
0.003,fit,0.0029567280743897865,0.00382121
0.003,fit,0.002956893232914454,0.00332642
0.003,fit,0.0029570584006646363,0.0028672
0.003,fit,0.0029572235776408515,0.0024446
0.003,fit,0.002957388763843609,0.00205964
0.003,fit,0.00295755395927343,0.00171327
0.003,fit,0.002957719163930825,0.00140636
0.003,fit,0.002957884377816311,0.00113971
0.003,fit,0.002958049600930407,0.000914063
0.003,fit,0.0029582148332736227,0.000730061
0.003,fit,0.0029583800748464793,0.000588287
0.003,fit,0.002958545325649487,0.000489236
0.003,fit,0.0029587105856831632,0.000433326
0.003,fit,0.002958875854948028,0.000420888
0.003,fit,0.00295904113344459,0.000452169
0.003,fit,0.0029592064211733677,0.000527333
0.003,fit,0.0029593717181348807,0.000646453
0.003,fit,0.002959537024329638,0.000809514
0.003,fit,0.002959702339758162,0.00101641
0.003,fit,0.002959867664420962,0.00126696
0.003,fit,0.0029600329983185568,0.00156086
0.003,fit,0.002960198341451465,0.00189774
0.003,fit,0.002960363693820197,0.00227714
0.003,fit,0.002960529055425272,0.0026985
0.003,fit,0.0029606944262672084,0.00316115
0.003,fit,0.0029608598063465157,0.00366436
0.003,fit,0.002961025195663717,0.0042073
0.003,fit,0.002961190594219321,0.00478904
0.003,fit,0.0029613560020138483,0.00540856
0.003,fit,0.002961521419047817,0.00606476
0.003,fit,0.002961686845321737,0.00675645
0.003,fit,0.0029618522808361274,0.00748235
0.003,fit,0.0029620177255915083,0.0082411
0.003,fit,0.002962183179588389,0.00903125
0.003,fit,0.0029623486428272923,0.00985128
0.003,fit,0.002962514115308728,0.0106996
0.003,fit,0.002962679597033216,0.0115745
0.003,fit,0.0029628450880012746,0.0124742
0.003,fit,0.002963010588213415,0.013397
0.003,fit,0.0029631760976701563,0.0143408
0.003,fit,0.0029633416163720176,0.0153039
0.003,fit,0.0029635071443195097,0.016284
0.003,fit,0.0029636726815131546,0.0172793
0.003,fit,0.0029638382279534633,0.0182875
0.003,fit,0.0029640037836409553,0.0193064
0.003,fit,0.0029641693485761497,0.0203339
0.003,fit,0.0029643349227595575,0.0213677
0.003,fit,0.0029645005061917007,0.0224054
0.003,fit,0.0029646660988730906,0.0234447
0.003,fit,0.0029648317008042465,0.0244833
0.003,fit,0.002964997311985688,0.0255188
0.003,fit,0.002965162932417926,0.0265488
0.003,fit,0.00296532856210148,0.0275708
0.003,fit,0.0029654942010368703,0.0285824
0.003,fit,0.002965659849224607,0.0295813
0.003,fit,0.0029658255066652137,0.0305649
0.003,fit,0.0029659911733592005,0.031531
0.003,fit,0.0029661568493070875,0.0324769
0.003,fit,0.0029663225345093946,0.0334005
0.003,fit,0.002966488228966633,0.0342994
0.003,fit,0.0029666539326793227,0.0351711
0.003,fit,0.0029668196456479833,0.0360135
0.003,fit,0.0029669853678731257,0.0368244
0.003,fit,0.002967151099355274,0.0376014
0.003,fit,0.002967316840094938,0.0383426
0.003,fit,0.0029674825900926384,0.0390458
0.003,fit,0.0029676483493488955,0.039709
0.003,fit,0.00296781411786422,0.0403303
0.003,fit,0.0029679798956391327,0.0409079
0.003,fit,0.0029681456826741535,0.04144
0.003,fit,0.0029683114789697935,0.0419249
0.003,fit,0.002968477284526576,0.042361
0.003,fit,0.0029686430993450127,0.042747
0.003,fit,0.0029688089234256236,0.0430813
0.003,fit,0.0029689747567689293,0.0433628
0.003,fit,0.002969140599375441,0.0435904
0.003,fit,0.0029693064512456794,0.0437629
0.003,fit,0.002969472312380164,0.0438797
0.003,fit,0.002969638182779408,0.0439398
0.003,fit,0.0029698040624439336,0.0439426
0.003,fit,0.0029699699513742526,0.0438878
0.003,fit,0.0029701358495708855,0.043775
0.003,fit,0.0029703017570343535,0.043604
0.003,fit,0.0029704676737651674,0.0433748
0.003,fit,0.0029706335997638517,0.0430875
0.003,fit,0.0029707995350309177,0.0427424
0.003,fit,0.0029709654795668857,0.04234
0.003,fit,0.002971131433372277,0.041881
0.003,fit,0.002971297396447603,0.0413659
0.003,fit,0.002971463368793385,0.040796
0.003,fit,0.0029716293504101435,0.0401722
0.003,fit,0.0029717953412983903,0.0394959
0.003,fit,0.0029719613414586495,0.0387686
0.003,fit,0.002972127350891433,0.0379919
0.003,fit,0.0029722933695972616,0.0371677
0.003,fit,0.0029724593975766563,0.0362978
0.003,fit,0.0029726254348301294,0.0353846
0.003,fit,0.0029727914813582014,0.0344304
0.003,fit,0.0029729575371613935,0.0334377
0.003,fit,0.0029731236022402185,0.0324092
0.003,fit,0.0029732896765951996,0.0313477
0.003,fit,0.002973455760226849,0.0302564
0.003,fit,0.002973621853135689,0.0291383
0.003,fit,0.0029737879553222396,0.0279969
0.003,fit,0.0029739540667870134,0.0268357
0.003,fit,0.002974120187530532,0.0256583
0.003,fit,0.002974286317553316,0.0244687
0.003,fit,0.0029744524568558785,0.0232707
0.003,fit,0.0029746186054387435,0.0220685
0.003,fit,0.0029747847633024233,0.0208664
0.003,fit,0.0029749509304474397,0.0196688
0.003,fit,0.0029751171068743134,0.0184802
0.003,fit,0.0029752832925835576,0.0173053
0.003,fit,0.0029754494875756936,0.0161487
0.003,fit,0.0029756156918512426,0.0150156
0.003,fit,0.0029757819054107176,0.0139107
0.003,fit,0.0029759481282546425,0.0128392
0.003,fit,0.002976114360383531,0.0118064
0.003,fit,0.002976280601797904,0.0108174
0.003,fit,0.002976446852498283,0.00987769
0.003,fit,0.0029766131124851817,0.00899263
0.003,fit,0.0029767793817591236,0.00816771
0.003,fit,0.0029769456603206223,0.0074085
0.003,fit,0.002977111948170199,0.00672059
0.003,fit,0.002977278245308376,0.00610963
0.003,fit,0.002977444551735666,0.00558129
0.003,fit,0.002977610867452591,0.00514127
0.003,fit,0.002977777192459673,0.0047953
0.003,fit,0.002977943526757424,0.0045491
0.003,fit,0.0029781098703463697,0.0044084
0.003,fit,0.0029782762232270234,0.00437894
0.003,fit,0.002978442585399907,0.00446641
0.003,fit,0.002978608956865542,0.0046765
0.003,fit,0.0029787753376244418,0.00501487
0.003,fit,0.0029789417276771283,0.00548713
0.003,fit,0.002979108127024124,0.00609883
0.003,fit,0.0029792745356659422,0.00685548
0.003,fit,0.0029794409536031074,0.00776251
0.003,fit,0.0029796073808361335,0.00882528
0.003,fit,0.0029797738173655422,0.0100491
0.003,fit,0.0029799402631918567,0.011439
0.003,fit,0.002980106718315589,0.0130003
0.003,fit,0.0029802731827372627,0.0147378
0.003,fit,0.002980439656457399,0.0166564
0.003,fit,0.002980606139476512,0.0187607
0.003,fit,0.0029807726317951275,0.0210555
0.003,fit,0.002980939133413758,0.023545
0.003,fit,0.002981105644332927,0.0262337
0.003,fit,0.002981272164553156,0.0291256
0.003,fit,0.002981438694074959,0.0322246
0.003,fit,0.0029816052328988586,0.0355345
0.003,fit,0.0029817717810253774,0.0390589
0.003,fit,0.002981938338455029,0.0428013
0.003,fit,0.0029821049051883394,0.0467646
0.003,fit,0.0029822714812258217,0.050952
0.003,fit,0.002982438066567999,0.0553662
0.003,fit,0.002982604661215394,0.0600096
0.003,fit,0.00298277126516852,0.0648847
0.003,fit,0.0029829378784279035,0.0699933
0.003,fit,0.002983104500994058,0.0753374
0.003,fit,0.0029832711328675065,0.0809185
0.003,fit,0.002983437774048772,0.0867379
0.003,fit,0.002983604424538368,0.0927965
0.003,fit,0.0029837710843368176,0.0990952
0.003,fit,0.002983937753444644,0.105634
0.003,fit,0.002984104431862361,0.112414
0.003,fit,0.0029842711195904943,0.119435
0.003,fit,0.002984437816629559,0.126696
0.003,fit,0.0029846045229800773,0.134196
0.003,fit,0.0029847712386425725,0.141935
0.003,fit,0.002984937963617559,0.149912
0.003,fit,0.0029851046979055594,0.158124
0.003,fit,0.002985271441507098,0.16657
0.003,fit,0.002985438194422688,0.175248
0.003,fit,0.002985604956652856,0.184155
0.003,fit,0.0029857717281981163,0.193289
0.003,fit,0.0029859385090589925,0.202646
0.003,fit,0.0029861052992360077,0.212223
0.003,fit,0.0029862720987296762,0.222016
0.003,fit,0.0029864389075405216,0.232022
0.003,fit,0.002986605725669067,0.242236
0.003,fit,0.0029867725531158274,0.252653
0.003,fit,0.002986939389881329,0.263269
0.003,fit,0.0029871062359660863,0.274078
0.003,fit,0.002987273091370623,0.285074
0.003,fit,0.0029874399560954625,0.296253
0.003,fit,0.0029876068301411198,0.307608
0.003,fit,0.002987773713508118,0.319132
0.003,fit,0.002987940606196981,0.33082
0.003,fit,0.002988107508208224,0.342664
0.003,fit,0.0029882744195423735,0.354656
0.003,fit,0.0029884413401999434,0.366791
0.003,fit,0.0029886082701814586,0.379059
0.003,fit,0.002988775209487442,0.391454
0.003,fit,0.0029889421581184095,0.403966
0.003,fit,0.002989109116074887,0.416589
0.003,fit,0.00298927608335739,0.429312
0.003,fit,0.0029894430599664425,0.442128
0.003,fit,0.002989610045902568,0.455027
0.003,fit,0.0029897770411662816,0.468001
0.003,fit,0.0029899440457581074,0.48104
0.003,fit,0.00299011105967857,0.494133
0.003,fit,0.0029902780829281833,0.507273
0.003,fit,0.0029904451155074755,0.520448
0.003,fit,0.0029906121574169615,0.53365
0.003,fit,0.002990779208657165,0.546866
0.003,fit,0.0029909462692286107,0.560089
0.003,fit,0.0029911133391318134,0.573306
0.003,fit,0.002991280418367298,0.586508
0.003,fit,0.0029914475069355885,0.599683
0.003,fit,0.0029916146048371995,0.612822
0.003,fit,0.0029917817120726593,0.625913
0.003,fit,0.002991948828642483,0.638946
0.003,fit,0.002992115954547195,0.651909
0.003,fit,0.0029922830897873196,0.664792
0.003,fit,0.002992450234363372,0.677583
0.003,fit,0.002992617388275877,0.690272
0.003,fit,0.0029927845515253597,0.702848
0.003,fit,0.002992951724112335,0.715299
0.003,fit,0.00299311890603733,0.727615
0.003,fit,0.0029932860973008613,0.739784
0.003,fit,0.0029934532979034533,0.751796
0.003,fit,0.0029936205078456304,0.76364
0.003,fit,0.002993787727127908,0.775304
0.003,fit,0.0029939549557508115,0.786779
0.003,fit,0.0029941221937148654,0.798053
0.003,fit,0.0029942894410205853,0.809116
0.003,fit,0.0029944566976684993,0.819958
0.003,fit,0.002994623963659123,0.830568
0.003,fit,0.0029947912389929813,0.840936
0.003,fit,0.0029949585236705993,0.851052
0.003,fit,0.0029951258176924927,0.860907
0.003,fit,0.0029952931210591896,0.870491
0.003,fit,0.0029954604337712057,0.879795
0.003,fit,0.0029956277558290667,0.888809
0.003,fit,0.002995795087233297,0.897525
0.003,fit,0.0029959624279844127,0.905934
0.003,fit,0.0029961297780829394,0.914028
0.003,fit,0.0029962971375294017,0.921798
0.003,fit,0.0029964645063243157,0.929238
0.003,fit,0.0029966318844682105,0.936339
0.003,fit,0.0029967992719616013,0.943095
0.003,fit,0.0029969666688050138,0.949499
0.003,fit,0.002997134074998973,0.955544
0.003,fit,0.0029973014905439956,0.961224
0.003,fit,0.0029974689154406067,0.966534
0.003,fit,0.002997636349689332,0.971469
0.003,fit,0.0029978037932906873,0.976023
0.003,fit,0.002997971246245201,0.980192
0.003,fit,0.002998138708553391,0.983972
0.003,fit,0.0029983061802157807,0.987359
0.003,fit,0.0029984736612328968,0.99035
0.003,fit,0.002998641151605256,0.992942
0.003,fit,0.002998808651333383,0.995132
0.003,fit,0.0029989761604178045,0.996918
0.003,fit,0.002999143678859036,0.998299
0.003,fit,0.002999311206657607,0.999274
0.003,fit,0.0029994787438140337,0.999841
0.003,fit,0.0029996462903288416,1
0.003,fit,0.0029998138462025573,0.999751
0.003,fit,0.0029999814114356972,0.999095
0.003,fit,0.003000148986028787,0.998033
0.003,fit,0.0030003165699823524,0.996565
0.003,fit,0.0030004841632969106,0.994693
0.003,fit,0.00300065176597299,0.99242
0.003,fit,0.003000819378011108,0.989747
0.003,fit,0.00300098699941179,0.986678
0.003,fit,0.003001154630175563,0.983216
0.003,fit,0.003001322270302943,0.979364
0.003,fit,0.0030014899197944598,0.975127
0.003,fit,0.0030016575786506296,0.970507
0.003,fit,0.003001825246871979,0.965511
0.003,fit,0.0030019929244590343,0.960144
0.003,fit,0.003002160611412312,0.954409
0.003,fit,0.003002328307732339,0.948314
0.003,fit,0.0030024960134196416,0.941864
0.003,fit,0.0030026637284747363,0.935065
0.003,fit,0.0030028314528981527,0.927925
0.003,fit,0.0030029991866904085,0.920449
0.003,fit,0.0030031669298520294,0.912645
0.003,fit,0.003003334682383542,0.90452
0.003,fit,0.003003502444285464,0.896083
0.003,fit,0.003003670215558321,0.887341
0.003,fit,0.0030038379962026404,0.878302
0.003,fit,0.0030040057862189395,0.868975
0.003,fit,0.0030041735856077474,0.859369
0.003,fit,0.0030043413943695815,0.849491
0.003,fit,0.0030045092125049687,0.839352
0.003,fit,0.003004677040014436,0.828961
0.003,fit,0.0030048448768985004,0.818327
0.003,fit,0.0030050127231576887,0.80746
0.003,fit,0.0030051805787925275,0.796369
0.003,fit,0.003005348443803535,0.785065
0.003,fit,0.00300551631819124,0.773558
0.003,fit,0.003005684201956161,0.761858
0.003,fit,0.003005852095098825,0.749975
0.003,fit,0.0030060199976197585,0.737919
0.003,fit,0.003006187909519479,0.725702
0.003,fit,0.003006355830798514,0.713334
0.003,fit,0.0030065237614573894,0.700826
0.003,fit,0.0030066917014966244,0.688188
0.003,fit,0.0030068596509167486,0.675432
0.003,fit,0.0030070276097182796,0.662568
0.003,fit,0.003007195577901745,0.649607
0.003,fit,0.003007363555467671,0.63656
0.003,fit,0.0030075315424165764,0.623438
0.003,fit,0.0030076995387489916,0.610252
0.003,fit,0.0030078675444654337,0.597013
0.003,fit,0.0030080355595664306,0.583732
0.003,fit,0.0030082035840525096,0.57042
0.003,fit,0.0030083716179241885,0.557087
0.003,fit,0.0030085396611819947,0.543744
0.003,fit,0.003008707713826456,0.530401
0.003,fit,0.00300887577585809,0.517071
0.003,fit,0.0030090438472774273,0.503761
0.003,fit,0.003009211928084987,0.490485
0.003,fit,0.0030093800182812947,0.47725
0.003,fit,0.00300954811786688,0.464068
0.003,fit,0.0030097162268422598,0.450948
0.003,fit,0.0030098843452079625,0.4379
0.003,fit,0.003010052472964515,0.424934
0.003,fit,0.0030102206101124363,0.412059
0.003,fit,0.0030103887566522566,0.399284
0.003,fit,0.003010556912584495,0.386619
0.003,fit,0.003010725077909679,0.374072
0.003,fit,0.003010893252628336,0.361651
0.003,fit,0.003011061436740985,0.349366
0.003,fit,0.0030112296302481534,0.337223
0.003,fit,0.0030113978331503697,0.325232
0.003,fit,0.0030115660454481516,0.313399
0.003,fit,0.003011734267142031,0.301732
0.003,fit,0.003011902498232526,0.290237
0.003,fit,0.003012070738720165,0.278923
0.003,fit,0.0030122389886054752,0.267794
0.003,fit,0.003012407247888976,0.256857
0.003,fit,0.0030125755165711955,0.246119
0.003,fit,0.003012743794652662,0.235584
0.003,fit,0.0030129120821338934,0.225257
0.003,fit,0.003013080379015422,0.215145
0.003,fit,0.0030132486852977656,0.205251
0.003,fit,0.0030134170009814536,0.195579
0.003,fit,0.0030135853260670137,0.186134
0.003,fit,0.0030137536605549646,0.176919
0.003,fit,0.0030139220044458383,0.167937
0.003,fit,0.003014090357740153,0.159192
0.003,fit,0.003014258720438438,0.150686
0.003,fit,0.0030144270925412213,0.142421
0.003,fit,0.0030145954740490215,0.1344
0.003,fit,0.003014763864962368,0.126623
0.003,fit,0.003014932265281789,0.119093
0.003,fit,0.003015100675007803,0.11181
0.003,fit,0.003015269094140942,0.104775
0.003,fit,0.0030154375226817257,0.0979879
0.003,fit,0.003015605960630683,0.0914497
0.003,fit,0.003015774407988341,0.0851596
0.003,fit,0.0030159428647552207,0.0791172
0.003,fit,0.0030161113309318498,0.0733217
0.003,fit,0.0030162798065187573,0.0677718
0.003,fit,0.0030164482915164626,0.0624663
0.003,fit,0.0030166167859254976,0.0574035
0.003,fit,0.003016785289746382,0.0525813
0.003,fit,0.0030169538029796443,0.0479977
0.003,fit,0.0030171223256258138,0.04365
0.003,fit,0.0030172908576854094,0.0395357
0.003,fit,0.0030174593991589608,0.0356518
0.003,fit,0.0030176279500469965,0.0319951
0.003,fit,0.003017796510350036,0.0285621
0.003,fit,0.003017965080068612,0.0253494
0.003,fit,0.0030181336592032437,0.022353
0.003,fit,0.0030183022477544607,0.0195689
0.003,fit,0.0030184708457227914,0.0169929
0.003,fit,0.0030186394531087563,0.0146206
0.003,fit,0.003018808069912884,0.0124476
0.003,fit,0.003018976696135704,0.010469
0.003,fit,0.0030191453317777363,0.00867994
0.003,fit,0.003019313976839513,0.00707549
0.003,fit,0.003019482631321554,0.00565049
0.003,fit,0.003019651295224389,0.00439967
0.003,fit,0.003019819968548547,0.00331766
0.003,fit,0.003019988651294548,0.00239898
0.003,fit,0.003020157343462925,0.00163806
0.003,fit,0.0030203260450541976,0.00102927
0.003,fit,0.0030204947560688957,0.000566879
0.003,fit,0.003020663476507548,0.0002451
0.003,fit,0.0030208322063706755,5.81002e-05
0.003,fit,0.0030210009456588076,0
0.003,fit,0.0030211696943724733,6.48867e-05
0.003,fit,0.0030213384525121937,0.000246824
0.003,fit,0.003021507220078501,0.00053986
0.003,fit,0.0030216759970719156,0.000938039
0.003,fit,0.0030218447834929676,0.00143541
0.003,fit,0.0030220135793421862,0.00202603
0.003,fit,0.003022182384620092,0.00270399
0.003,fit,0.003022351199327215,0.0034634
0.003,fit,0.0030225200234640843,0.00429841
0.003,fit,0.0030226888570312215,0.00520323
0.003,fit,0.0030228577000291587,0.00617211
0.003,fit,0.003023026552458417,0.00719938
0.003,fit,0.003023195414319526,0.00827944
0.003,fit,0.0030233642856130156,0.00940675
0.003,fit,0.0030235331663394068,0.0105759
0.003,fit,0.0030237020564992294,0.0117815
0.003,fit,0.003023870956093014,0.0130183
0.003,fit,0.0030240398651212802,0.0142812
0.003,fit,0.0030242087835845623,0.0155652
0.003,fit,0.0030243777114833804,0.0168653
0.003,fit,0.0030245466488182647,0.0181768
0.003,fit,0.0030247155955897462,0.0194951
0.003,fit,0.0030248845517983447,0.0208155
0.003,fit,0.0030250535174445913,0.0221338
0.003,fit,0.003025222492529016,0.0234457
0.003,fit,0.0030253914770521396,0.0247471
0.003,fit,0.0030255604710144957,0.0260341
0.003,fit,0.0030257294744166054,0.027303
0.003,fit,0.003025898487258999,0.02855
0.003,fit,0.003026067509542207,0.0297718
0.003,fit,0.0030262365412667505,0.0309651
0.003,fit,0.003026405582433163,0.0321267
0.003,fit,0.003026574633041966,0.0332536
0.003,fit,0.00302674369309369,0.0343432
0.003,fit,0.0030269127625888645,0.0353927
0.003,fit,0.0030270818415280127,0.0363998
0.003,fit,0.0030272509299116637,0.0373621
0.003,fit,0.003027420027740349,0.0382776
0.003,fit,0.003027589135014589,0.0391444
0.003,fit,0.003027758251734919,0.0399606
0.003,fit,0.0030279273779018592,0.0407247
0.003,fit,0.0030280965135159412,0.0414353
0.003,fit,0.003028265658577695,0.0420912
0.003,fit,0.0030284348130876428,0.0426912
0.003,fit,0.003028603977046315,0.0432345
0.003,fit,0.0030287731504542426,0.0437204
0.003,fit,0.0030289423333119477,0.0441482
0.003,fit,0.0030291115256199635,0.0445175
0.003,fit,0.0030292807273788126,0.0448281
0.003,fit,0.0030294499385890255,0.0450799
0.003,fit,0.003029619159251133,0.0452729
0.003,fit,0.003029788389365657,0.0454072
0.003,fit,0.0030299576289331293,0.0454834
0.003,fit,0.0030301268779540807,0.0455017
0.003,fit,0.003030296136429032,0.0454628
0.003,fit,0.003030465404358519,0.0453676
0.003,fit,0.003030634681743063,0.0452167
0.003,fit,0.003030803968583195,0.0450113
0.003,fit,0.0030309732648794462,0.0447525
0.003,fit,0.003031142570632339,0.0444414
0.003,fit,0.0030313118858424047,0.0440794
0.003,fit,0.0030314812105101748,0.043668
0.003,fit,0.0030316505446361707,0.0432087
0.003,fit,0.0030318198882209276,0.042703
0.003,fit,0.0030319892412649678,0.0421527
0.003,fit,0.003032158603768822,0.0415597
0.003,fit,0.003032327975733022,0.0409257
0.003,fit,0.0030324973571580907,0.0402528
0.003,fit,0.003032666748044562,0.0395428
0.003,fit,0.0030328361483929586,0.0387979
0.003,fit,0.003033005558203812,0.0380202
0.003,fit,0.0030331749774776535,0.0372119
0.003,fit,0.003033344406215006,0.0363751
0.003,fit,0.003033513844416401,0.035512
0.003,fit,0.0030336832920823706,0.034625
0.003,fit,0.0030338527492134366,0.0337163
0.003,fit,0.0030340222158101345,0.0327882
0.003,fit,0.0030341916918729863,0.0318431
0.003,fit,0.0030343611774025243,0.0308832
0.003,fit,0.0030345306723992805,0.0299109
0.003,fit,0.003034700176863777,0.0289285
0.003,fit,0.0030348696907965466,0.0279383
0.003,fit,0.0030350392141981204,0.0269426
0.003,fit,0.0030352087470690214,0.0259437
0.003,fit,0.003035378289409785,0.0249438
0.003,fit,0.003035547841220933,0.0239451
0.003,fit,0.003035717402502999,0.0229499
0.003,fit,0.0030358869732565142,0.0219602
0.003,fit,0.003036056553482002,0.0209782
0.003,fit,0.003036226143179994,0.020006
0.003,fit,0.0030363957423510226,0.0190455
0.003,fit,0.003036565350995611,0.0180987
0.003,fit,0.003036734969114294,0.0171675
0.003,fit,0.0030369045967075957,0.0162537
0.003,fit,0.003037074233776047,0.015359
0.003,fit,0.0030372438803201816,0.0144853
0.003,fit,0.0030374135363405216,0.0136341
0.003,fit,0.0030375832018376,0.012807
0.003,fit,0.0030377528768119493,0.0120054
0.003,fit,0.0030379225612640923,0.0112308
0.003,fit,0.0030380922551945647,0.0104844
0.003,fit,0.0030382619586038903,0.00976761
0.003,fit,0.0030384316714926005,0.00908148
0.003,fit,0.0030386013938612294,0.00842711
0.003,fit,0.003038771125710299,0.00780549
0.003,fit,0.0030389408670403457,0.00721752
0.003,fit,0.003039110617851893,0.00666402
0.003,fit,0.0030392803781454734,0.00614572
0.003,fit,0.00303945014792162,0.00566325
0.003,fit,0.0030396199271808554,0.00521716
0.003,fit,0.0030397897159237133,0.00480793
0.003,fit,0.003039959514150726,0.00443591
0.003,fit,0.0030401293218624177,0.00410141
0.003,fit,0.0030402991390593237,0.00380461
0.003,fit,0.003040468965741968,0.00354563
0.003,fit,0.0030406388019108836,0.00332451
0.003,fit,0.003040808647566603,0.00314118
0.003,fit,0.0030409785027096506,0.0029955
0.003,fit,0.0030411483673405595,0.00288725
0.003,fit,0.003041318241459862,0.00281614
0.003,fit,0.0030414881250680824,0.00278178
0.003,fit,0.0030416580181657567,0.00278371
0.003,fit,0.0030418279207534093,0.00282141
0.003,fit,0.0030419978328315726,0.00289428
0.003,fit,0.0030421677544007807,0.00300164
0.003,fit,0.003042337685461557,0.00314275
0.003,fit,0.0030425076260144346,0.00331682
0.003,fit,0.0030426775760599473,0.00352297
0.003,fit,0.003042847535598619,0.00376028
0.003,fit,0.003043017504630986,0.00402777
0.003,fit,0.0030431874831575727,0.0043244
0.003,fit,0.0030433574711789123,0.0046491
0.003,fit,0.0030435274686955384,0.00500072
0.003,fit,0.0030436974757079753,0.00537809
0.003,fit,0.003043867492216756,0.00577999
0.003,fit,0.003044037518222415,0.00620516
0.003,fit,0.0030442075537254754,0.00665233
0.003,fit,0.0030443775987264747,0.00712015
0.003,fit,0.0030445476532259368,0.00760729
0.003,fit,0.003044717717224396,0.00811237
0.003,fit,0.003044887790722385,0.008634
0.003,fit,0.0030450578737204297,0.00917076
0.003,fit,0.0030452279662190654,0.00972123
0.003,fit,0.0030453980682188177,0.010284
0.003,fit,0.00304556817972022,0.0108575
0.003,fit,0.0030457383007238058,0.0114404
0.003,fit,0.0030459084312301,0.0120313
0.003,fit,0.003046078571239637,0.0126286
0.003,fit,0.00304624872075295,0.0132309
0.003,fit,0.003046418879770564,0.0138369
0.003,fit,0.003046589048293016,0.014445
0.003,fit,0.0030467592263208306,0.0150538
0.003,fit,0.0030469294138545425,0.015662
0.003,fit,0.003047099610894685,0.0162682
0.003,fit,0.003047269817441783,0.016871
0.003,fit,0.0030474400334963713,0.0174691
0.003,fit,0.0030476102590589835,0.0180613
0.003,fit,0.0030477804941301443,0.0186462
0.003,fit,0.0030479507387103917,0.0192226
0.003,fit,0.0030481209928002505,0.0197893
0.003,fit,0.0030482912564002546,0.0203451
0.003,fit,0.0030484615295109387,0.020889
0.003,fit,0.0030486318121328276,0.0214199
0.003,fit,0.003048802104266456,0.0219366
0.003,fit,0.0030489724059123576,0.0224382
0.003,fit,0.0030491427170710583,0.0229238
0.003,fit,0.0030493130377430957,0.0233925
0.003,fit,0.0030494833679289945,0.0238434
0.003,fit,0.003049653707629289,0.0242758
0.003,fit,0.0030498240568445152,0.0246888
0.003,fit,0.0030499944155751965,0.0250818
0.003,fit,0.003050164783821869,0.0254541
0.003,fit,0.0030503351615850664,0.0258052
0.003,fit,0.003050505548865315,0.0261345
0.003,fit,0.0030506759456631516,0.0264416
0.003,fit,0.003050846351979102,0.026726
0.003,fit,0.0030510167678137012,0.0269875
0.003,fit,0.003051187193167484,0.0272256
0.003,fit,0.0030513576280409758,0.0274401
0.003,fit,0.0030515280724347144,0.0276309
0.003,fit,0.0030516985263492253,0.0277978
0.003,fit,0.003051868989785044,0.0279408
0.003,fit,0.003052039462742705,0.0280598
0.003,fit,0.003052209945222734,0.0281549
0.003,fit,0.003052380437225666,0.0282261
0.003,fit,0.003052550938752037,0.0282737
0.003,fit,0.0030527214498023707,0.0282977
0.003,fit,0.0030528919703772073,0.0282986
0.003,fit,0.0030530625004770713,0.0282765
0.003,fit,0.0030532330401024984,0.0282318
0.003,fit,0.0030534035892540237,0.028165
0.003,fit,0.0030535741479321733,0.0280765
0.003,fit,0.0030537447161374824,0.0279668
0.003,fit,0.003053915293870486,0.0278364
0.003,fit,0.0030540858811317103,0.027686
0.003,fit,0.003054256477921694,0.0275161
0.003,fit,0.0030544270842409625,0.0273274
0.003,fit,0.0030545977000900515,0.0271207
0.003,fit,0.0030547683254694966,0.0268967
0.003,fit,0.003054938960379824,0.0266561
0.003,fit,0.0030551096048215686,0.0263998
0.003,fit,0.0030552802587952665,0.0261286
0.003,fit,0.003055450922301444,0.0258434
0.003,fit,0.0030556215953406393,0.025545
0.003,fit,0.0030557922779133793,0.0252343
0.003,fit,0.003055962970020199,0.0249124
0.003,fit,0.0030561336716616342,0.0245802
0.003,fit,0.0030563043828382114,0.0242385
0.003,fit,0.0030564751035504667,0.0238884
0.003,fit,0.003056645833798935,0.023531
0.003,fit,0.0030568165735841437,0.0231671
0.003,fit,0.0030569873229066313,0.0227977
0.003,fit,0.003057158081766924,0.022424
0.003,fit,0.003057328850165558,0.0220468
0.003,fit,0.003057499628103069,0.0216673
0.003,fit,0.0030576704155799842,0.0212863
0.003,fit,0.0030578412125968424,0.0209049
0.003,fit,0.0030580120191541697,0.0205241
0.003,fit,0.0030581828352525026,0.0201449
0.003,fit,0.0030583536608923775,0.0197682
0.003,fit,0.0030585244960743205,0.0193949
0.003,fit,0.003058695340798868,0.019026
0.003,fit,0.003058866195066556,0.0186624
0.003,fit,0.003059037058877912,0.018305
0.003,fit,0.0030592079322334744,0.0179546
0.003,fit,0.0030593788151337706,0.0176122
0.003,fit,0.0030595497075793367,0.0172784
0.003,fit,0.003059720609570709,0.0169541
0.003,fit,0.0030598915211084146,0.0166401
0.003,fit,0.00306006244219299,0.0163371
0.003,fit,0.0030602333728249713,0.0160457
0.003,fit,0.0030604043130048855,0.0157666
0.003,fit,0.0030605752627332725,0.0155005
0.003,fit,0.0030607462220106595,0.015248
0.003,fit,0.0030609171908375825,0.0150095
0.003,fit,0.003061088169214578,0.0147856
0.003,fit,0.0030612591571421745,0.0145768
0.003,fit,0.0030614301546209068,0.0143835
0.003,fit,0.0030616011616513127,0.014206
0.003,fit,0.0030617721782339193,0.0140449
0.003,fit,0.003061943204369266,0.0139003
0.003,fit,0.0030621142400578806,0.0137725
0.003,fit,0.0030622852853002995,0.0136618
0.003,fit,0.00306245634009706,0.0135684
0.003,fit,0.003062627404448689,0.0134923
0.003,fit,0.0030627984783557238,0.0134338
0.003,fit,0.003062969561818701,0.0133928
0.003,fit,0.003063140654838148,0.0133694
0.003,fit,0.0030633117574146054,0.0133635
0.003,fit,0.0030634828695486,0.0133752
0.003,fit,0.0030636539912406694,0.0134043
0.003,fit,0.0030638251224913505,0.0134507
0.003,fit,0.003063996263301171,0.0135141
0.003,fit,0.003064167413670671,0.0135945
0.003,fit,0.0030643385736003784,0.0136915
0.003,fit,0.00306450974309083,0.0138048
0.003,fit,0.0030646809221425634,0.0139342
0.003,fit,0.003064852110756106,0.0140792
0.003,fit,0.0030650233089319955,0.0142395
0.003,fit,0.003065194516670769,0.0144147
0.003,fit,0.003065365733972954,0.0146043
0.003,fit,0.0030655369608390917,0.0148078
0.003,fit,0.0030657081972697096,0.0150248
0.003,fit,0.0030658794432653447,0.0152547
0.003,fit,0.003066050698826535,0.0154969
0.003,fit,0.003066221963953809,0.0157508
0.003,fit,0.0030663932386477033,0.0160159
0.003,fit,0.0030665645229087557,0.0162916
0.003,fit,0.003066735816737494,0.0165771
0.003,fit,0.00306690712013446,0.0168718
0.003,fit,0.0030670784331001807,0.0171751
0.003,fit,0.0030672497556351944,0.0174862
0.003,fit,0.0030674210877400386,0.0178045
0.003,fit,0.0030675924294152413,0.0181292
0.003,fit,0.0030677637806613405,0.0184596
0.003,fit,0.003067935141478874,0.0187949
0.003,fit,0.0030681065118683703,0.0191344
0.003,fit,0.00306827789183037,0.0194775
0.003,fit,0.0030684492813654015,0.0198232
0.003,fit,0.003068620680474003,0.0201709
0.003,fit,0.0030687920891567123,0.0205198
0.003,fit,0.0030689635074140575,0.0208692
0.003,fit,0.0030691349352465775,0.0212182
0.003,fit,0.0030693063726548093,0.0215663
0.003,fit,0.003069477819639282,0.0219125
0.003,fit,0.003069649276200537,0.0222562
0.003,fit,0.0030698207423391025,0.0225967
0.003,fit,0.003069992218055517,0.0229332
0.003,fit,0.003070163703350318,0.0232651
0.003,fit,0.0030703351982240353,0.0235916
0.003,fit,0.003070506702677209,0.0239121
0.003,fit,0.003070678216710369,0.0242258
0.003,fit,0.0030708497403240534,0.0245322
0.003,fit,0.0030710212735188,0.0248307
0.003,fit,0.0030711928162951378,0.0251205
0.003,fit,0.003071364368653605,0.0254012
0.003,fit,0.003071535930594741,0.0256721
0.003,fit,0.0030717075021190737,0.0259327
0.003,fit,0.003071879083227145,0.0261824
0.003,fit,0.003072050673919484,0.0264208
0.003,fit,0.003072222274196629,0.0266474
0.003,fit,0.003072393884059119,0.0268617
0.003,fit,0.003072565503507483,0.0270632
0.003,fit,0.003072737132542259,0.0272517
0.003,fit,0.0030729087711639865,0.0274266
0.003,fit,0.0030730804193731943,0.0275877
0.003,fit,0.003073252077170424,0.0277346
0.003,fit,0.0030734237445562054,0.027867
0.003,fit,0.003073595421531077,0.0279846
0.003,fit,0.0030737671080955774,0.0280873
0.003,fit,0.0030739388042502363,0.0281747
0.003,fit,0.0030741105099955923,0.0282467
0.003,fit,0.0030742822253321846,0.0283032
0.003,fit,0.003074453950260542,0.028344
0.003,fit,0.003074625684781207,0.028369
0.003,fit,0.0030747974288947095,0.0283782
0.003,fit,0.003074969182601588,0.0283716
0.003,fit,0.0030751409459023812,0.028349
0.003,fit,0.0030753127187976193,0.0283105
0.003,fit,0.0030754845012878414,0.0282562
0.003,fit,0.0030756562933735862,0.0281862
0.003,fit,0.0030758280950553838,0.0281005
0.003,fit,0.003075999906333776,0.0279993
0.003,fit,0.003076171727209293,0.0278827
0.003,fit,0.003076343557682474,0.0277509
0.003,fit,0.003076515397753858,0.0276042
0.003,fit,0.0030766872474239752,0.0274426
0.003,fit,0.0030768591066933676,0.0272666
0.003,fit,0.0030770309755625658,0.0270764
0.003,fit,0.0030772028540321083,0.0268722
0.003,fit,0.003077374742102535,0.0266545
0.003,fit,0.0030775466397743763,0.0264234
0.003,fit,0.003077718547048171,0.0261795
0.003,fit,0.003077890463924459,0.0259231
0.003,fit,0.00307806239040377,0.0256545
0.003,fit,0.0030782343264866468,0.0253743
0.003,fit,0.0030784062721736197,0.0250828
0.003,fit,0.0030785782274652287,0.0247804
0.003,fit,0.0030787501923620125,0.0244677
0.003,fit,0.0030789221668645022,0.0241452
0.003,fit,0.003079094150973237,0.0238132
0.003,fit,0.0030792661446887573,0.0234723
0.003,fit,0.0030794381480115924,0.023123
0.003,fit,0.003079610160942286,0.0227658
0.003,fit,0.003079782183481368,0.0224013
0.003,fit,0.003079954215629379,0.0220299
0.003,fit,0.0030801262573868582,0.0216522
0.003,fit,0.0030802983087543363,0.0212687
0.003,fit,0.0030804703697323533,0.02088
0.003,fit,0.003080642440321449,0.0204866
0.003,fit,0.0030808145205221543,0.0200891
0.003,fit,0.003080986610335012,0.0196879
0.003,fit,0.003081158709760553,0.0192836
0.003,fit,0.003081330818799317,0.0188767
0.003,fit,0.0030815029374518447,0.0184679
0.003,fit,0.0030816750657186665,0.0180575
0.003,fit,0.0030818472036003228,0.0176461
0.003,fit,0.0030820193510973535,0.0172342
0.003,fit,0.0030821915082102896,0.0168224
0.003,fit,0.0030823636749396743,0.0164111
0.003,fit,0.0030825358512860395,0.0160007
0.003,true,0.002905959807950207,0.00345663
0.003,true,0.002907525940964462,0.00278776
0.003,true,0.002909092073978717,0.00188451
0.003,true,0.0029106582069929722,0.000960897
0.003,true,0.002912224340007227,0.000261714
0.003,true,0.0029130074065143543,6.83341e-05
0.003,true,0.002913790473021482,1.00274e-05
0.003,true,0.0029153566060357372,0.000354538
0.003,true,0.002916922739049992,0.0013291
0.003,true,0.002918488872064247,0.00283459
0.003,true,0.0029200550050785022,0.00464867
0.003,true,0.002921621138092757,0.00646276
0.003,true,0.0029216994447434697,0.00654737
0.003,true,0.0029218560580448953,0.00671386
0.003,true,0.002922012671346321,0.00687645
0.003,true,0.0029221692846477464,0.00703482
0.003,true,0.0029223258979491715,0.00718864
0.003,true,0.002922482511250597,0.0073376
0.003,true,0.0029226391245520227,0.0074814
0.003,true,0.002922795737853448,0.00761973
0.003,true,0.0029229523511548738,0.00775231
0.003,true,0.0029231089644562993,0.00787885
0.003,true,0.002923187271107012,0.00793978
0.003,true,0.002923265577757725,0.00799909
0.003,true,0.0029234221910591504,0.00811276
0.003,true,0.0029235788043605756,0.00821962
0.003,true,0.002923735417662001,0.00831943
0.003,true,0.0029238920309634267,0.00841195
0.003,true,0.0029240486442648522,0.00849698
0.003,true,0.002924205257566278,0.00857432
0.003,true,0.0029243618708677034,0.00864377
0.003,true,0.002924518484169129,0.00870518
0.003,true,0.0029246750974705545,0.00875837
0.003,true,0.0029247534041212673,0.00878184
0.003,true,0.0029248317107719796,0.00880321
0.003,true,0.002924988324073405,0.00883958
0.003,true,0.0029251449373748307,0.00886735
0.003,true,0.0029253015506762563,0.00888644
0.003,true,0.002925458163977682,0.00889677
0.003,true,0.0029256147772791074,0.00889828
0.003,true,0.002925771390580533,0.00889092
0.003,true,0.0029259280038819585,0.00887467
0.003,true,0.0029260846171833836,0.00884952
0.003,true,0.002926241230484809,0.00881547
0.003,true,0.0029263195371355224,0.00879512
0.003,true,0.0029263978437862347,0.00877256
0.003,true,0.0029265544570876603,0.00872084
0.003,true,0.002926711070389086,0.00866036
0.003,true,0.0029268676836905114,0.00859121
0.003,true,0.002927024296991937,0.00851349
0.003,true,0.0029271809102933625,0.00842731
0.003,true,0.0029273375235947877,0.00833282
0.003,true,0.0029274941368962132,0.00823017
0.003,true,0.0029276507501976388,0.00811953
0.003,true,0.0029278073634990643,0.0080011
0.003,true,0.0029278856701497775,0.00793902
0.003,true,0.00292796397680049,0.00787507
0.003,true,0.0029281205901019155,0.00774168
0.003,true,0.002928277203403341,0.00760118
0.003,true,0.0029284338167047666,0.00745381
0.003,true,0.0029285904300061917,0.00729986
0.003,true,0.002928668736656905,0.0072205
0.003,true,0.0029287470433076172,0.00713961
0.003,true,0.002928903656609043,0.00697338
0.003,true,0.0029290602699104684,0.00680149
0.003,true,0.002929216883211894,0.00662428
0.003,true,0.0029293734965133195,0.00644209
0.003,true,0.0029294518031640323,0.00634924
0.003,true,0.002929530109814745,0.00625529
0.003,true,0.0029296867231161706,0.00606427
0.003,true,0.0029298433364175957,0.00586941
0.003,true,0.0029299999497190213,0.00567111
0.003,true,0.002930156563020447,0.00546979
0.003,true,0.0029303131763218724,0.00526586
0.003,true,0.002930469789623298,0.00505978
0.003,true,0.0029306264029247235,0.00485196
0.003,true,0.002930783016226149,0.00464288
0.003,true,0.0029309396295275746,0.00443297
0.003,true,0.0029310179361782874,0.00432786
0.003,true,0.0029310962428289998,0.00422271
0.003,true,0.0029312528561304253,0.00401257
0.003,true,0.002931409469431851,0.00380301
0.003,true,0.0029315660827332764,0.00359452
0.003,true,0.002931722696034702,0.00338758
0.003,true,0.0029318793093361275,0.00318266
0.003,true,0.002932035922637553,0.00298025
0.003,true,0.0029321925359389782,0.00278082
0.003,true,0.0029323491492404038,0.00258487
0.003,true,0.0029325057625418293,0.00239287
0.003,true,0.0029325840691925426,0.0022985
0.003,true,0.002932662375843255,0.00220529
0.003,true,0.0029328189891446805,0.00202261
0.003,true,0.002932975602446106,0.0018453
0.003,true,0.0029331322157475316,0.0016738
0.003,true,0.002933288829048957,0.00150858
0.003,true,0.0029334454423503823,0.00135008
0.003,true,0.002933602055651808,0.00119873
0.003,true,0.0029337586689532334,0.00105496
0.003,true,0.002933915282254659,0.000919188
0.003,true,0.0029340718955560845,0.000791808
0.003,true,0.0029341502022067973,0.000731388
0.003,true,0.00293422850885751,0.000673211
0.003,true,0.0029343851221589356,0.000563772
0.003,true,0.002934541735460361,0.000463849
0.003,true,0.0029346983487617863,0.000373787
0.003,true,0.002934854962063212,0.000293911
0.003,true,0.0029350115753646374,0.000224532
0.003,true,0.002935168188666063,0.000165938
0.003,true,0.0029353248019674885,0.000118402
0.003,true,0.002935481415268914,8.21754e-05
0.003,true,0.0029356380285703396,5.74875e-05
0.003,true,0.0029357163352210524,4.95368e-05
0.003,true,0.002935794641871765,4.45477e-05
0.003,true,0.0029359512551731903,4.35428e-05
0.003,true,0.002936107868474616,5.4637e-05
0.003,true,0.0029362644817760414,7.7971e-05
0.003,true,0.002936421095077467,0.000113662
0.003,true,0.0029365777083788925,0.000161802
0.003,true,0.002936734321680318,0.000222459
0.003,true,0.0029368909349817437,0.000295676
0.003,true,0.0029370475482831692,0.00038147
0.003,true,0.0029372041615845943,0.000479831
0.003,true,0.0029372824682353076,0.000533716
0.003,true,0.00293736077488602,0.000590727
0.003,true,0.0029375173881874455,0.000714094
0.003,true,0.002937674001488871,0.000849847
0.003,true,0.0029378306147902966,0.000997871
0.003,true,0.002937987228091722,0.00115803
0.003,true,0.0029381438413931477,0.00133014
0.003,true,0.0029383004546945733,0.00151403
0.003,true,0.0029384570679959984,0.00170948
0.003,true,0.002938613681297424,0.00191622
0.003,true,0.0029387702945988495,0.002134
0.003,true,0.0029388486012495627,0.00224694
0.003,true,0.002938926907900275,0.00236253
0.003,true,0.0029390835212017006,0.00260146
0.003,true,0.002939240134503126,0.00285047
0.003,true,0.0029393967478045517,0.00310918
0.003,true,0.0029395533611059773,0.00337719
0.003,true,0.0029397099744074024,0.0036541
0.003,true,0.002939866587708828,0.00393945
0.003,true,0.0029400232010102535,0.00423279
0.003,true,0.002940179814311679,0.00453364
0.003,true,0.0029403364276131046,0.00484149
0.003,true,0.002940414734263818,0.00499788
0.003,true,0.00294049304091453,0.00515582
0.003,true,0.0029406496542159558,0.0054761
0.003,true,0.002940806267517381,0.00580176
0.003,true,0.0029409628808188064,0.00613224
0.003,true,0.002941119494120232,0.00646694
0.003,true,0.0029412761074216576,0.00680526
0.003,true,0.002941432720723083,0.00714659
0.003,true,0.0029415893340245087,0.00749029
0.003,true,0.0029417459473259342,0.00783573
0.003,true,0.00294190256062736,0.00818226
0.003,true,0.0029419808672780726,0.00835573
0.003,true,0.002942059173928785,0.00852922
0.003,true,0.0029422157872302105,0.00887596
0.003,true,0.002942372400531636,0.00922179
0.003,true,0.0029425290138330616,0.00956604
0.003,true,0.002942685627134487,0.00990805
0.003,true,0.0029428422404359127,0.0102471
0.003,true,0.0029429988537373383,0.0105826
0.003,true,0.002943155467038764,0.0109138
0.003,true,0.002943312080340189,0.01124
0.003,true,0.0029434686936416145,0.0115606
0.003,true,0.0029435470002923277,0.0117185
0.003,true,0.00294362530694304,0.0118749
0.003,true,0.0029437819202444656,0.0121822
0.003,true,0.002943938533545891,0.0124819
0.003,true,0.0029440951468473167,0.0127734
0.003,true,0.0029442517601487423,0.013056
0.003,true,0.002944330066799455,0.0131938
0.003,true,0.002944408373450168,0.0133291
0.003,true,0.002944564986751593,0.0135921
0.003,true,0.0029447216000530185,0.0138445
0.003,true,0.002944878213354444,0.0140855
0.003,true,0.0029450348266558696,0.0143148
0.003,true,0.002945113133306583,0.0144248
0.003,true,0.002945191439957295,0.0145317
0.003,true,0.0029453480532587208,0.0147358
0.003,true,0.0029455046665601463,0.0149265
0.003,true,0.002945661279861572,0.0151035
0.003,true,0.002945817893162997,0.0152661
0.003,true,0.0029459745064644226,0.0154141
0.003,true,0.002946131119765848,0.015547
0.003,true,0.0029462877330672737,0.0156645
0.003,true,0.0029464443463686992,0.0157663
0.003,true,0.002946600959670125,0.015852
0.003,true,0.0029466792663208376,0.0158887
0.003,true,0.0029467575729715503,0.0159213
0.003,true,0.002946914186272976,0.0159741
0.003,true,0.002947070799574401,0.0160101
0.003,true,0.0029472274128758266,0.0160291
0.003,true,0.002947384026177252,0.016031
0.003,true,0.0029475406394786777,0.0160157
0.003,true,0.0029476972527801033,0.0159831
0.003,true,0.002947853866081529,0.0159332
0.003,true,0.0029480104793829544,0.015866
0.003,true,0.00294816709268438,0.0157815
0.003,true,0.0029482453993350927,0.0157328
0.003,true,0.002948323705985805,0.0156798
0.003,true,0.0029484803192872306,0.015561
0.003,true,0.002948636932588656,0.0154253
0.003,true,0.0029487935458900817,0.0152729
0.003,true,0.0029489501591915073,0.0151039
0.003,true,0.002949106772492933,0.0149187
0.003,true,0.0029492633857943584,0.0147176
0.003,true,0.0029494199990957835,0.0145008
0.003,true,0.002949576612397209,0.0142689
0.003,true,0.0029497332256986347,0.0140221
0.003,true,0.002949811532349348,0.0138933
0.003,true,0.00294988983900006,0.013761
0.003,true,0.0029500464523014858,0.0134861
0.003,true,0.0029502030656029113,0.0131978
0.003,true,0.002950359678904337,0.0128968
0.003,true,0.0029505162922057624,0.0125836
0.003,true,0.0029506729055071876,0.0122589
0.003,true,0.002950829518808613,0.0119234
0.003,true,0.0029509861321100387,0.0115777
0.003,true,0.0029511427454114642,0.0112226
0.003,true,0.00295129935871289,0.0108589
0.003,true,0.0029513776653636026,0.010674
0.003,true,0.0029514559720143154,0.0104873
0.003,true,0.002951612585315741,0.0101087
0.003,true,0.0029517691986171665,0.00972392
0.003,true,0.0029519258119185916,0.00933384
0.003,true,0.002952082425220017,0.00893936
0.003,true,0.0029522390385214427,0.00854141
0.003,true,0.0029523956518228683,0.00814093
0.003,true,0.002952552265124294,0.0077389
0.003,true,0.0029527088784257194,0.00733629
0.003,true,0.002952865491727145,0.00693412
0.003,true,0.0029529437983778577,0.00673351
0.003,true,0.0029530221050285705,0.00653339
0.003,true,0.0029531787183299956,0.00613513
0.003,true,0.002953335331631421,0.0057404
0.003,true,0.0029534919449328467,0.00535024
0.003,true,0.0029536485582342723,0.00496571
0.003,true,0.002953805171535698,0.00458788
0.003,true,0.0029539617848371234,0.0042178
0.003,true,0.002954118398138549,0.00385656
0.003,true,0.0029542750114399745,0.00350522
0.003,true,0.0029544316247413997,0.00316485
0.003,true,0.002954509931392113,0.0029991
0.003,true,0.002954588238042825,0.0028365
0.003,true,0.0029547448513442508,0.00252123
0.003,true,0.0029549014646456763,0.00222008
0.003,true,0.002955058077947102,0.00193408
0.003,true,0.0029552146912485274,0.00166426
0.003,true,0.002955371304549953,0.0014116
0.003,true,0.0029555279178513786,0.00117711
0.003,true,0.0029556845311528037,0.000961722
0.003,true,0.0029558411444542292,0.000766394
0.003,true,0.002955997757755655,0.000592032
0.003,true,0.002956076064406368,0.000512992
0.003,true,0.0029561543710570804,0.000439523
0.003,true,0.002956310984358506,0.000309722
0.003,true,0.0029564675976599315,0.000203453
0.003,true,0.002956624210961357,0.000121505
0.003,true,0.0029567808242627826,6.46317e-05
0.003,true,0.0029569374375642077,3.35475e-05
0.003,true,0.0029570940508656333,2.89272e-05
0.003,true,0.002957250664167059,5.14031e-05
0.003,true,0.0029574072774684844,0.000101563
0.003,true,0.00295756389076991,0.00017995
0.003,true,0.002957642197420623,0.000229884
0.003,true,0.0029577205040713355,0.000287057
0.003,true,0.002957877117372761,0.000423329
0.003,true,0.0029580337306741866,0.000589159
0.003,true,0.0029581903439756117,0.000784889
0.003,true,0.0029583469572770373,0.0010108
0.003,true,0.002958503570578463,0.00126714
0.003,true,0.0029586601838798884,0.00155406
0.003,true,0.002958816797181314,0.00187169
0.003,true,0.0029589734104827395,0.00222008
0.003,true,0.002959130023784165,0.00259923
0.003,true,0.002959208330434878,0.00280032
0.003,true,0.0029592866370855902,0.00300908
0.003,true,0.0029594432503870158,0.00344949
0.003,true,0.0029595998636884413,0.00392028
0.003,true,0.002959756476989867,0.00442121
0.003,true,0.0029599130902912925,0.00495194
0.003,true,0.0029599913969420052,0.00522837
0.003,true,0.002960069703592718,0.00551211
0.003,true,0.0029602263168941436,0.00610127
0.003,true,0.002960382930195569,0.00671891
0.003,true,0.0029605395434969943,0.00736447
0.003,true,0.00296069615679842,0.0080373
0.003,true,0.002960774463449133,0.00838373
0.003,true,0.0029608527700998454,0.00873672
0.003,true,0.002961009383401271,0.00946196
0.003,true,0.0029611659967026965,0.0102122
0.003,true,0.002961322610004122,0.0109866
0.003,true,0.0029614792233055476,0.0117841
0.003,true,0.002961635836606973,0.0126038
0.003,true,0.0029617924499083983,0.0134446
0.003,true,0.002961949063209824,0.0143054
0.003,true,0.0029621056765112494,0.015185
0.003,true,0.002962262289812675,0.0160821
0.003,true,0.002962340596463388,0.0165369
0.003,true,0.0029624189031141005,0.0169956
0.003,true,0.002962575516415526,0.0179241
0.003,true,0.0029627321297169516,0.0188661
0.003,true,0.002962888743018377,0.0198203
0.003,true,0.0029630453563198023,0.0207852
0.003,true,0.002963201969621228,0.0217592
0.003,true,0.0029633585829226534,0.0227409
0.003,true,0.002963515196224079,0.0237286
0.003,true,0.0029636718095255045,0.0247207
0.003,true,0.00296382842282693,0.0257155
0.003,true,0.002963906729477643,0.0262135
0.003,true,0.0029639850361283557,0.0267114
0.003,true,0.0029641416494297812,0.0277066
0.003,true,0.0029642982627312063,0.0286994
0.003,true,0.002964454876032632,0.0296881
0.003,true,0.0029646114893340575,0.0306708
0.003,true,0.002964768102635483,0.0316457
0.003,true,0.0029649247159369086,0.0326111
0.003,true,0.002965081329238334,0.0335652
0.003,true,0.0029652379425397597,0.034506
0.003,true,0.0029653945558411852,0.035432
0.003,true,0.002965472862491898,0.0358887
0.003,true,0.0029655511691426104,0.0363411
0.003,true,0.002965707782444036,0.0372316
0.003,true,0.0029658643957454615,0.0381016
0.003,true,0.002966021009046887,0.0389495
0.003,true,0.0029661776223483126,0.0397735
0.003,true,0.002966334235649738,0.0405717
0.003,true,0.0029664908489511637,0.0413426
0.003,true,0.0029666474622525893,0.0420843
0.003,true,0.0029668040755540144,0.0427952
0.003,true,0.00296696068885544,0.0434737
0.003,true,0.002967038995506153,0.0438003
0.003,true,0.0029671173021568655,0.0441182
0.003,true,0.002967273915458291,0.0447272
0.003,true,0.0029674305287597166,0.0452991
0.003,true,0.002967587142061142,0.0458325
0.003,true,0.0029677437553625678,0.0463261
0.003,true,0.0029679003686639933,0.0467784
0.003,true,0.0029680569819654184,0.0471882
0.003,true,0.002968213595266844,0.0475544
0.003,true,0.0029683702085682695,0.0478756
0.003,true,0.002968526821869695,0.048151
0.003,true,0.002968605128520408,0.0482711
0.003,true,0.0029686834351711207,0.0483794
0.003,true,0.0029688400484725462,0.04856
0.003,true,0.0029689966617739718,0.0486919
0.003,true,0.002969153275075397,0.0487743
0.003,true,0.0029693098883768225,0.0488067
0.003,true,0.002969466501678248,0.0487884
0.003,true,0.0029696231149796736,0.048719
0.003,true,0.002969779728281099,0.048598
0.003,true,0.0029699363415825247,0.0484252
0.003,true,0.0029700929548839503,0.0482004
0.003,true,0.002970171261534663,0.0480685
0.003,true,0.002970249568185376,0.0479236
0.003,true,0.002970406181486801,0.0475947
0.003,true,0.0029705627947882265,0.0472138
0.003,true,0.002970719408089652,0.0467814
0.003,true,0.0029708760213910776,0.0462976
0.003,true,0.002971032634692503,0.045763
0.003,true,0.0029711892479939287,0.0451782
0.003,true,0.0029713458612953543,0.0445439
0.003,true,0.00297150247459678,0.043861
0.003,true,0.002971659087898205,0.0431303
0.003,true,0.002971737394548918,0.0427474
0.003,true,0.0029718157011996305,0.042353
0.003,true,0.002971972314501056,0.0415304
0.003,true,0.0029721289278024816,0.0406636
0.003,true,0.002972285541103907,0.0397542
0.003,true,0.0029724421544053328,0.0388038
0.003,true,0.0029725987677067583,0.037814
0.003,true,0.002972755381008184,0.0367868
0.003,true,0.002972911994309609,0.0357241
0.003,true,0.0029730686076110346,0.0346279
0.003,true,0.00297322522091246,0.0335005
0.003,true,0.0029733035275631733,0.0329259
0.003,true,0.0029733818342138857,0.0323443
0.003,true,0.0029735384475153112,0.0311617
0.003,true,0.002973695060816737,0.0299553
0.003,true,0.0029738516741181623,0.0287278
0.003,true,0.002974008287419588,0.0274822
0.003,true,0.002974164900721013,0.0262212
0.003,true,0.0029743215140224386,0.0249481
0.003,true,0.002974478127323864,0.023666
0.003,true,0.0029746347406252897,0.0223783
0.003,true,0.0029747913539267153,0.0210883
0.003,true,0.0029748696605774285,0.0204436
0.003,true,0.002974947967228141,0.0197996
0.003,true,0.0029751045805295664,0.0185159
0.003,true,0.002975261193830992,0.0172409
0.003,true,0.002975417807132417,0.0159784
0.003,true,0.0029755744204338426,0.0147324
0.003,true,0.0029756527270845554,0.0141169
0.003,true,0.002975731033735268,0.013507
0.003,true,0.0029758876470366937,0.0123062
0.003,true,0.0029760442603381193,0.0111343
0.003,true,0.002976200873639545,0.00999556
0.003,true,0.0029763574869409704,0.00889438
0.003,true,0.002976435793591683,0.00835925
0.003,true,0.0029765141002423955,0.00783519
0.003,true,0.002976670713543821,0.00682251
0.003,true,0.0029768273268452466,0.0058609
0.003,true,0.002976983940146672,0.00495501
0.003,true,0.0029771405534480978,0.0041095
0.003,true,0.0029772971667495233,0.00332911
0.003,true,0.002977453780050949,0.00261861
0.003,true,0.0029776103933523744,0.00198278
0.003,true,0.0029777670066537996,0.00142647
0.003,true,0.002977923619955225,0.000954504
0.003,true,0.0029780019266059383,0.000751674
0.003,true,0.0029780802332566507,0.000571756
0.003,true,0.0029782368465580762,0.00028309
0.003,true,0.002978393459859502,9.33742e-05
0.003,true,0.0029785500731609274,7.47175e-06
0.003,true,0.002978706686462353,3.02309e-05
0.003,true,0.0029788632997637785,0.00016648
0.003,true,0.0029790199130652036,0.000421019
0.003,true,0.002979176526366629,0.000798614
0.003,true,0.0029793331396680547,0.00130399
0.003,true,0.0029794897529694803,0.00194181
0.003,true,0.0029795680596201935,0.00231184
0.003,true,0.002979646366270906,0.00271671
0.003,true,0.0029798029795723314,0.00363322
0.003,true,0.002979959592873757,0.00469583
0.003,true,0.0029801162061751825,0.00590894
0.003,true,0.0029802728194766076,0.00727686
0.003,true,0.002980429432778033,0.00880381
0.003,true,0.0029805860460794587,0.0104939
0.003,true,0.0029807426593808843,0.0123512
0.003,true,0.00298089927268231,0.0143794
0.003,true,0.0029810558859837354,0.0165825
0.003,true,0.002981134192634448,0.0177508
0.003,true,0.002981212499285161,0.0189641
0.003,true,0.0029813691125865865,0.0215276
0.003,true,0.0029815257258880117,0.0242763
0.003,true,0.002981682339189437,0.0272136
0.003,true,0.0029818389524908628,0.0303425
0.003,true,0.0029819955657922883,0.0336657
0.003,true,0.002982152179093714,0.0371861
0.003,true,0.0029823087923951394,0.0409062
0.003,true,0.002982465405696565,0.0448283
0.003,true,0.0029826220189979906,0.0489546
0.003,true,0.0029827003256487033,0.051095
0.003,true,0.0029827786322994157,0.0532871
0.003,true,0.0029829352456008412,0.0578276
0.003,true,0.002983091858902267,0.0625776
0.003,true,0.0029832484722036924,0.0675385
0.003,true,0.002983405085505118,0.0727114
0.003,true,0.0029835616988065435,0.0780974
0.003,true,0.002983718312107969,0.0836971
0.003,true,0.0029838749254093946,0.089511
0.003,true,0.0029840315387108197,0.0955395
0.003,true,0.0029841881520122453,0.101783
0.003,true,0.0029842664586629585,0.104984
0.003,true,0.002984344765313671,0.10824
0.003,true,0.0029845013786150964,0.114911
0.003,true,0.002984657991916522,0.121796
0.003,true,0.0029848146052179475,0.128893
0.003,true,0.002984971218519373,0.136202
0.003,true,0.0029851278318207986,0.143721
0.003,true,0.0029852844451222237,0.151448
0.003,true,0.0029854410584236493,0.159381
0.003,true,0.002985597671725075,0.167519
0.003,true,0.0029857542850265004,0.17586
0.003,true,0.002985832591677213,0.180105
0.003,true,0.002985910898327926,0.1844
0.003,true,0.0029860675116293515,0.193137
0.003,true,0.002986224124930777,0.202068
0.003,true,0.002986380738232202,0.21119
0.003,true,0.0029865373515336278,0.220499
0.003,true,0.0029866939648350533,0.229991
0.003,true,0.002986850578136479,0.239663
0.003,true,0.0029870071914379044,0.249511
0.003,true,0.00298716380473933,0.259529
0.003,true,0.0029873204180407556,0.269714
0.003,true,0.0029873987246914683,0.274868
0.003,true,0.002987477031342181,0.280061
0.003,true,0.0029876336446436062,0.290565
0.003,true,0.002987790257945032,0.30122
0.003,true,0.0029879468712464574,0.312022
0.003,true,0.002988103484547883,0.322964
0.003,true,0.0029882600978493085,0.33404
0.003,true,0.002988416711150734,0.345246
0.003,true,0.0029885733244521596,0.356574
0.003,true,0.002988729937753585,0.368019
0.003,true,0.0029888865510550103,0.379573
0.003,true,0.0029889648577057235,0.38539
0.003,true,0.002989043164356436,0.391231
0.003,true,0.0029891997776578614,0.402985
0.003,true,0.002989356390959287,0.414829
0.003,true,0.0029895130042607125,0.426755
0.003,true,0.002989669617562138,0.438756
0.003,true,0.0029898262308635636,0.450824
0.003,true,0.002989982844164989,0.462953
0.003,true,0.0029901394574664143,0.475135
0.003,true,0.00299029607076784,0.487361
0.003,true,0.0029904526840692654,0.499624
0.003,true,0.0029905309907199786,0.505767
0.003,true,0.002990609297370691,0.511917
0.003,true,0.0029907659106721165,0.52423
0.003,true,0.002990922523973542,0.536557
0.003,true,0.0029910791372749677,0.548888
0.003,true,0.002991235750576393,0.561216
0.003,true,0.002991314057227106,0.567376
0.003,true,0.0029913923638778183,0.573532
0.003,true,0.002991548977179244,0.585828
0.003,true,0.0029917055904806695,0.598095
0.003,true,0.002991862203782095,0.610325
0.003,true,0.0029920188170835206,0.622509
0.003,true,0.0029920971237342338,0.628582
0.003,true,0.002992175430384946,0.63464
0.003,true,0.0029923320436863717,0.646708
0.003,true,0.0029924886569877972,0.658704
0.003,true,0.0029926452702892224,0.670621
0.003,true,0.002992801883590648,0.68245
0.003,true,0.0029929584968920735,0.694182
0.003,true,0.002993115110193499,0.705808
0.003,true,0.0029932717234949246,0.717321
0.003,true,0.00299342833679635,0.728712
0.003,true,0.0029935849500977757,0.739972
0.003,true,0.0029936632567484885,0.74555
0.003,true,0.0029937415633992013,0.751093
0.003,true,0.0029938981767006264,0.762066
0.003,true,0.002994054790002052,0.772884
0.003,true,0.0029942114033034775,0.783539
0.003,true,0.002994368016604903,0.794021
0.003,true,0.0029945246299063286,0.804324
0.003,true,0.002994681243207754,0.814439
0.003,true,0.0029948378565091797,0.824359
0.003,true,0.0029949944698106053,0.834075
0.003,true,0.0029951510831120304,0.843581
0.003,true,0.0029952293897627436,0.848252
0.003,true,0.002995307696413456,0.852868
0.003,true,0.0029954643097148815,0.86193
0.003,true,0.002995620923016307,0.870759
0.003,true,0.0029957775363177327,0.879349
0.003,true,0.0029959341496191582,0.887692
0.003,true,0.0029960907629205838,0.895781
0.003,true,0.002996247376222009,0.90361
0.003,true,0.0029964039895234345,0.911173
0.003,true,0.00299656060282486,0.918464
0.003,true,0.0029967172161262856,0.925476
0.003,true,0.002996795522776999,0.928876
0.003,true,0.002996873829427711,0.932204
0.003,true,0.0029970304427291367,0.938641
0.003,true,0.0029971870560305622,0.944783
0.003,true,0.002997343669331988,0.950625
0.003,true,0.002997500282633413,0.95616
0.003,true,0.0029976568959348385,0.961385
0.003,true,0.002997813509236264,0.966296
0.003,true,0.0029979701225376896,0.970886
0.003,true,0.002998126735839115,0.975154
0.003,true,0.0029982833491405407,0.979094
0.003,true,0.0029983616557912535,0.98094
0.003,true,0.0029984399624419663,0.982703
0.003,true,0.002998596575743392,0.985978
0.003,true,0.002998753189044817,0.988916
0.003,true,0.0029989098023462425,0.991514
0.003,true,0.002999066415647668,0.99377
0.003,true,0.0029992230289490936,0.99568
0.003,true,0.002999379642250519,0.997244
0.003,true,0.0029995362555519448,0.998459
0.003,true,0.0029996928688533703,0.999324
0.003,true,0.002999849482154796,0.999838
0.003,true,0.0029999277888055086,0.999963
0.003,true,0.003000006095456221,1
0.003,true,0.0030001627087576466,0.99981
0.003,true,0.003000319322059072,0.999266
0.003,true,0.0030004759353604977,0.998371
0.003,true,0.0030006325486619232,0.997122
0.003,true,0.0030007891619633488,0.995522
0.003,true,0.0030009457752647743,0.993572
0.003,true,0.0030011023885662,0.991271
0.003,true,0.003001259001867625,0.988623
0.003,true,0.0030014156151690506,0.985628
0.003,true,0.003001493921819764,0.984002
0.003,true,0.003001572228470476,0.98229
0.003,true,0.0030017288417719017,0.97861
0.003,true,0.0030018601430604444,0.975263
0.003,true,0.0030018854550733273,0.97459
0.003,true,0.003002042068374753,0.970235
0.003,true,0.0030021986816761784,0.965548
0.003,true,0.003002355294977604,0.960532
0.003,true,0.003002511908279029,0.95519
0.003,true,0.0030026685215804546,0.949528
0.003,true,0.00300282513488188,0.94355
0.003,true,0.0030029817481833057,0.937259
0.003,true,0.0030030600548340185,0.933999
0.003,true,0.0030031383614847313,0.930663
0.003,true,0.003003294974786157,0.923765
0.003,true,0.0030034515880875824,0.916572
0.003,true,0.0030036082013890075,0.909089
0.003,true,0.003003764814690433,0.901322
0.003,true,0.0030039214279918586,0.893277
0.003,true,0.003004078041293284,0.884962
0.003,true,0.0030042346545947098,0.876383
0.003,true,0.0030043912678961353,0.867547
0.003,true,0.003004547881197561,0.858461
0.003,true,0.0030046261878482737,0.853826
0.003,true,0.0030047044944989864,0.849132
0.003,true,0.003004861107800412,0.839569
0.003,true,0.003005017721101837,0.82978
0.003,true,0.0030051743344032627,0.819771
0.003,true,0.0030053309477046882,0.809552
0.003,true,0.003005487561006114,0.799131
0.003,true,0.0030056441743075393,0.788515
0.003,true,0.003005800787608965,0.777715
0.003,true,0.0030059574009103905,0.766739
0.003,true,0.0030061140142118156,0.755595
0.003,true,0.003006192320862529,0.749963
0.003,true,0.003006270627513241,0.744293
0.003,true,0.0030064272408146667,0.732841
0.003,true,0.0030065838541160923,0.72125
0.003,true,0.003006740467417518,0.709528
0.003,true,0.0030068970807189434,0.697684
0.003,true,0.003006975387369656,0.69172
0.003,true,0.003007053694020369,0.685729
0.003,true,0.0030072103073217945,0.67367
0.003,true,0.0030073669206232196,0.661519
0.003,true,0.003007523533924645,0.649284
0.003,true,0.0030076801472260707,0.636975
0.003,true,0.003007758453876784,0.630796
0.003,true,0.0030078367605274963,0.624602
0.003,true,0.003007993373828922,0.612173
0.003,true,0.0030081499871303474,0.599699
0.003,true,0.003008306600431773,0.587188
0.003,true,0.0030084632137331985,0.574651
0.003,true,0.0030086198270346236,0.562095
0.003,true,0.003008776440336049,0.549532
0.003,true,0.0030089330536374748,0.536969
0.003,true,0.0030090896669389003,0.524416
0.003,true,0.003009246280240326,0.511882
0.003,true,0.003009324586891039,0.505624
0.003,true,0.0030094028935417514,0.499375
0.003,true,0.003009559506843177,0.486905
0.003,true,0.0030097161201446026,0.474479
0.003,true,0.0030098727334460277,0.462107
0.003,true,0.0030100293467474532,0.449796
0.003,true,0.003010185960048879,0.437555
0.003,true,0.0030103425733503044,0.425391
0.003,true,0.00301049918665173,0.413313
0.003,true,0.0030106557999531555,0.401328
0.003,true,0.003010812413254581,0.389443
0.003,true,0.003010890719905294,0.38354
0.003,true,0.0030109690265560066,0.377666
0.003,true,0.0030111256398574317,0.366003
0.003,true,0.0030112822531588573,0.354462
0.003,true,0.003011438866460283,0.343049
0.003,true,0.0030115954797617084,0.33177
0.003,true,0.003011752093063134,0.320631
0.003,true,0.0030119087063645595,0.309639
0.003,true,0.003012065319665985,0.298798
0.003,true,0.0030122219329674106,0.288115
0.003,true,0.0030123785462688357,0.277595
0.003,true,0.003012456852919549,0.272398
0.003,true,0.0030125351595702613,0.267242
0.003,true,0.003012691772871687,0.257062
0.003,true,0.0030128483861731124,0.247058
0.003,true,0.003013004999474538,0.237235
0.003,true,0.0030131616127759635,0.227597
0.003,true,0.003013318226077389,0.218147
0.003,true,0.003013474839378814,0.20889
0.003,true,0.0030136314526802398,0.199827
0.003,true,0.0030137880659816653,0.190963
0.003,true,0.003013944679283091,0.1823
0.003,true,0.003014022985933804,0.178044
0.003,true,0.0030141012925845164,0.173839
0.003,true,0.003014257905885942,0.165585
0.003,true,0.0030144145191873676,0.157537
0.003,true,0.003014571132488793,0.149699
0.003,true,0.0030147277457902182,0.142071
0.003,true,0.003014884359091644,0.134655
0.003,true,0.0030150409723930694,0.127452
0.003,true,0.003015197585694495,0.120462
0.003,true,0.0030153541989959205,0.113686
0.003,true,0.003015510812297346,0.107124
0.003,true,0.003015589118948059,0.103924
0.003,true,0.0030156674255987716,0.100777
0.003,true,0.003015824038900197,0.0946436
0.003,true,0.0030159806522016223,0.0887242
0.003,true,0.003016137265503048,0.0830179
0.003,true,0.0030162938788044734,0.0775239
0.003,true,0.003016450492105899,0.0722413
0.003,true,0.0030166071054073245,0.0671688
0.003,true,0.00301676371870875,0.062305
0.003,true,0.0030169203320101756,0.0576483
0.003,true,0.003017076945311601,0.053197
0.003,true,0.003017155251962314,0.0510478
0.003,true,0.0030172335586130263,0.0489491
0.003,true,0.003017390171914452,0.0449024
0.003,true,0.0030175467852158774,0.0410547
0.003,true,0.003017703398517303,0.0374035
0.003,true,0.0030178600118187285,0.0339462
0.003,true,0.003018016625120154,0.03068
0.003,true,0.0030181732384215797,0.027602
0.003,true,0.003018329851723005,0.0247091
0.003,true,0.0030184864650244303,0.0219982
0.003,true,0.003018643078325856,0.0194659
0.003,true,0.003018721384976569,0.0182657
0.003,true,0.0030187996916272814,0.0171089
0.003,true,0.003018956304928707,0.0149235
0.003,true,0.0030191129182301326,0.0129061
0.003,true,0.003019269531531558,0.011053
0.003,true,0.0030194261448329837,0.00936031
0.003,true,0.0030195827581344092,0.00782403
0.003,true,0.0030197393714358344,0.00644016
0.003,true,0.00301989598473726,0.00520459
0.003,true,0.0030200525980386855,0.00411314
0.003,true,0.003020209211340111,0.00316154
0.003,true,0.003020287517990824,0.00273685
0.003,true,0.0030203658246415366,0.0023455
0.003,true,0.003020522437942962,0.00166065
0.003,true,0.0030206790512443877,0.00110257
0.003,true,0.0030208356645458133,0.000666802
0.003,true,0.0030209922778472384,0.000348861
0.003,true,0.003021148891148664,0.000144218
0.003,true,0.0030213055044500895,4.83276e-05
0.003,true,0.003021462117751515,5.66206e-05
0.003,true,0.0030216187310529406,0.000164516
0.003,true,0.003021775344354366,0.000367426
0.003,true,0.003021853651005079,0.000503076
0.003,true,0.0030219319576557917,0.000660759
0.003,true,0.0030220885709572173,0.00103993
0.003,true,0.0030222451842586424,0.00150035
0.003,true,0.003022401797560068,0.00203747
0.003,true,0.0030225584108614935,0.00264673
0.003,true,0.0030226367175122063,0.00297701
0.003,true,0.003022715024162919,0.00332363
0.003,true,0.0030228716374643447,0.00406365
0.003,true,0.00302302825076577,0.00486236
0.003,true,0.0030231848640671958,0.00571534
0.003,true,0.003023341477368621,0.0066182
0.003,true,0.003023419784019334,0.00708699
0.003,true,0.0030234980906700465,0.00756664
0.003,true,0.003023654703971472,0.00855638
0.003,true,0.0030238113172728976,0.00958321
0.003,true,0.003023967930574323,0.010643
0.003,true,0.0030241245438757487,0.0117316
0.003,true,0.0030242811571771742,0.0128452
0.003,true,0.0030244377704786,0.0139796
0.003,true,0.003024594383780025,0.0151311
0.003,true,0.0030247509970814505,0.0162959
0.003,true,0.003024907610382876,0.0174703
0.003,true,0.0030249859170335893,0.01806
0.003,true,0.0030250642236843016,0.0186508
0.003,true,0.003025220836985727,0.0198338
0.003,true,0.0030253774502871527,0.0210159
0.003,true,0.0030255340635885783,0.0221938
0.003,true,0.003025690676890004,0.0233643
0.003,true,0.003025847290191429,0.0245244
0.003,true,0.0030260039034928545,0.025671
0.003,true,0.00302616051679428,0.0268012
0.003,true,0.0030263171300957056,0.0279124
0.003,true,0.003026473743397131,0.0290017
0.003,true,0.0030265520500478444,0.0295375
0.003,true,0.0030266303566985567,0.0300668
0.003,true,0.0030267869699999823,0.0311052
0.003,true,0.003026943583301408,0.0321145
0.003,true,0.003027100196602833,0.0330927
0.003,true,0.0030272568099042585,0.0340376
0.003,true,0.003027413423205684,0.0349474
0.003,true,0.0030275700365071097,0.0358201
0.003,true,0.0030277266498085352,0.0366542
0.003,true,0.0030278832631099608,0.0374481
0.003,true,0.0030280398764113863,0.0382003
0.003,true,0.003028118183062099,0.0385604
0.003,true,0.003028196489712812,0.0389095
0.003,true,0.003028353103014237,0.0395746
0.003,true,0.0030285097163156626,0.0401944
0.003,true,0.003028666329617088,0.040768
0.003,true,0.0030288229429185137,0.0412946
0.003,true,0.0030289795562199393,0.0417736
0.003,true,0.003029136169521365,0.0422043
0.003,true,0.0030292927828227904,0.0425862
0.003,true,0.003029449396124216,0.0429191
0.003,true,0.003029606009425641,0.0432026
0.003,true,0.0030296843160763543,0.0433259
0.003,true,0.0030297626227270666,0.0434367
0.003,true,0.003029919236028492,0.0436215
0.003,true,0.0030300758493299177,0.0437568
0.003,true,0.0030302324626313433,0.0438431
0.003,true,0.003030389075932769,0.0438806
0.003,true,0.0030305456892341944,0.0438697
0.003,true,0.0030307023025356195,0.0438109
0.003,true,0.003030858915837045,0.0437049
0.003,true,0.0030310155291384706,0.0435523
0.003,true,0.003031172142439896,0.043354
0.003,true,0.0030312504490906094,0.0432379
0.003,true,0.0030313287557413218,0.0431108
0.003,true,0.0030314853690427473,0.0428236
0.003,true,0.003031641982344173,0.0424935
0.003,true,0.0030317985956455984,0.0421217
0.003,true,0.003031955208947024,0.0417093
0.003,true,0.003032111822248449,0.0412575
0.003,true,0.0030322684355498747,0.0407676
0.003,true,0.0030324250488513002,0.0402411
0.003,true,0.003032581662152726,0.0396794
0.003,true,0.0030327382754541513,0.0390839
0.003,true,0.003032816582104864,0.038774
0.003,true,0.003032894888755577,0.0384562
0.003,true,0.0030330515020570025,0.0377978
0.003,true,0.0030332081153584276,0.0371103
0.003,true,0.003033364728659853,0.0363955
0.003,true,0.0030335213419612787,0.0356548
0.003,true,0.0030336779552627043,0.0348902
0.003,true,0.00303383456856413,0.0341032
0.003,true,0.0030339911818655554,0.0332957
0.003,true,0.003034147795166981,0.0324694
0.003,true,0.0030343044084684065,0.031626
0.003,true,0.0030343827151191193,0.0311984
0.003,true,0.0030344610217698316,0.0307673
0.003,true,0.003034617635071257,0.0298952
0.003,true,0.0030347742483726827,0.0290113
0.003,true,0.0030349308616741083,0.0281175
0.003,true,0.003035087474975534,0.0272155
0.003,true,0.0030352440882769594,0.0263071
0.003,true,0.003035400701578385,0.025394
0.003,true,0.0030355573148798105,0.024478
0.003,true,0.0030357139281812356,0.0235607
0.003,true,0.003035870541482661,0.0226438
0.003,true,0.0030359488481333744,0.022186
0.003,true,0.0030360271547840868,0.0217289
0.003,true,0.0030361837680855123,0.0208178
0.003,true,0.003036340381386938,0.0199118
0.003,true,0.0030364969946883634,0.0190127
0.003,true,0.003036653607989789,0.0181219
0.003,true,0.0030368102212912145,0.0172409
0.003,true,0.0030369668345926397,0.0163711
0.003,true,0.0030371234478940652,0.0155139
0.003,true,0.003037280061195491,0.0146705
0.003,true,0.0030374366744969163,0.0138424
0.003,true,0.003037514981147629,0.0134344
0.003,true,0.003037593287798342,0.0130307
0.003,true,0.0030377499010997675,0.0122366
0.003,true,0.003037906514401193,0.0114612
0.003,true,0.0030380631277026186,0.0107056
0.003,true,0.0030382197410040437,0.00997087
0.003,true,0.003038298047654757,0.00961159
0.003,true,0.0030383763543054693,0.00925787
0.003,true,0.003038532967606895,0.00856753
0.003,true,0.0030386895809083204,0.00790068
0.003,true,0.003038846194209746,0.00725812
0.003,true,0.0030390028075111715,0.00664055
0.003,true,0.0030390811141618843,0.00634134
0.003,true,0.003039159420812597,0.00604863
0.003,true,0.0030393160341140226,0.00548295
0.003,true,0.0030394726474154477,0.00494406
0.003,true,0.0030396292607168733,0.00443242
0.003,true,0.003039785874018299,0.00394844
0.003,true,0.0030399424873197244,0.00349249
0.003,true,0.00304009910062115,0.00306484
0.003,true,0.0030402557139225755,0.00266573
0.003,true,0.003040412327224001,0.00229533
0.003,true,0.003040568940525426,0.00195376
0.003,true,0.0030406472471761394,0.0017938
0.003,true,0.0030407255538268518,0.00164106
0.003,true,0.0030408821671282773,0.00135724
0.003,true,0.003041038780429703,0.00110224
0.003,true,0.0030411953937311284,0.000875935
0.003,true,0.003041352007032554,0.000678169
0.003,true,0.0030415086203339796,0.000508717
0.003,true,0.003041665233635405,0.000367307
0.003,true,0.0030418218469368307,0.000253615
0.003,true,0.003041978460238256,0.00016727
0.003,true,0.0030421350735396814,0.000107854
0.003,true,0.0030422133801903946,8.81005e-05
0.003,true,0.003042291686841107,7.49014e-05
0.003,true,0.0030424483001425325,6.79037e-05
0.003,true,0.003042604913443958,8.63096e-05
0.003,true,0.0030427615267453836,0.000129527
0.003,true,0.003042918140046809,0.000196925
0.003,true,0.0030430747533482343,0.000287834
0.003,true,0.00304323136664966,0.000401552
0.003,true,0.0030433879799510854,0.00053734
0.003,true,0.003043544593252511,0.00069443
0.003,true,0.0030437012065539365,0.000872024
0.003,true,0.0030437795132046497,0.000968252
0.003,true,0.003043857819855362,0.00106929
0.003,true,0.0030440144331567876,0.00128539
0.003,true,0.003044171046458213,0.00151943
0.003,true,0.0030443276597596383,0.00177052
0.003,true,0.003044484273061064,0.00203775
0.003,true,0.0030446408863624894,0.00232018
0.003,true,0.003044797499663915,0.00261685
0.003,true,0.0030449541129653405,0.0029268
0.003,true,0.003045110726266766,0.00324906
0.003,true,0.0030452673395681916,0.00358264
0.003,true,0.0030453456462189044,0.00375336
0.003,true,0.003045423952869617,0.00392654
0.003,true,0.0030455805661710423,0.00427977
0.003,true,0.003045737179472468,0.00464132
0.003,true,0.0030458937927738934,0.00501018
0.003,true,0.003046050406075319,0.00538536
0.003,true,0.0030462070193767446,0.00576584
0.003,true,0.00304636363267817,0.00615064
0.003,true,0.0030465202459795957,0.00653875
0.003,true,0.0030466768592810212,0.00692918
0.003,true,0.0030468334725824464,0.00732097
0.003,true,0.0030469117792331596,0.00751707
0.003,true,0.003046990085883872,0.00771315
0.003,true,0.0030471466991852975,0.00810476
0.003,true,0.003047303312486723,0.00849486
0.003,true,0.0030474599257881486,0.00888253
0.003,true,0.003047616539089574,0.00926688
0.003,true,0.0030477731523909997,0.009647
0.003,true,0.003047929765692425,0.010022
0.003,true,0.0030480863789938504,0.0103912
0.003,true,0.003048242992295276,0.0107535
0.003,true,0.0030483996055967015,0.0111083
0.003,true,0.0030484779122474147,0.0112827
0.003,true,0.003048556218898127,0.0114548
0.003,true,0.0030487128321995526,0.0117923
0.003,true,0.003048869445500978,0.01212
0.003,true,0.0030490260588024037,0.0124372
0.003,true,0.0030491826721038293,0.0127433
0.003,true,0.0030493392854052544,0.0130377
0.003,true,0.00304949589870668,0.0133198
0.003,true,0.0030496525120081055,0.013589
0.003,true,0.003049809125309531,0.0138448
0.003,true,0.0030499657386109567,0.0140866
0.003,true,0.0030500440452616694,0.0142022
0.003,true,0.003050122351912382,0.0143142
0.003,true,0.0030502789652138078,0.0145269
0.003,true,0.003050435578515233,0.0147245
0.003,true,0.0030505921918166585,0.0149066
0.003,true,0.003050748805118084,0.0150729
0.003,true,0.0030509054184195096,0.0152231
0.003,true,0.003051062031720935,0.0153569
0.003,true,0.0030512186450223607,0.0154742
0.003,true,0.0030513752583237862,0.0155749
0.003,true,0.003051531871625212,0.0156587
0.003,true,0.0030516101782759246,0.0156942
0.003,true,0.0030516884849266374,0.0157256
0.003,true,0.0030518450982280625,0.0157755
0.003,true,0.003052001711529488,0.0158084
0.003,true,0.0030521583248309136,0.0158244
0.003,true,0.003052314938132339,0.0158235
0.003,true,0.0030524715514337647,0.0158058
0.003,true,0.0030526281647351903,0.0157713
0.003,true,0.003052784778036616,0.0157204
0.003,true,0.003052941391338041,0.015653
0.003,true,0.0030530980046394665,0.0155696
0.003,true,0.0030531763112901797,0.0155219
0.003,true,0.003053254617940892,0.0154703
0.003,true,0.0030534112312423176,0.0153555
0.003,true,0.003053567844543743,0.0152254
0.003,true,0.0030537244578451687,0.0150803
0.003,true,0.0030538810711465943,0.0149208
0.003,true,0.003053959377797307,0.0148357
0.003,true,0.00305403768444802,0.0147471
0.003,true,0.003054194297749445,0.0145598
0.003,true,0.0030543509110508705,0.0143592
0.003,true,0.003054507524352296,0.0141458
0.003,true,0.0030546641376537217,0.0139201
0.003,true,0.003054742444304435,0.0138029
0.003,true,0.003054820750955147,0.0136827
0.003,true,0.0030549773642565728,0.0134342
0.003,true,0.0030551339775579983,0.0131749
0.003,true,0.003055290590859424,0.0129056
0.003,true,0.003055447204160849,0.0126269
0.003,true,0.0030556038174622746,0.0123393
0.003,true,0.0030557604307637,0.0120434
0.003,true,0.0030559170440651257,0.01174
0.003,true,0.0030560736573665512,0.0114295
0.003,true,0.003056230270667977,0.0111128
0.003,true,0.0030563085773186896,0.0109523
0.003,true,0.0030563868839694024,0.0107904
0.003,true,0.003056543497270828,0.010463
0.003,true,0.003056700110572253,0.0101314
0.003,true,0.0030568567238736786,0.00979604
0.003,true,0.003057013337175104,0.00945775
0.003,true,0.0030571699504765297,0.00911717
0.003,true,0.0030573265637779553,0.00877497
0.003,true,0.003057483177079381,0.00843183
0.003,true,0.0030576397903808064,0.00808841
0.003,true,0.0030577964036822315,0.00774537
0.003,true,0.0030578747103329447,0.0075742
0.003,true,0.003057953016983657,0.00740337
0.003,true,0.0030581096302850826,0.00706305
0.003,true,0.003058266243586508,0.00672505
0.003,true,0.0030584228568879337,0.00638999
0.003,true,0.0030585794701893593,0.0060585
0.003,true,0.003058736083490785,0.00573117
0.003,true,0.0030588926967922104,0.00540858
0.003,true,0.003059049310093636,0.00509132
0.003,true,0.003059205923395061,0.00477994
0.003,true,0.0030593625366964867,0.00447497
0.003,true,0.0030594408433472,0.00432505
0.003,true,0.0030595191499979122,0.00417693
0.003,true,0.0030596757632993378,0.00388633
0.003,true,0.0030598323766007633,0.00360364
0.003,true,0.003059988989902189,0.00332932
0.003,true,0.0030601456032036145,0.00306382
0.003,true,0.0030603022165050396,0.00280754
0.003,true,0.003060458829806465,0.00256087
0.003,true,0.0030606154431078907,0.0023242
0.003,true,0.0030607720564093163,0.00209785
0.003,true,0.003060928669710742,0.00188215
0.003,true,0.003061006976361455,0.00177839
0.003,true,0.0030610852830121674,0.0016774
0.003,true,0.003061241896313593,0.00148385
0.003,true,0.0030613985096150185,0.00130176
0.003,true,0.0030615551229164436,0.00113133
0.003,true,0.003061711736217869,0.000972772
0.003,true,0.0030618683495192947,0.000826232
0.003,true,0.0030620249628207203,0.000691854
0.003,true,0.003062181576122146,0.000569746
0.003,true,0.0030623381894235714,0.000459994
0.003,true,0.003062494802724997,0.000362655
0.003,true,0.0030625731093757097,0.000318651
0.003,true,0.0030626514160264225,0.00027776
0.003,true,0.0030628080293278476,0.000205315
0.003,true,0.003062964642629273,0.000145299
0.003,true,0.0030631212559306988,9.76666e-05
0.003,true,0.0030632778692321243,6.23458e-05
0.003,true,0.00306343448253355,3.92409e-05
0.003,true,0.0030635910958349754,2.82314e-05
0.003,true,0.003063747709136401,2.91733e-05
0.003,true,0.0030639043224378265,4.1899e-05
0.003,true,0.0030640609357392517,6.62183e-05
0.003,true,0.003064139242389965,8.26601e-05
0.003,true,0.0030642175490406772,0.000101919
0.003,true,0.003064374162342103,0.000148767
0.003,true,0.0030645307756435283,0.000206509
0.003,true,0.003064687388944954,0.000274869
0.003,true,0.0030648440022463795,0.000353554
0.003,true,0.003065000615547805,0.000442252
0.003,true,0.0030651572288492306,0.000540633
0.003,true,0.0030653138421506557,0.000648351
0.003,true,0.0030654704554520813,0.000765044
0.003,true,0.003065627068753507,0.000890334
0.003,true,0.00306570537540422,0.000956081
0.003,true,0.0030657836820549324,0.00102383
0.003,true,0.003065940295356358,0.00116513
0.003,true,0.0030660969086577835,0.00131381
0.003,true,0.003066253521959209,0.00146945
0.003,true,0.0030664101352606346,0.00163161
0.003,true,0.0030665667485620597,0.00179985
0.003,true,0.0030667233618634853,0.0019737
0.003,true,0.003066879975164911,0.00215271
0.003,true,0.0030670365884663364,0.0023364
0.003,true,0.003067193201767762,0.00252432
0.003,true,0.0030672715084184747,0.0026197
0.003,true,0.0030673498150691875,0.00271597
0.003,true,0.003067506428370613,0.00291087
0.003,true,0.003067663041672038,0.00310855
0.003,true,0.0030678196549734638,0.00330853
0.003,true,0.0030679762682748893,0.00351031
0.003,true,0.003068132881576315,0.00371341
0.003,true,0.0030682894948777404,0.00391737
0.003,true,0.003068446108179166,0.00412169
0.003,true,0.0030686027214805916,0.0043259
0.003,true,0.003068759334782017,0.00452954
0.003,true,0.00306883764143273,0.004631
0.003,true,0.0030689159480834427,0.00473214
0.003,true,0.003069072561384868,0.00493325
0.003,true,0.0030692291746862933,0.00513241
0.003,true,0.003069385787987719,0.00532919
0.003,true,0.0030695424012891445,0.00552315
0.003,true,0.0030696207079398572,0.00561895
0.003,true,0.00306969901459057,0.00571388
0.003,true,0.0030698556278919956,0.00590096
0.003,true,0.003070012241193421,0.00608399
0.003,true,0.0030701688544948463,0.00626259
0.003,true,0.003070325467796272,0.00643637
0.003,true,0.003070403774446985,0.00652135
0.003,true,0.0030704820810976974,0.00660499
0.003,true,0.003070638694399123,0.00676809
0.003,true,0.0030707953077005485,0.00692533
0.003,true,0.003070951921001974,0.00707641
0.003,true,0.0030711085343033996,0.00722103
0.003,true,0.003071265147604825,0.00735889
0.003,true,0.0030714217609062503,0.00748972
0.003,true,0.003071578374207676,0.00761329
0.003,true,0.0030717349875091014,0.00772935
0.003,true,0.003071891600810527,0.00783768
0.003,true,0.00307196990746124,0.00788889
0.003,true,0.0030720482141119525,0.00793809
0.003,true,0.003072204827413378,0.0080304
0.003,true,0.0030723614407148036,0.00811445
0.003,true,0.003072518054016229,0.00819009
0.003,true,0.0030726746673176543,0.00825719
0.003,true,0.00307283128061908,0.00831566
0.003,true,0.0030729878939205054,0.00836541
0.003,true,0.003073144507221931,0.00840637
0.003,true,0.0030733011205233566,0.00843849
0.003,true,0.003073457733824782,0.00846174
0.003,true,0.0030735360404754953,0.00847003
0.003,true,0.0030736143471262077,0.00847611
0.003,true,0.0030737709604276332,0.00848161
0.003,true,0.0030739275737290584,0.00847825
0.003,true,0.003074084187030484,0.0084661
0.003,true,0.0030742408003319095,0.00844521
0.003,true,0.003074397413633335,0.00841565
0.003,true,0.0030745540269347606,0.00837753
0.003,true,0.003074710640236186,0.00833096
0.003,true,0.0030748672535376117,0.00827607
0.003,true,0.0030750238668390373,0.00821301
0.003,true,0.00307510217348975,0.00817847
0.003,true,0.0030751804801404624,0.00814195
0.003,true,0.003075337093441888,0.00806305
0.003,true,0.0030754937067433135,0.00797651
0.003,true,0.003075650320044739,0.00788254
0.003,true,0.0030758069333461646,0.00778137
0.003,true,0.00307596354664759,0.00767322
0.003,true,0.0030761201599490157,0.00755834
0.003,true,0.0030762767732504413,0.007437
0.003,true,0.0030764333865518664,0.00730946
0.003,true,0.003076589999853292,0.007176
0.003,true,0.003076668306504005,0.00710714
0.003,true,0.0030767466131547175,0.00703692
0.003,true,0.003076903226456143,0.00689252
0.003,true,0.0030770598397575686,0.0067431
0.003,true,0.003077216453058994,0.006589
0.003,true,0.0030773730663604198,0.00643052
0.003,true,0.003077529679661845,0.006268
0.003,true,0.0030776862929632704,0.00610178
0.003,true,0.003077842906264696,0.00593221
0.003,true,0.0030779995195661216,0.00575962
0.003,true,0.003078156132867547,0.00558438
0.003,true,0.0030782344395182603,0.00549587
0.003,true,0.003079800572532515,0.00367319
0.003,true,0.00308136670554677,0.0019854
0.003,true,0.0030829328385610253,0.000727332
0.003,true,0.00308449897157528,8.82179e-05
0.003,true,0.0030852820380824074,2.31889e-05
0.003,true,0.003086065104589535,0.000122232
0.003,true,0.0030876312376037903,0.000747793
0.003,true,0.0030891973706180455,0.00177369
0.003,true,0.0030907635036323006,0.00294489
0.003,true,0.0030923296366465554,0.0039975
0.01,fit,0.009878523331107794,0.00747292
0.01,fit,0.009878768444441664,0.00749941
0.01,fit,0.00987901356385746,0.00752555
0.01,fit,0.009879258689355354,0.00755145
0.01,fit,0.009879503820935475,0.0075772
0.01,fit,0.009879748958597995,0.00760292
0.01,fit,0.009879994102343055,0.00762871
0.01,fit,0.009880239252170795,0.00765471
0.01,fit,0.009880484408081388,0.00768103
0.01,fit,0.009880729570074962,0.00770782
0.01,fit,0.00988097473815169,0.0077352
0.01,fit,0.009881219912311702,0.00776333
0.01,fit,0.009881465092555169,0.00779234
0.01,fit,0.009881710278882233,0.0078224
0.01,fit,0.009881955471293034,0.00785366
0.01,fit,0.009882200669787742,0.00788628
0.01,fit,0.00988244587436649,0.00792042
0.01,fit,0.009882691085029448,0.00795627
0.01,fit,0.009882936301776757,0.00799397
0.01,fit,0.009883181524608558,0.00803372
0.01,fit,0.009883426753525021,0.00807569
0.01,fit,0.009883671988526278,0.00812005
0.01,fit,0.009883917229612502,0.00816699
0.01,fit,0.00988416247678383,0.00821669
0.01,fit,0.009884407730040404,0.00826933
0.01,fit,0.009884652989382398,0.00832509
0.01,fit,0.009884898254809938,0.00838415
0.01,fit,0.009885143526323201,0.00844671
0.01,fit,0.009885388803922313,0.00851294
0.01,fit,0.009885634087607448,0.00858302
0.01,fit,0.009885879377378745,0.00865713
0.01,fit,0.009886124673236345,0.00873544
0.01,fit,0.009886369975180422,0.00881814
0.01,fit,0.009886615283211104,0.00890539
0.01,fit,0.009886860597328562,0.00899737
0.01,fit,0.009887105917532939,0.00909423
0.01,fit,0.009887351243824375,0.00919614
0.01,fit,0.00988759657620304,0.00930325
0.01,fit,0.009887841914669068,0.00941572
0.01,fit,0.009888087259222626,0.00953369
0.01,fit,0.009888332609863859,0.0096573
0.01,fit,0.009888577966592905,0.00978668
0.01,fit,0.009888823329409937,0.00992197
0.01,fit,0.009889068698315085,0.0100633
0.01,fit,0.00988931407330852,0.0102107
0.01,fit,0.009889559454390373,0.0103644
0.01,fit,0.009889804841560818,0.0105245
0.01,fit,0.00989005023481999,0.010691
0.01,fit,0.009890295634168038,0.010864
0.01,fit,0.009890541039605126,0.0110436
0.01,fit,0.009890786451131388,0.0112298
0.01,fit,0.009891031868746996,0.0114228
0.01,fit,0.009891277292452089,0.0116225
0.01,fit,0.009891522722246809,0.011829
0.01,fit,0.009891768158131328,0.0120424
0.01,fit,0.009892013600105776,0.0122626
0.01,fit,0.009892259048170324,0.0124896
0.01,fit,0.009892504502325115,0.0127235
0.01,fit,0.009892749962570288,0.0129642
0.01,fit,0.009892995428906015,0.0132117
0.01,fit,0.009893240901332426,0.013466
0.01,fit,0.009893486379849693,0.0137269
0.01,fit,0.009893731864457947,0.0139946
0.01,fit,0.009893977355157362,0.0142688
0.01,fit,0.009894222851948074,0.0145495
0.01,fit,0.009894468354830226,0.0148366
0.01,fit,0.009894713863803991,0.0151301
0.01,fit,0.0098949593788695,0.0154297
0.01,fit,0.00989520490002692,0.0157354
0.01,fit,0.009895450427276398,0.016047
0.01,fit,0.00989569596061807,0.0163643
0.01,fit,0.009895941500052113,0.0166872
0.01,fit,0.009896187045578653,0.0170156
0.01,fit,0.00989643259719786,0.0173492
0.01,fit,0.009896678154909883,0.0176879
0.01,fit,0.009896923718714855,0.0180313
0.01,fit,0.00989716928861295,0.0183794
0.01,fit,0.009897414864604302,0.0187318
0.01,fit,0.009897660446689077,0.0190884
0.01,fit,0.00989790603486741,0.0194488
0.01,fit,0.009898151629139472,0.0198128
0.01,fit,0.009898397229505404,0.0201801
0.01,fit,0.009898642835965345,0.0205505
0.01,fit,0.00989888844851947,0.0209236
0.01,fit,0.009899134067167905,0.0212991
0.01,fit,0.009899379691910825,0.0216767
0.01,fit,0.009899625322748372,0.0220561
0.01,fit,0.009899870959680684,0.022437
0.01,fit,0.009900116602707934,0.0228189
0.01,fit,0.009900362251830254,0.0232015
0.01,fit,0.009900607907047814,0.0235846
0.01,fit,0.009900853568360757,0.0239676
0.01,fit,0.009901099235769222,0.0243502
0.01,fit,0.00990134490927338,0.0247321
0.01,fit,0.009901590588873363,0.0251127
0.01,fit,0.009901836274569344,0.0254919
0.01,fit,0.009902081966361453,0.025869
0.01,fit,0.00990232766424986,0.0262437
0.01,fit,0.009902573368234708,0.0266156
0.01,fit,0.009902819078316137,0.0269843
0.01,fit,0.00990306479449432,0.0273493
0.01,fit,0.009903310516769386,0.0277102
0.01,fit,0.009903556245141509,0.0280666
0.01,fit,0.009903801979610828,0.028418
0.01,fit,0.009904047720177485,0.0287639
0.01,fit,0.009904293466841652,0.0291041
0.01,fit,0.009904539219603457,0.0294379
0.01,fit,0.009904784978463078,0.029765
0.01,fit,0.00990503074342065,0.0300849
0.01,fit,0.009905276514476317,0.0303972
0.01,fit,0.00990552229163025,0.0307014
0.01,fit,0.009905768074882578,0.0309971
0.01,fit,0.009906013864233476,0.0312839
0.01,fit,0.009906259659683074,0.0315613
0.01,fit,0.009906505461231544,0.031829
0.01,fit,0.009906751268879025,0.0320864
0.01,fit,0.00990699708262566,0.0323332
0.01,fit,0.009907242902471622,0.032569
0.01,fit,0.00990748872841704,0.0327934
0.01,fit,0.009907734560462084,0.0330059
0.01,fit,0.009907980398606898,0.0332063
0.01,fit,0.009908226242851623,0.0333941
0.01,fit,0.00990847209319643,0.033569
0.01,fit,0.00990871794964145,0.0337306
0.01,fit,0.009908963812186854,0.0338785
0.01,fit,0.009909209680832783,0.0340126
0.01,fit,0.009909455555579382,0.0341324
0.01,fit,0.009909701436426818,0.0342376
0.01,fit,0.009909947323375225,0.034328
0.01,fit,0.009910193216424772,0.0344033
0.01,fit,0.009910439115575593,0.0344633
0.01,fit,0.00991068502082786,0.0345078
0.01,fit,0.009910930932181709,0.0345364
0.01,fit,0.009911176849637287,0.0345491
0.01,fit,0.009911422773194763,0.0345456
0.01,fit,0.00991166870285427,0.0345258
0.01,fit,0.009911914638615977,0.0344896
0.01,fit,0.009912160580480027,0.0344368
0.01,fit,0.009912406528446561,0.0343675
0.01,fit,0.00991265248251575,0.0342814
0.01,fit,0.009912898442687727,0.0341785
0.01,fit,0.009913144408962663,0.0340589
0.01,fit,0.009913390381340698,0.0339225
0.01,fit,0.009913636359821973,0.0337694
0.01,fit,0.009913882344406662,0.0335996
0.01,fit,0.009914128335094894,0.0334132
0.01,fit,0.009914374331886843,0.0332103
0.01,fit,0.009914620334782638,0.032991
0.01,fit,0.009914866343782452,0.0327555
0.01,fit,0.009915112358886426,0.0325039
0.01,fit,0.0099153583800947,0.0322365
0.01,fit,0.009915604407407448,0.0319536
0.01,fit,0.0099158504408248,0.0316553
0.01,fit,0.009916096480346928,0.0313419
0.01,fit,0.009916342525973974,0.0310138
0.01,fit,0.009916588577706078,0.0306713
0.01,fit,0.009916834635543412,0.0303148
0.01,fit,0.009917080699486108,0.0299446
0.01,fit,0.009917326769534336,0.0295613
0.01,fit,0.009917572845688241,0.0291652
0.01,fit,0.00991781892794796,0.0287568
0.01,fit,0.009918065016313668,0.0283366
0.01,fit,0.009918311110785494,0.0279051
0.01,fit,0.009918557211363612,0.0274629
0.01,fit,0.009918803318048152,0.0270105
0.01,fit,0.009919049430839285,0.0265486
0.01,fit,0.009919295549737155,0.0260777
0.01,fit,0.0099195416747419,0.0255986
0.01,fit,0.009919787805853694,0.0251118
0.01,fit,0.009920033943072667,0.024618
0.01,fit,0.009920280086398992,0.024118
0.01,fit,0.00992052623583281,0.0236124
0.01,fit,0.009920772391374262,0.0231021
0.01,fit,0.009921018553023521,0.0225877
0.01,fit,0.009921264720780717,0.0220701
0.01,fit,0.009921510894646024,0.0215499
0.01,fit,0.00992175707461958,0.0210281
0.01,fit,0.009922003260701527,0.0205055
0.01,fit,0.00992224945289204,0.0199828
0.01,fit,0.009922495651191247,0.019461
0.01,fit,0.00992274185559932,0.0189408
0.01,fit,0.009922988066116393,0.0184232
0.01,fit,0.009923234282742636,0.017909
0.01,fit,0.00992348050547819,0.017399
0.01,fit,0.009923726734323199,0.0168942
0.01,fit,0.009923972969277831,0.0163954
0.01,fit,0.009924219210342219,0.0159035
0.01,fit,0.009924465457516537,0.0154195
0.01,fit,0.009924711710800924,0.0149441
0.01,fit,0.009924957970195523,0.0144783
0.01,fit,0.009925204235700504,0.0140229
0.01,fit,0.009925450507315999,0.0135789
0.01,fit,0.00992569678504218,0.013147
0.01,fit,0.00992594306887919,0.0127282
0.01,fit,0.00992618935882717,0.0123232
0.01,fit,0.009926435654886288,0.011933
0.01,fit,0.009926681957056682,0.0115584
0.01,fit,0.009926928265338518,0.0112001
0.01,fit,0.009927174579731931,0.010859
0.01,fit,0.00992742090023709,0.0105358
0.01,fit,0.00992766722685414,0.0102313
0.01,fit,0.009927913559583222,0.00994622
0.01,fit,0.009928159898424504,0.00968131
0.01,fit,0.009928406243378122,0.00943723
0.01,fit,0.009928652594444245,0.00921467
0.01,fit,0.009928898951623015,0.00901425
0.01,fit,0.009929145314914574,0.0088366
0.01,fit,0.009929391684319095,0.0086823
0.01,fit,0.009929638059836708,0.0085519
0.01,fit,0.009929884441467585,0.00844592
0.01,fit,0.009930130829211858,0.00836486
0.01,fit,0.009930377223069699,0.00830916
0.01,fit,0.00993062362304125,0.00827925
0.01,fit,0.00993087002912665,0.00827551
0.01,fit,0.009931116441326075,0.00829827
0.01,fit,0.009931362859639652,0.00834785
0.01,fit,0.009931609284067557,0.00842449
0.01,fit,0.009931855714609928,0.00852844
0.01,fit,0.00993210215126691,0.00865985
0.01,fit,0.009932348594038673,0.00881888
0.01,fit,0.00993259504292535,0.0090056
0.01,fit,0.00993284149792711,0.00922006
0.01,fit,0.009933087959044098,0.00946227
0.01,fit,0.009933334426276452,0.00973216
0.01,fit,0.009933580899624348,0.0100297
0.01,fit,0.009933827379087915,0.0103546
0.01,fit,0.009934073864667325,0.0107068
0.01,fit,0.00993432035636271,0.011086
0.01,fit,0.009934566854174242,0.011492
0.01,fit,0.009934813358102064,0.0119243
0.01,fit,0.009935059868146315,0.0123827
0.01,fit,0.009935306384307169,0.0128666
0.01,fit,0.009935552906584757,0.0133756
0.01,fit,0.00993579943497925,0.0139091
0.01,fit,0.00993604596949079,0.0144665
0.01,fit,0.00993629251011952,0.0150473
0.01,fit,0.009936539056865612,0.0156507
0.01,fit,0.009936785609729196,0.0162759
0.01,fit,0.009937032168710445,0.0169223
0.01,fit,0.0099372787338095,0.0175889
0.01,fit,0.009937525305026505,0.0182749
0.01,fit,0.009937771882361628,0.0189794
0.01,fit,0.009938018465815003,0.0197013
0.01,fit,0.009938265055386803,0.0204398
0.01,fit,0.009938511651077158,0.0211936
0.01,fit,0.009938758252886239,0.0219618
0.01,fit,0.00993900486081419,0.0227432
0.01,fit,0.009939251474861152,0.0235365
0.01,fit,0.009939498095027298,0.0243407
0.01,fit,0.009939744721312756,0.0251543
0.01,fit,0.009939991353717703,0.0259763
0.01,fit,0.009940237992242277,0.0268051
0.01,fit,0.009940484636886621,0.0276395
0.01,fit,0.009940731287650908,0.0284781
0.01,fit,0.009940977944535268,0.0293195
0.01,fit,0.009941224607539875,0.0301622
0.01,fit,0.009941471276664868,0.0310048
0.01,fit,0.009941717951910392,0.0318458
0.01,fit,0.009941964633276616,0.0326837
0.01,fit,0.009942211320763674,0.033517
0.01,fit,0.009942458014371736,0.0343442
0.01,fit,0.009942704714100935,0.0351637
0.01,fit,0.009942951419951444,0.035974
0.01,fit,0.009943198131923403,0.0367735
0.01,fit,0.009943444850016954,0.0375607
0.01,fit,0.00994369157423227,0.038334
0.01,fit,0.009943938304569482,0.039092
0.01,fit,0.009944185041028763,0.0398329
0.01,fit,0.009944431783610255,0.0405553
0.01,fit,0.009944678532314098,0.0412576
0.01,fit,0.009944925287140464,0.0419385
0.01,fit,0.009945172048089486,0.0425962
0.01,fit,0.009945418815161337,0.0432294
0.01,fit,0.009945665588356158,0.0438367
0.01,fit,0.00994591236767409,0.0444165
0.01,fit,0.009946159153115306,0.0449676
0.01,fit,0.009946405944679937,0.0454884
0.01,fit,0.009946652742368157,0.0459778
0.01,fit,0.009946899546180095,0.0464344
0.01,fit,0.009947146356115924,0.046857
0.01,fit,0.009947393172175788,0.0472443
0.01,fit,0.009947639994359825,0.0475953
0.01,fit,0.00994788682266821,0.0479088
0.01,fit,0.009948133657101076,0.0481838
0.01,fit,0.009948380497658591,0.0484192
0.01,fit,0.009948627344340901,0.0486142
0.01,fit,0.009948874197148145,0.0487679
0.01,fit,0.009949121056080496,0.0488795
0.01,fit,0.009949367921138087,0.0489482
0.01,fit,0.009949614792321088,0.0489735
0.01,fit,0.009949861669629642,0.0489546
0.01,fit,0.009950108553063892,0.0488912
0.01,fit,0.00995035544262401,0.0487827
0.01,fit,0.009950602338310124,0.0486289
0.01,fit,0.009950849240122411,0.0484294
0.01,fit,0.009951096148061,0.0481841
0.01,fit,0.009951343062126066,0.0478929
0.01,fit,0.009951589982317748,0.0475558
0.01,fit,0.00995183690863619,0.0471729
0.01,fit,0.00995208384108156,0.0467443
0.01,fit,0.009952330779653995,0.0462704
0.01,fit,0.009952577724353666,0.0457516
0.01,fit,0.009952824675180714,0.0451882
0.01,fit,0.00995307163213528,0.0445809
0.01,fit,0.009953318595217538,0.0439304
0.01,fit,0.00995356556442762,0.0432373
0.01,fit,0.009953812539765697,0.0425028
0.01,fit,0.009954059521231911,0.0417276
0.01,fit,0.009954306508826404,0.0409129
0.01,fit,0.009954553502549349,0.0400599
0.01,fit,0.009954800502400878,0.0391698
0.01,fit,0.009955047508381162,0.0382442
0.01,fit,0.009955294520490335,0.0372845
0.01,fit,0.009955541538728567,0.0362922
0.01,fit,0.009955788563096,0.0352692
0.01,fit,0.009956035593592778,0.0342172
0.01,fit,0.009956282630219072,0.0331383
0.01,fit,0.009956529672975015,0.0320343
0.01,fit,0.009956776721860777,0.0309074
0.01,fit,0.009957023776876501,0.0297599
0.01,fit,0.00995727083802233,0.0285941
0.01,fit,0.009957517905298436,0.0274125
0.01,fit,0.00995776497870495,0.0262174
0.01,fit,0.009958012058242045,0.0250117
0.01,fit,0.009958259143909864,0.0237979
0.01,fit,0.009958506235708545,0.022579
0.01,fit,0.009958753333638267,0.0213577
0.01,fit,0.009959000437699156,0.020137
0.01,fit,0.009959247547891386,0.0189202
0.01,fit,0.00995949466421509,0.0177102
0.01,fit,0.00995974178667044,0.0165103
0.01,fit,0.009959988915257578,0.0153238
0.01,fit,0.009960236049976645,0.0141541
0.01,fit,0.009960483190827816,0.0130046
0.01,fit,0.00996073033781122,0.0118789
0.01,fit,0.009960977490927031,0.0107806
0.01,fit,0.009961224650175389,0.00971322
0.01,fit,0.00996147181555644,0.00868054
0.01,fit,0.009961718987070352,0.00768629
0.01,fit,0.00996196616471726,0.00673428
0.01,fit,0.009962213348497334,0.00582837
0.01,fit,0.009962460538410718,0.00497244
0.01,fit,0.009962707734457555,0.00417042
0.01,fit,0.009962954936638015,0.00342629
0.01,fit,0.00996320214495223,0.00274404
0.01,fit,0.009963449359400375,0.0021277
0.01,fit,0.009963696579982579,0.0015813
0.01,fit,0.009963943806699016,0.00110891
0.01,fit,0.009964191039549828,0.000714616
0.01,fit,0.009964438278535158,0.000402488
0.01,fit,0.009964685523655176,0.000176619
0.01,fit,0.009964932774910016,4.10961e-05
0.01,fit,0.009965180032299849,0
0.01,fit,0.009965427295824818,5.74021e-05
0.01,fit,0.009965674565485066,0.000217358
0.01,fit,0.009965921841280763,0.000483904
0.01,fit,0.009966169123212043,0.00086105
0.01,fit,0.009966416411279079,0.00135278
0.01,fit,0.00996666370548201,0.00196303
0.01,fit,0.009966911005820983,0.00269572
0.01,fit,0.009967158312296165,0.0035547
0.01,fit,0.009967405624907692,0.00454378
0.01,fit,0.009967652943655736,0.00566672
0.01,fit,0.009967900268540426,0.00692722
0.01,fit,0.009968147599561938,0.00832889
0.01,fit,0.009968394936720413,0.00987531
0.01,fit,0.009968642280015995,0.0115699
0.01,fit,0.009968889629448852,0.0134162
0.01,fit,0.00996913698501912,0.0154174
0.01,fit,0.00996938434672697,0.0175768
0.01,fit,0.009969631714572543,0.0198974
0.01,fit,0.009969879088555983,0.0223823
0.01,fit,0.009970126468677462,0.0250345
0.01,fit,0.009970373854937112,0.0278567
0.01,fit,0.009970621247335106,0.0308517
0.01,fit,0.009970868645871586,0.0340219
0.01,fit,0.009971116050546694,0.0373699
0.01,fit,0.009971363461360603,0.040898
0.01,fit,0.009971610878313443,0.0446082
0.01,fit,0.00997185830140539,0.0485028
0.01,fit,0.009972105730636574,0.0525835
0.01,fit,0.009972353166007168,0.0568521
0.01,fit,0.009972600607517312,0.0613102
0.01,fit,0.009972848055167153,0.0659592
0.01,fit,0.00997309550895686,0.0708004
0.01,fit,0.009973342968886566,0.075835
0.01,fit,0.009973590434956443,0.0810637
0.01,fit,0.009973837907166635,0.0864876
0.01,fit,0.009974085385517282,0.092107
0.01,fit,0.009974332870008557,0.0979224
0.01,fit,0.009974580360640594,0.103934
0.01,fit,0.009974827857413564,0.110142
0.01,fit,0.009975075360327611,0.116546
0.01,fit,0.009975322869382875,0.123146
0.01,fit,0.00997557038457953,0.129942
0.01,fit,0.009975817905917705,0.136931
0.01,fit,0.009976065433397577,0.144115
0.01,fit,0.009976312967019278,0.151491
0.01,fit,0.009976560506782977,0.159059
0.01,fit,0.00997680805268882,0.166816
0.01,fit,0.009977055604736947,0.174761
0.01,fit,0.00997730316292753,0.182893
0.01,fit,0.009977550727260705,0.191208
0.01,fit,0.00997779829773664,0.199706
0.01,fit,0.00997804587435548,0.208382
0.01,fit,0.009978293457117367,0.217235
0.01,fit,0.009978541046022473,0.226262
0.01,fit,0.009978788641070931,0.235459
0.01,fit,0.009979036242262913,0.244824
0.01,fit,0.009979283849598562,0.254352
0.01,fit,0.00997953146307802,0.26404
0.01,fit,0.00997977908270146,0.273884
0.01,fit,0.009980026708469012,0.283881
0.01,fit,0.009980274340380851,0.294025
0.01,fit,0.00998052197843711,0.304312
0.01,fit,0.009980769622637959,0.314737
0.01,fit,0.009981017272983544,0.325297
0.01,fit,0.009981264929474003,0.335985
0.01,fit,0.00998151259210951,0.346797
0.01,fit,0.0099817602608902,0.357727
0.01,fit,0.009982007935816243,0.368769
0.01,fit,0.009982255616887783,0.379918
0.01,fit,0.00998250330410496,0.391169
0.01,fit,0.009982750997467949,0.402514
0.01,fit,0.00998299869697688,0.413948
0.01,fit,0.00998324640263193,0.425465
0.01,fit,0.009983494114433238,0.437058
0.01,fit,0.009983741832380945,0.44872
0.01,fit,0.009983989556475227,0.460444
0.01,fit,0.009984237286716215,0.472225
0.01,fit,0.009984485023104082,0.484054
0.01,fit,0.00998473276563896,0.495925
0.01,fit,0.00998498051432102,0.507831
0.01,fit,0.009985228269150409,0.519763
0.01,fit,0.009985476030127265,0.531716
0.01,fit,0.009985723797251763,0.54368
0.01,fit,0.009985971570524034,0.55565
0.01,fit,0.009986219349944252,0.567616
0.01,fit,0.009986467135512558,0.579571
0.01,fit,0.009986714927229096,0.591508
0.01,fit,0.009986962725094039,0.603418
0.01,fit,0.009987210529107518,0.615293
0.01,fit,0.009987458339269705,0.627127
0.01,fit,0.009987706155580745,0.638909
0.01,fit,0.00998795397804078,0.650634
0.01,fit,0.009988201806649982,0.662292
0.01,fit,0.00998844964140848,0.673875
0.01,fit,0.009988697482316454,0.685375
0.01,fit,0.00998894532937403,0.696785
0.01,fit,0.009989193182581384,0.708096
0.01,fit,0.009989441041938657,0.7193
0.01,fit,0.009989688907445993,0.730389
0.01,fit,0.009989936779103566,0.741355
0.01,fit,0.009990184656911504,0.75219
0.01,fit,0.009990432540869983,0.762887
0.01,fit,0.009990680430979145,0.773436
0.01,fit,0.009990928327239131,0.783831
0.01,fit,0.009991176229650116,0.794064
0.01,fit,0.009991424138212232,0.804127
0.01,fit,0.009991672052925652,0.814013
0.01,fit,0.009991919973790517,0.823713
0.01,fit,0.00999216790080697,0.833222
0.01,fit,0.009992415833975185,0.842531
0.01,fit,0.009992663773295293,0.851633
0.01,fit,0.009992911718767468,0.860521
0.01,fit,0.009993159670391842,0.869189
0.01,fit,0.009993407628168588,0.877629
0.01,fit,0.009993655592097849,0.885836
0.01,fit,0.009993903562179765,0.893802
0.01,fit,0.009994151538414512,0.901521
0.01,fit,0.009994399520802222,0.908988
0.01,fit,0.009994647509343067,0.916196
0.01,fit,0.009994895504037189,0.923139
0.01,fit,0.009995143504884733,0.929812
0.01,fit,0.009995391511885868,0.93621
0.01,fit,0.00999563952504073,0.942327
0.01,fit,0.00999588754434949,0.948159
0.01,fit,0.009996135569812293,0.9537
0.01,fit,0.009996383601429277,0.958946
0.01,fit,0.009996631639200618,0.963893
0.01,fit,0.00999687968312645,0.968537
0.01,fit,0.009997127733206945,0.972874
0.01,fit,0.009997375789442231,0.976899
0.01,fit,0.009997623851832487,0.980611
0.01,fit,0.009997871920377854,0.984006
0.01,fit,0.009998119995078473,0.98708
0.01,fit,0.009998368075934516,0.989832
0.01,fit,0.009998616162946119,0.992258
0.01,fit,0.009998864256113453,0.994358
0.01,fit,0.00999911235543666,0.996128
0.01,fit,0.009999360460915884,0.997568
0.01,fit,0.009999608572551298,0.998676
0.01,fit,0.009999856690343032,0.999451
0.01,fit,0.010000104814291264,0.999892
0.01,fit,0.010000352944396126,1
0.01,fit,0.01000060108065778,0.999773
0.01,fit,0.010000849223076376,0.999212
0.01,fit,0.010001097371652074,0.998318
0.01,fit,0.010001345526385015,0.99709
0.01,fit,0.010001593687275358,0.995529
0.01,fit,0.010001841854323254,0.993638
0.01,fit,0.010002090027528858,0.991417
0.01,fit,0.010002338206892322,0.988868
0.01,fit,0.010002586392413804,0.985994
0.01,fit,0.010002834584093444,0.982795
0.01,fit,0.010003082781931405,0.979275
0.01,fit,0.010003330985927835,0.975437
0.01,fit,0.01000357919608289,0.971284
0.01,fit,0.010003827412396726,0.966818
0.01,fit,0.010004075634869486,0.962044
0.01,fit,0.01000432386350133,0.956966
0.01,fit,0.010004572098292407,0.951586
0.01,fit,0.010004820339242873,0.94591
0.01,fit,0.01000506858635288,0.939942
0.01,fit,0.010005316839622585,0.933687
0.01,fit,0.010005565099052132,0.92715
0.01,fit,0.010005813364641679,0.920335
0.01,fit,0.010006061636391375,0.913249
0.01,fit,0.010006309914301379,0.905896
0.01,fit,0.01000655819837184,0.898283
0.01,fit,0.010006806488602917,0.890415
0.01,fit,0.010007054784994751,0.882299
0.01,fit,0.010007303087547503,0.87394
0.01,fit,0.010007551396261324,0.865346
0.01,fit,0.010007799711136366,0.856523
0.01,fit,0.010008048032172784,0.847477
0.01,fit,0.010008296359370736,0.838217
0.01,fit,0.010008544692730362,0.828748
0.01,fit,0.010008793032251823,0.819077
0.01,fit,0.01000904137793527,0.809213
0.01,fit,0.010009289729780855,0.799163
0.01,fit,0.010009538087788738,0.788934
0.01,fit,0.010009786451959062,0.778534
0.01,fit,0.010010034822291985,0.767971
0.01,fit,0.010010283198787658,0.757252
0.01,fit,0.010010531581446235,0.746386
0.01,fit,0.010010779970267869,0.73538
0.01,fit,0.010011028365252719,0.724242
0.01,fit,0.010011276766400925,0.712981
0.01,fit,0.010011525173712647,0.701604
0.01,fit,0.010011773587188038,0.690121
0.01,fit,0.010012022006827251,0.678539
0.01,fit,0.010012270432630437,0.666866
0.01,fit,0.010012518864597758,0.65511
0.01,fit,0.010012767302729353,0.643281
0.01,fit,0.01001301574702538,0.631386
0.01,fit,0.010013264197485994,0.619433
0.01,fit,0.010013512654111349,0.607431
0.01,fit,0.010013761116901599,0.595388
0.01,fit,0.01001400958585689,0.583312
0.01,fit,0.01001425806097738,0.571212
0.01,fit,0.01001450654226322,0.559095
0.01,fit,0.010014755029714566,0.546969
0.01,fit,0.010015003523331567,0.534844
0.01,fit,0.010015252023114384,0.522725
0.01,fit,0.01001550052906316,0.510622
0.01,fit,0.01001574904117805,0.498543
0.01,fit,0.01001599755945921,0.486494
0.01,fit,0.010016246083906792,0.474484
0.01,fit,0.01001649461452095,0.46252
0.01,fit,0.01001674315130184,0.450609
0.01,fit,0.010016991694249607,0.438759
0.01,fit,0.010017240243364407,0.426977
0.01,fit,0.010017488798646395,0.41527
0.01,fit,0.010017737360095723,0.403645
0.01,fit,0.01001798592771255,0.392108
0.01,fit,0.010018234501497017,0.380667
0.01,fit,0.010018483081449283,0.369327
0.01,fit,0.010018731667569503,0.358095
0.01,fit,0.010018980259857826,0.346978
0.01,fit,0.01001922885831441,0.335981
0.01,fit,0.01001947746293941,0.325109
0.01,fit,0.010019726073732967,0.314369
0.01,fit,0.010019974690695245,0.303766
0.01,fit,0.010020223313826392,0.293306
0.01,fit,0.010020471943126563,0.282993
0.01,fit,0.01002072057859591,0.272831
0.01,fit,0.010020969220234592,0.262827
0.01,fit,0.010021217868042751,0.252984
0.01,fit,0.010021466522020548,0.243307
0.01,fit,0.010021715182168133,0.2338
0.01,fit,0.01002196384848566,0.224466
0.01,fit,0.010022212520973288,0.215309
0.01,fit,0.01002246119963116,0.206332
0.01,fit,0.010022709884459432,0.19754
0.01,fit,0.01002295857545826,0.188934
0.01,fit,0.010023207272627795,0.180518
0.01,fit,0.01002345597596819,0.172294
0.01,fit,0.010023704685479605,0.164264
0.01,fit,0.01002395340116218,0.156432
0.01,fit,0.010024202123016078,0.148797
0.01,fit,0.010024450851041448,0.141363
0.01,fit,0.010024699585238444,0.13413
0.01,fit,0.01002494832560722,0.1271
0.01,fit,0.010025197072147935,0.120275
0.01,fit,0.01002544582486073,0.113654
0.01,fit,0.010025694583745762,0.107238
0.01,fit,0.010025943348803187,0.101028
0.01,fit,0.010026192120033159,0.0950239
0.01,fit,0.010026440897435833,0.0892257
0.01,fit,0.010026689681011353,0.0836332
0.01,fit,0.01002693847075988,0.078246
0.01,fit,0.010027187266681562,0.0730634
0.01,fit,0.010027436068776558,0.0680846
0.01,fit,0.010027684877045017,0.0633086
0.01,fit,0.010027933691487098,0.0587342
0.01,fit,0.010028182512102945,0.05436
0.01,fit,0.010028431338892717,0.0501844
0.01,fit,0.010028680171856564,0.0462057
0.01,fit,0.010028929010994643,0.042422
0.01,fit,0.010029177856307104,0.0388312
0.01,fit,0.010029426707794107,0.0354311
0.01,fit,0.010029675565455795,0.0322192
0.01,fit,0.010029924429292326,0.0291931
0.01,fit,0.010030173299303854,0.0263499
0.01,fit,0.01003042217549053,0.023687
0.01,fit,0.010030671057852516,0.0212012
0.01,fit,0.010030919946389952,0.0188895
0.01,fit,0.010031168841102996,0.0167487
0.01,fit,0.010031417741991804,0.0147754
0.01,fit,0.010031666649056525,0.0129661
0.01,fit,0.010031915562297317,0.0113173
0.01,fit,0.010032164481714336,0.00982521
0.01,fit,0.010032413407307726,0.00848613
0.01,fit,0.010032662339077644,0.00729617
0.01,fit,0.010032911277024242,0.00625137
0.01,fit,0.010033160221147678,0.00534769
0.01,fit,0.0100334091714481,0.00458103
0.01,fit,0.010033658127925671,0.0039472
0.01,fit,0.01003390709058053,0.00344198
0.01,fit,0.010034156059412838,0.00306105
0.01,fit,0.010034405034422747,0.00280009
0.01,fit,0.010034654015610413,0.0026547
0.01,fit,0.010034903002975989,0.00262045
0.01,fit,0.010035151996519623,0.00269288
0.01,fit,0.010035400996241471,0.00286751
0.01,fit,0.010035650002141688,0.00313984
0.01,fit,0.010035899014220426,0.00350534
0.01,fit,0.010036148032477838,0.00395949
0.01,fit,0.010036397056914082,0.00449775
0.01,fit,0.010036646087529303,0.0051156
0.01,fit,0.01003689512432366,0.00580851
0.01,fit,0.010037144167297302,0.00657197
0.01,fit,0.010037393216450387,0.0074015
0.01,fit,0.010037642271783066,0.00829263
0.01,fit,0.010037891333295499,0.00924092
0.01,fit,0.010038140400987825,0.010242
0.01,fit,0.010038389474860208,0.0112914
0.01,fit,0.010038638554912799,0.0123849
0.01,fit,0.010038887641145751,0.0135183
0.01,fit,0.010039136733559223,0.0146872
0.01,fit,0.010039385832153356,0.0158876
0.01,fit,0.010039634936928311,0.0171152
0.01,fit,0.01003988404788424,0.0183662
0.01,fit,0.010040133165021298,0.0196366
0.01,fit,0.010040382288339637,0.0209224
0.01,fit,0.010040631417839417,0.0222199
0.01,fit,0.010040880553520778,0.0235253
0.01,fit,0.010041129695383882,0.024835
0.01,fit,0.01004137884342888,0.0261454
0.01,fit,0.010041627997655928,0.0274531
0.01,fit,0.010041877158065175,0.0287548
0.01,fit,0.010042126324656783,0.0300472
0.01,fit,0.010042375497430894,0.0313271
0.01,fit,0.010042624676387668,0.0325914
0.01,fit,0.010042873861527257,0.0338373
0.01,fit,0.010043123052849814,0.0350618
0.01,fit,0.010043372250355499,0.0362623
0.01,fit,0.010043621454044454,0.0374361
0.01,fit,0.010043870663916838,0.0385807
0.01,fit,0.010044119879972805,0.0396938
0.01,fit,0.010044369102212507,0.0407731
0.01,fit,0.010044618330636098,0.0418164
0.01,fit,0.010044867565243738,0.0428217
0.01,fit,0.010045116806035568,0.0437871
0.01,fit,0.010045366053011748,0.0447108
0.01,fit,0.01004561530617243,0.0455911
0.01,fit,0.01004586456551777,0.0464266
0.01,fit,0.010046113831047919,0.0472157
0.01,fit,0.010046363102763037,0.0479573
0.01,fit,0.010046612380663266,0.04865
0.01,fit,0.010046861664748765,0.0492929
0.01,fit,0.010047110955019688,0.0498851
0.01,fit,0.010047360251476189,0.0504256
0.01,fit,0.010047609554118426,0.0509139
0.01,fit,0.010047858862946542,0.0513494
0.01,fit,0.010048108177960695,0.0517316
0.01,fit,0.01004835749916104,0.0520601
0.01,fit,0.01004860682654773,0.0523348
0.01,fit,0.010048856160120917,0.0525555
0.01,fit,0.010049105499880761,0.0527223
0.01,fit,0.010049354845827406,0.0528352
0.01,fit,0.010049604197961009,0.0528944
0.01,fit,0.010049853556281725,0.0529004
0.01,fit,0.010050102920789707,0.0528534
0.01,fit,0.010050352291485107,0.0527541
0.01,fit,0.010050601668368086,0.052603
0.01,fit,0.010050851051438785,0.0524009
0.01,fit,0.010051100440697366,0.0521485
0.01,fit,0.010051349836143978,0.0518468
0.01,fit,0.010051599237778779,0.0514967
0.01,fit,0.01005184864560192,0.0510993
0.01,fit,0.01005209805961356,0.0506557
0.01,fit,0.010052347479813841,0.0501672
0.01,fit,0.010052596906202926,0.049635
0.01,fit,0.010052846338780964,0.0490604
0.01,fit,0.01005309577754811,0.048445
0.01,fit,0.010053345222504523,0.0477901
0.01,fit,0.010053594673650348,0.0470973
0.01,fit,0.01005384413098574,0.0463681
0.01,fit,0.010054093594510856,0.0456043
0.01,fit,0.010054343064225847,0.0448075
0.01,fit,0.01005459254013087,0.0439794
0.01,fit,0.010054842022226078,0.0431218
0.01,fit,0.010055091510511621,0.0422365
0.01,fit,0.010055341004987653,0.0413252
0.01,fit,0.01005559050565433,0.0403899
0.01,fit,0.010055840012511804,0.0394323
0.01,fit,0.01005608952556023,0.0384545
0.01,fit,0.010056339044799766,0.0374582
0.01,fit,0.010056588570230555,0.0364454
0.01,fit,0.010056838101852756,0.0354181
0.01,fit,0.010057087639666524,0.034378
0.01,fit,0.010057337183672011,0.0333273
0.01,fit,0.010057586733869375,0.0322677
0.01,fit,0.010057836290258762,0.0312011
0.01,fit,0.01005808585284033,0.0301295
0.01,fit,0.010058335421614231,0.0290548
0.01,fit,0.010058584996580619,0.0279787
0.01,fit,0.01005883457773965,0.0269032
0.01,fit,0.01005908416509148,0.02583
0.01,fit,0.010059333758636255,0.024761
0.01,fit,0.010059583358374131,0.0236978
0.01,fit,0.010059832964305264,0.0226422
0.01,fit,0.010060082576429805,0.021596
0.01,fit,0.01006033219474791,0.0205606
0.01,fit,0.010060581819259737,0.0195378
0.01,fit,0.01006083144996543,0.0185291
0.01,fit,0.010061081086865148,0.017536
0.01,fit,0.010061330729959043,0.0165599
0.01,fit,0.010061580379247271,0.0156024
0.01,fit,0.010061830034729989,0.0146646
0.01,fit,0.01006207969640734,0.0137481
0.01,fit,0.010062329364279485,0.0128539
0.01,fit,0.010062579038346576,0.0119833
0.01,fit,0.010062828718608769,0.0111374
0.01,fit,0.010063078405066215,0.0103173
0.01,fit,0.010063328097719072,0.00952403
0.01,fit,0.010063577796567488,0.00875852
0.01,fit,0.010063827501611618,0.00802165
0.01,fit,0.010064077212851618,0.00731426
0.01,fit,0.010064326930287639,0.0066371
0.01,fit,0.010064576653919837,0.00599087
0.01,fit,0.01006482638374837,0.0053762
0.01,fit,0.010065076119773383,0.00479365
0.01,fit,0.010065325861995033,0.00424372
0.01,fit,0.010065575610413473,0.00372685
0.01,fit,0.01006582536502886,0.0032434
0.01,fit,0.010066075125841352,0.00279367
0.01,fit,0.01006632489285109,0.00237791
0.01,fit,0.010066574666058235,0.00199629
0.01,fit,0.01006682444546294,0.00164892
0.01,fit,0.010067074231065358,0.00133584
0.01,fit,0.010067324022865644,0.00105705
0.01,fit,0.010067573820863958,0.000812451
0.01,fit,0.010067823625060441,0.000601922
0.01,fit,0.010068073435455255,0.000425261
0.01,fit,0.010068323252048551,0.000282213
0.01,fit,0.010068573074840484,0.000172465
0.01,fit,0.010068822903831206,9.56476e-05
0.01,fit,0.01006907273902088,5.13388e-05
0.01,fit,0.010069322580409644,3.90618e-05
0.01,fit,0.010069572427997662,5.8289e-05
0.01,fit,0.010069822281785086,0.000108442
0.01,fit,0.01007007214177207,0.000188896
0.01,fit,0.010070322007958772,0.000298976
0.01,fit,0.010070571880345335,0.000437966
0.01,fit,0.010070821758931921,0.000605104
0.01,fit,0.010071071643718682,0.000799588
0.01,fit,0.01007132153470577,0.00102058
0.01,fit,0.010071571431893342,0.00126719
0.01,fit,0.010071821335281556,0.00153852
0.01,fit,0.010072071244870555,0.00183361
0.01,fit,0.010072321160660497,0.00215148
0.01,fit,0.010072571082651539,0.00249112
0.01,fit,0.010072821010843832,0.00285151
0.01,fit,0.010073070945237532,0.00323158
0.01,fit,0.010073320885832796,0.00363023
0.01,fit,0.010073570832629768,0.00404638
0.01,fit,0.010073820785628608,0.00447889
0.01,fit,0.01007407074482947,0.00492663
0.01,fit,0.010074320710232506,0.00538843
0.01,fit,0.010074570681837876,0.00586314
0.01,fit,0.010074820659645725,0.00634957
0.01,fit,0.01007507064365621,0.00684654
0.01,fit,0.010075320633869487,0.00735287
0.01,fit,0.010075570630285708,0.00786734
0.01,fit,0.010075820632905028,0.00838878
0.01,fit,0.010076070641727606,0.00891598
0.01,fit,0.010076320656753585,0.00944774
0.01,fit,0.010076570677983124,0.0099829
0.01,fit,0.010076820705416378,0.0105202
0.01,fit,0.010077070739053501,0.0110586
0.01,fit,0.010077320778894646,0.0115969
0.01,fit,0.010077570824939971,0.0121338
0.01,fit,0.010077820877189623,0.0126684
0.01,fit,0.010078070935643757,0.0131994
0.01,fit,0.01007832100030253,0.0137258
0.01,fit,0.010078571071166094,0.0142465
0.01,fit,0.01007882114823461,0.0147604
0.01,fit,0.01007907123150822,0.0152665
0.01,fit,0.010079321320987085,0.0157638
0.01,fit,0.010079571416671358,0.0162513
0.01,fit,0.010079821518561191,0.016728
0.01,fit,0.010080071626656742,0.0171931
0.01,fit,0.010080321740958166,0.0176456
0.01,fit,0.010080571861465609,0.0180848
0.01,fit,0.01008082198817923,0.0185096
0.01,fit,0.010081072121099183,0.0189195
0.01,fit,0.01008132226022562,0.0193135
0.01,fit,0.0100815724055587,0.0196911
0.01,fit,0.010081822557098576,0.0200515
0.01,fit,0.010082072714845396,0.020394
0.01,fit,0.010082322878799318,0.0207182
0.01,fit,0.010082573048960495,0.0210234
0.01,fit,0.010082823225329081,0.0213091
0.01,fit,0.010083073407905237,0.0215748
0.01,fit,0.010083323596689106,0.0218202
0.01,fit,0.010083573791680846,0.0220448
0.01,fit,0.010083823992880612,0.0222483
0.01,fit,0.010084074200288558,0.0224303
0.01,fit,0.010084324413904838,0.0225907
0.01,fit,0.010084574633729611,0.0227293
0.01,fit,0.010084824859763022,0.0228458
0.01,fit,0.010085075092005229,0.0229402
0.01,fit,0.010085325330456385,0.0230123
0.01,fit,0.010085575575116645,0.0230622
0.01,fit,0.010085825825986165,0.0230899
0.01,fit,0.010086076083065101,0.0230953
0.01,fit,0.010086326346353598,0.0230787
0.01,fit,0.010086576615851817,0.0230402
0.01,fit,0.01008682689155991,0.0229799
0.01,fit,0.010087077173478032,0.022898
0.01,fit,0.01008732746160634,0.0227949
0.01,fit,0.010087577755944982,0.0226709
0.01,fit,0.010087828056494115,0.0225262
0.01,fit,0.01008807836325389,0.0223614
0.01,fit,0.010088328676224468,0.0221767
0.01,fit,0.010088578995405998,0.0219727
0.01,fit,0.01008882932079864,0.0217499
0.01,fit,0.010089079652402537,0.0215087
0.01,fit,0.010089329990217851,0.0212497
0.01,fit,0.010089580334244735,0.0209736
0.01,fit,0.010089830684483344,0.0206809
0.01,fit,0.01009008104093383,0.0203723
0.01,fit,0.010090331403596352,0.0200485
0.01,fit,0.010090581772471057,0.0197101
0.01,fit,0.0100908321475581,0.0193578
0.01,fit,0.01009108252885764,0.0189925
0.01,fit,0.010091332916369827,0.0186148
0.01,fit,0.010091583310094823,0.0182256
0.01,fit,0.01009183371003277,0.0178256
0.01,fit,0.01009208411618383,0.0174157
0.01,fit,0.010092334528548153,0.0169966
0.01,fit,0.010092584947125897,0.0165692
0.01,fit,0.010092835371917214,0.0161344
0.01,fit,0.010093085802922265,0.015693
0.01,fit,0.010093336240141191,0.0152458
0.01,fit,0.010093586683574155,0.0147937
0.01,fit,0.010093837133221309,0.0143376
0.01,fit,0.010094087589082807,0.0138784
0.01,fit,0.010094338051158804,0.0134168
0.01,fit,0.010094588519449459,0.0129538
0.01,fit,0.010094838993954917,0.0124902
0.01,fit,0.010095089474675335,0.0120268
0.01,fit,0.010095339961610869,0.0115645
0.01,fit,0.010095590454761673,0.0111042
0.01,fit,0.010095840954127905,0.0106466
0.01,fit,0.010096091459709713,0.0101925
0.01,fit,0.010096341971507251,0.00974274
0.01,fit,0.010096592489520677,0.0092981
0.01,fit,0.010096843013750143,0.00885933
0.01,fit,0.010097093544195804,0.00842716
0.01,fit,0.01009734408085782,0.00800232
0.01,fit,0.010097594623736335,0.0075855
0.01,fit,0.010097845172831507,0.00717738
0.01,fit,0.010098095728143493,0.00677861
0.01,fit,0.010098346289672443,0.00638983
0.01,fit,0.010098596857418516,0.00601163
0.01,fit,0.010098847431381867,0.0056446
0.01,fit,0.010099098011562644,0.00528927
0.01,fit,0.010099348597961003,0.00494619
0.01,fit,0.0100995991905771,0.00461583
0.01,fit,0.01009984978941109,0.00429867
0.01,fit,0.01010010039446313,0.00399513
0.01,fit,0.010100351005733367,0.00370562
0.01,fit,0.010100601623221957,0.00343052
0.01,fit,0.010100852246929058,0.00317016
0.01,fit,0.010101102876854822,0.00292485
0.01,fit,0.010101353512999404,0.00269487
0.01,fit,0.010101604155362962,0.00248047
0.01,fit,0.010101854803945643,0.00228186
0.01,fit,0.010102105458747603,0.00209922
0.01,fit,0.010102356119768998,0.00193269
0.01,fit,0.010102606787009985,0.0017824
0.01,fit,0.010102857460470713,0.00164842
0.01,fit,0.010103108140151345,0.00153081
0.01,fit,0.010103358826052025,0.00142958
0.01,fit,0.01010360951817291,0.00134472
0.01,fit,0.010103860216514158,0.0012762
0.01,fit,0.01010411092107592,0.00122393
0.01,fit,0.010104361631858357,0.00118781
0.01,fit,0.010104612348861614,0.0011677
0.01,fit,0.010104863072085848,0.00116345
0.01,fit,0.010105113801531215,0.00117485
0.01,fit,0.01010536453719787,0.00120169
0.01,fit,0.010105615279085966,0.00124372
0.01,fit,0.010105866027195662,0.00130066
0.01,fit,0.010106116781527105,0.00137221
0.01,fit,0.010106367542080451,0.00145805
0.01,fit,0.010106618308855857,0.00155782
0.01,fit,0.010106869081853476,0.00167116
0.01,fit,0.010107119861073464,0.00179766
0.01,fit,0.010107370646515979,0.00193691
0.01,fit,0.010107621438181164,0.00208847
0.01,fit,0.010107872236069182,0.00225187
0.01,fit,0.010108123040180184,0.00242666
0.01,fit,0.010108373850514326,0.00261232
0.01,fit,0.010108624667071762,0.00280835
0.01,fit,0.010108875489852651,0.00301423
0.01,fit,0.01010912631885714,0.00322941
0.01,fit,0.010109377154085386,0.00345333
0.01,fit,0.010109627995537543,0.00368545
0.01,fit,0.010109878843213767,0.00392517
0.01,fit,0.010110129697114216,0.00417191
0.01,fit,0.010110380557239035,0.00442508
0.01,fit,0.010110631423588385,0.00468407
0.01,fit,0.010110882296162419,0.00494828
0.01,fit,0.01011113317496129,0.00521709
0.01,fit,0.010111384059985155,0.00548988
0.01,fit,0.010111634951234173,0.00576603
0.01,fit,0.010111885848708488,0.00604493
0.01,fit,0.010112136752408258,0.00632594
0.01,fit,0.01011238766233364,0.00660844
0.01,fit,0.010112638578484788,0.00689182
0.01,fit,0.010112889500861855,0.00717545
0.01,fit,0.010113140429465001,0.00745872
0.01,fit,0.010113391364294372,0.00774102
0.01,fit,0.010113642305350124,0.00802176
0.01,fit,0.010113893252632416,0.00830032
0.01,fit,0.0101141442061414,0.00857613
0.01,fit,0.010114395165877236,0.0088486
0.01,fit,0.010114646131840066,0.00911718
0.01,fit,0.010114897104030053,0.0093813
0.01,fit,0.010115148082447352,0.00964041
0.01,fit,0.010115399067092114,0.00989399
0.01,fit,0.010115650057964495,0.0101415
0.01,fit,0.010115901055064656,0.0103825
0.01,fit,0.01011615205839274,0.0106164
0.01,fit,0.010116403067948908,0.0108429
0.01,fit,0.010116654083733311,0.0110613
0.01,fit,0.010116905105746109,0.0112714
0.01,fit,0.010117156133987452,0.0114726
0.01,fit,0.010117407168457502,0.0116647
0.01,fit,0.0101176582091564,0.0118471
0.01,fit,0.010117909256084311,0.0120196
0.01,fit,0.010118160309241385,0.0121819
0.01,fit,0.01011841136862778,0.0123335
0.01,fit,0.010118662434243652,0.0124743
0.01,fit,0.010118913506089148,0.012604
0.01,fit,0.010119164584164429,0.0127222
0.01,fit,0.010119415668469646,0.0128289
0.01,fit,0.010119666759004955,0.0129238
0.01,fit,0.01011991785577051,0.0130066
0.01,fit,0.010120168958766473,0.0130774
0.01,fit,0.010120420067992988,0.0131359
0.01,fit,0.010120671183450211,0.0131821
0.01,fit,0.010120922305138301,0.0132159
0.01,fit,0.01012117343305741,0.0132372
0.01,fit,0.010121424567207693,0.0132461
0.01,fit,0.01012167570758931,0.0132424
0.01,fit,0.010121926854202407,0.0132263
0.01,fit,0.01012217800704714,0.0131978
0.01,fit,0.010122429166123667,0.013157
0.01,fit,0.01012268033143214,0.013104
0.01,fit,0.010122931502972722,0.0130388
0.01,fit,0.010123182680745557,0.0129617
0.01,fit,0.010123433864750802,0.0128728
0.01,fit,0.010123685054988611,0.0127723
0.01,fit,0.010123936251459143,0.0126604
0.01,fit,0.01012418745416255,0.0125373
0.01,fit,0.010124438663098992,0.0124034
0.01,fit,0.010124689878268613,0.0122589
0.01,fit,0.010124941099671573,0.012104
0.01,fit,0.01012519232730803,0.0119392
0.01,fit,0.010125443561178131,0.0117647
0.01,fit,0.010125694801282038,0.0115809
0.01,fit,0.010125946047619908,0.0113882
0.01,fit,0.010126197300191885,0.011187
0.01,fit,0.01012644855899813,0.0109776
0.01,true,0.009848044035302433,0.00694287
0.01,true,0.009849594908630856,0.00676711
0.01,true,0.00985114578195928,0.00651188
0.01,true,0.009852696655287704,0.00620159
0.01,true,0.009854247528616128,0.00586615
0.01,true,0.009855798401944553,0.00553798
0.01,true,0.009857349275272976,0.00524868
0.01,true,0.0098589001486014,0.00502594
0.01,true,0.009859675585265612,0.00494637
0.01,true,0.009860451021929824,0.0048906
0.01,true,0.009862001895258248,0.00485447
0.01,true,0.009863552768586671,0.00491882
0.01,true,0.009865103641915096,0.00507379
0.01,true,0.00986665451524352,0.00529869
0.01,true,0.009868205388571943,0.0055633
0.01,true,0.009869756261900368,0.00583009
0.01,true,0.009871307135228791,0.00605718
0.01,true,0.009872858008557216,0.00620204
0.01,true,0.009874408881885639,0.00622558
0.01,true,0.009875184318549852,0.00618162
0.01,true,0.009875959755214063,0.00609637
0.01,true,0.009877510628542488,0.00579467
0.01,true,0.009879061501870911,0.00531582
0.01,true,0.009880612375199336,0.00467261
0.01,true,0.009882163248527759,0.00389637
0.01,true,0.009883714121856183,0.00303639
0.01,true,0.009885264995184606,0.00215775
0.01,true,0.00988681586851303,0.00133741
0.01,true,0.009888366741841455,0.000658966
0.01,true,0.009889917615169878,0.000206302
0.01,true,0.00989069305183409,8.92314e-05
0.01,true,0.009891468488498303,5.66727e-05
0.01,true,0.009893019361826726,0.000273736
0.01,true,0.00989457023515515,0.000901108
0.01,true,0.009896121108483575,0.00195696
0.01,true,0.009897671981811998,0.00343016
0.01,true,0.009899222855140423,0.00527826
0.01,true,0.009900773728468846,0.00742774
0.01,true,0.00990232460179727,0.00977646
0.01,true,0.009903875475125693,0.0121985
0.01,true,0.009905426348454118,0.0145514
0.01,true,0.00990620178511833,0.015655
0.01,true,0.009906977221782543,0.0166849
0.01,true,0.009908528095110966,0.0184517
0.01,true,0.00991007896843939,0.0197185
0.01,true,0.009911629841767813,0.0203781
0.01,true,0.009913180715096238,0.0203597
0.01,true,0.009914731588424663,0.0196379
0.01,true,0.009916282461753086,0.0182394
0.01,true,0.00991783333508151,0.016246
0.01,true,0.009919384208409933,0.013794
0.01,true,0.009920935081738358,0.011069
0.01,true,0.00992171051840257,0.0096738
0.01,true,0.00992248595506678,0.00829799
0.01,true,0.009922563498733203,0.00816273
0.01,true,0.009922718586066045,0.0078939
0.01,true,0.009922873673398887,0.00762755
0.01,true,0.00992302876073173,0.00736396
0.01,true,0.009923183848064572,0.00710339
0.01,true,0.009923338935397414,0.00684612
0.01,true,0.009923494022730257,0.0065924
0.01,true,0.009923649110063099,0.00634253
0.01,true,0.009923804197395941,0.00609676
0.01,true,0.009923959284728785,0.00585538
0.01,true,0.009924036828395206,0.00573641
0.01,true,0.009924114372061628,0.00561864
0.01,true,0.00992426945939447,0.00538683
0.01,true,0.009924424546727312,0.00516021
0.01,true,0.009924579634060154,0.00493906
0.01,true,0.009924734721392997,0.00472365
0.01,true,0.009924889808725839,0.00451424
0.01,true,0.009925044896058681,0.0043111
0.01,true,0.009925199983391524,0.0041145
0.01,true,0.009925355070724366,0.0039247
0.01,true,0.009925510158057208,0.00374197
0.01,true,0.00992558770172363,0.00365334
0.01,true,0.00992566524539005,0.00356657
0.01,true,0.009925820332722893,0.00339875
0.01,true,0.009925975420055735,0.00323877
0.01,true,0.009926130507388577,0.00308689
0.01,true,0.00992628559472142,0.00294336
0.01,true,0.009926440682054262,0.00280842
0.01,true,0.009926595769387106,0.00268232
0.01,true,0.009926750856719948,0.00256531
0.01,true,0.00992690594405279,0.00245762
0.01,true,0.009927061031385633,0.00235949
0.01,true,0.009927138575052053,0.00231408
0.01,true,0.009927216118718475,0.00227114
0.01,true,0.009927371206051317,0.00219281
0.01,true,0.00992752629338416,0.00212472
0.01,true,0.009927681380717002,0.00206709
0.01,true,0.009927836468049844,0.00202013
0.01,true,0.009927991555382687,0.00198405
0.01,true,0.009928146642715529,0.00195906
0.01,true,0.009928301730048371,0.00194535
0.01,true,0.009928456817381213,0.00194312
0.01,true,0.009928611904714056,0.00195256
0.01,true,0.009928689448380478,0.00196171
0.01,true,0.009928766992046898,0.00197385
0.01,true,0.00992892207937974,0.00200717
0.01,true,0.009929077166712583,0.00205268
0.01,true,0.009929232254045425,0.00211056
0.01,true,0.009929387341378269,0.00218097
0.01,true,0.009929542428711111,0.00226405
0.01,true,0.009929697516043954,0.00235995
0.01,true,0.009929852603376796,0.00246882
0.01,true,0.009930007690709638,0.00259078
0.01,true,0.00993016277804248,0.00272595
0.01,true,0.0099302403217089,0.00279853
0.01,true,0.009930317865375323,0.00287446
0.01,true,0.009930472952708165,0.00303642
0.01,true,0.009930628040041007,0.00321193
0.01,true,0.00993078312737385,0.00340108
0.01,true,0.009930938214706692,0.00360396
0.01,true,0.009931093302039534,0.00382066
0.01,true,0.009931248389372377,0.00405124
0.01,true,0.009931403476705219,0.00429577
0.01,true,0.009931558564038061,0.0045543
0.01,true,0.009931713651370903,0.00482687
0.01,true,0.009931791195037325,0.00496844
0.01,true,0.009931868738703746,0.00511354
0.01,true,0.00993202382603659,0.00541432
0.01,true,0.009932178913369432,0.00572924
0.01,true,0.009932334000702274,0.00605831
0.01,true,0.009932489088035117,0.00640153
0.01,true,0.009932644175367959,0.00675889
0.01,true,0.009932799262700801,0.00713039
0.01,true,0.009932954350033643,0.00751599
0.01,true,0.009933109437366486,0.00791567
0.01,true,0.009933264524699328,0.00832938
0.01,true,0.009933342068365748,0.00854148
0.01,true,0.00993341961203217,0.00875707
0.01,true,0.009933574699365013,0.00919867
0.01,true,0.009933729786697855,0.00965412
0.01,true,0.009933884874030697,0.0101233
0.01,true,0.00993403996136354,0.0106062
0.01,true,0.009934195048696382,0.0111027
0.01,true,0.009934350136029224,0.0116126
0.01,true,0.009934505223362066,0.0121359
0.01,true,0.00993466031069491,0.0126724
0.01,true,0.009934815398027753,0.0132219
0.01,true,0.009934892941694173,0.0135016
0.01,true,0.009934970485360595,0.0137844
0.01,true,0.009935125572693437,0.0143597
0.01,true,0.00993528066002628,0.0149475
0.01,true,0.009935435747359122,0.0155478
0.01,true,0.009935590834691964,0.0161603
0.01,true,0.009935745922024806,0.0167849
0.01,true,0.009935901009357649,0.0174213
0.01,true,0.009936056096690491,0.0180693
0.01,true,0.009936211184023333,0.0187286
0.01,true,0.009936366271356176,0.0193992
0.01,true,0.009936443815022598,0.0197385
0.01,true,0.009936521358689018,0.0200806
0.01,true,0.00993667644602186,0.0207727
0.01,true,0.009936831533354703,0.0214752
0.01,true,0.009936986620687545,0.0221877
0.01,true,0.009937141708020387,0.0229101
0.01,true,0.009937219251686807,0.0232749
0.01,true,0.009937296795353231,0.0236421
0.01,true,0.009937451882686073,0.0243833
0.01,true,0.009937606970018916,0.0251334
0.01,true,0.009937762057351758,0.0258921
0.01,true,0.0099379171446846,0.0266591
0.01,true,0.00993799468835102,0.0270456
0.01,true,0.009938072232017443,0.027434
0.01,true,0.009938227319350285,0.0282165
0.01,true,0.009938382406683127,0.0290063
0.01,true,0.00993853749401597,0.0298029
0.01,true,0.009938692581348812,0.0306061
0.01,true,0.009938847668681654,0.0314153
0.01,true,0.009939002756014496,0.0322304
0.01,true,0.009939157843347339,0.0330508
0.01,true,0.009939312930680181,0.0338761
0.01,true,0.009939468018013023,0.034706
0.01,true,0.009939545561679445,0.0351225
0.01,true,0.009939623105345866,0.03554
0.01,true,0.009939778192678708,0.0363777
0.01,true,0.009939933280011552,0.0372187
0.01,true,0.009940088367344394,0.0380626
0.01,true,0.009940243454677236,0.0389089
0.01,true,0.009940398542010079,0.0397571
0.01,true,0.009940553629342921,0.0406068
0.01,true,0.009940708716675763,0.0414576
0.01,true,0.009940863804008606,0.042309
0.01,true,0.009941018891341448,0.0431605
0.01,true,0.009941096435007868,0.0435861
0.01,true,0.00994117397867429,0.0440116
0.01,true,0.009941329066007133,0.044862
0.01,true,0.009941484153339975,0.045711
0.01,true,0.009941639240672817,0.0465582
0.01,true,0.00994179432800566,0.0474031
0.01,true,0.009941949415338502,0.0482453
0.01,true,0.009942104502671344,0.0490841
0.01,true,0.009942259590004186,0.0499192
0.01,true,0.009942414677337029,0.0507501
0.01,true,0.009942569764669871,0.0515761
0.01,true,0.009942647308336293,0.0519872
0.01,true,0.009942724852002715,0.0523969
0.01,true,0.009942879939335557,0.0532119
0.01,true,0.0099430350266684,0.0540207
0.01,true,0.009943190114001242,0.0548226
0.01,true,0.009943345201334084,0.0556172
0.01,true,0.009943500288666926,0.056404
0.01,true,0.009943655375999769,0.0571824
0.01,true,0.009943810463332611,0.0579521
0.01,true,0.009943965550665453,0.0587124
0.01,true,0.009944120637998296,0.0594628
0.01,true,0.009944198181664716,0.0598342
0.01,true,0.009944275725331138,0.0602029
0.01,true,0.00994443081266398,0.0609322
0.01,true,0.009944585899996822,0.0616501
0.01,true,0.009944740987329665,0.0623561
0.01,true,0.009944896074662507,0.0630498
0.01,true,0.00994505116199535,0.0637307
0.01,true,0.009945206249328192,0.0643983
0.01,true,0.009945361336661036,0.065052
0.01,true,0.009945516423993878,0.0656915
0.01,true,0.00994567151132672,0.0663162
0.01,true,0.00994574905499314,0.0666228
0.01,true,0.009945826598659563,0.0669256
0.01,true,0.009945981685992405,0.0675194
0.01,true,0.009946136773325247,0.0680971
0.01,true,0.00994629186065809,0.0686581
0.01,true,0.009946446947990932,0.0692021
0.01,true,0.009946602035323774,0.0697286
0.01,true,0.009946757122656616,0.0702372
0.01,true,0.009946912209989459,0.0707275
0.01,true,0.009947067297322301,0.0711991
0.01,true,0.009947222384655143,0.0716515
0.01,true,0.009947299928321565,0.0718704
0.01,true,0.009947377471987985,0.0720843
0.01,true,0.009947532559320828,0.0724973
0.01,true,0.00994768764665367,0.0728899
0.01,true,0.009947842733986512,0.0732619
0.01,true,0.009947997821319356,0.0736128
0.01,true,0.009948152908652199,0.0739424
0.01,true,0.009948307995985041,0.0742502
0.01,true,0.009948463083317883,0.074536
0.01,true,0.009948618170650726,0.0747995
0.01,true,0.009948773257983568,0.0750404
0.01,true,0.009948850801649988,0.0751523
0.01,true,0.00994892834531641,0.0752583
0.01,true,0.009949083432649252,0.0754531
0.01,true,0.009949238519982095,0.0756244
0.01,true,0.009949393607314937,0.075772
0.01,true,0.00994954869464778,0.0758957
0.01,true,0.009949703781980622,0.0759952
0.01,true,0.009949858869313464,0.0760703
0.01,true,0.009950013956646306,0.076121
0.01,true,0.009950169043979148,0.0761469
0.01,true,0.00995032413131199,0.0761479
0.01,true,0.009950401674978413,0.076139
0.01,true,0.009950479218644833,0.0761239
0.01,true,0.009950634305977677,0.0760748
0.01,true,0.00995078939331052,0.0760004
0.01,true,0.009950944480643362,0.0759007
0.01,true,0.009951099567976204,0.0757755
0.01,true,0.009951254655309046,0.0756249
0.01,true,0.009951409742641889,0.0754487
0.01,true,0.00995156482997473,0.075247
0.01,true,0.009951719917307573,0.0750197
0.01,true,0.009951875004640415,0.0747668
0.01,true,0.009951952548306836,0.0746308
0.01,true,0.009952030091973258,0.0744884
0.01,true,0.0099521851793061,0.0741845
0.01,true,0.009952340266638942,0.0738552
0.01,true,0.009952495353971785,0.0735005
0.01,true,0.009952650441304627,0.0731206
0.01,true,0.009952727984971047,0.0729213
0.01,true,0.00995280552863747,0.0727156
0.01,true,0.009952960615970311,0.0722856
0.01,true,0.009953115703303154,0.0718308
0.01,true,0.009953270790635996,0.0713513
0.01,true,0.00995342587796884,0.0708473
0.01,true,0.00995350342163526,0.0705863
0.01,true,0.009953580965301682,0.0703192
0.01,true,0.009953736052634525,0.069767
0.01,true,0.009953891139967367,0.069191
0.01,true,0.00995404622730021,0.0685916
0.01,true,0.009954201314633052,0.0679689
0.01,true,0.009954356401965894,0.0673234
0.01,true,0.009954511489298736,0.0666554
0.01,true,0.009954666576631578,0.0659651
0.01,true,0.00995482166396442,0.065253
0.01,true,0.009954976751297263,0.0645195
0.01,true,0.009955054294963683,0.0641449
0.01,true,0.009955131838630105,0.063765
0.01,true,0.009955286925962948,0.0629899
0.01,true,0.00995544201329579,0.0621946
0.01,true,0.009955597100628632,0.0613797
0.01,true,0.009955752187961475,0.0605456
0.01,true,0.009955907275294317,0.0596928
0.01,true,0.00995606236262716,0.0588219
0.01,true,0.009956217449960003,0.0579334
0.01,true,0.009956372537292845,0.0570279
0.01,true,0.009956527624625688,0.0561059
0.01,true,0.009956605168292108,0.0556389
0.01,true,0.00995668271195853,0.0551681
0.01,true,0.009956837799291372,0.054215
0.01,true,0.009956992886624215,0.0532474
0.01,true,0.009957147973957057,0.0522659
0.01,true,0.0099573030612899,0.0512712
0.01,true,0.009957458148622741,0.0502639
0.01,true,0.009957613235955584,0.0492448
0.01,true,0.009957768323288426,0.0482146
0.01,true,0.009957923410621268,0.0471741
0.01,true,0.00995807849795411,0.046124
0.01,true,0.009958156041620533,0.0455956
0.01,true,0.009958233585286953,0.0450651
0.01,true,0.009958388672619795,0.0439983
0.01,true,0.009958543759952638,0.0429243
0.01,true,0.009958698847285482,0.041844
0.01,true,0.009958853934618324,0.0407582
0.01,true,0.009959009021951166,0.0396678
0.01,true,0.009959164109284008,0.0385737
0.01,true,0.00995931919661685,0.0374768
0.01,true,0.009959474283949693,0.0363779
0.01,true,0.009959629371282535,0.0352781
0.01,true,0.009959706914948956,0.0347281
0.01,true,0.009959784458615378,0.0341782
0.01,true,0.00995993954594822,0.0330793
0.01,true,0.009960094633281062,0.0319822
0.01,true,0.009960249720613904,0.030888
0.01,true,0.009960404807946747,0.0297977
0.01,true,0.009960482351613169,0.0292543
0.01,true,0.009960559895279589,0.0287122
0.01,true,0.009960714982612431,0.0276326
0.01,true,0.009960870069945274,0.02656
0.01,true,0.009961025157278116,0.0254953
0.01,true,0.009961180244610958,0.0244397
0.01,true,0.00996125778827738,0.0239156
0.01,true,0.009961335331943802,0.0233941
0.01,true,0.009961490419276645,0.0223597
0.01,true,0.009961645506609487,0.0213376
0.01,true,0.00996180059394233,0.0203288
0.01,true,0.009961955681275171,0.0193344
0.01,true,0.009962110768608014,0.0183556
0.01,true,0.009962265855940856,0.0173935
0.01,true,0.009962420943273698,0.0164492
0.01,true,0.00996257603060654,0.0155238
0.01,true,0.009962731117939383,0.0146185
0.01,true,0.009962808661605803,0.0141737
0.01,true,0.009962886205272225,0.0137344
0.01,true,0.009963041292605068,0.0128727
0.01,true,0.00996319637993791,0.0120346
0.01,true,0.009963351467270752,0.0112211
0.01,true,0.009963506554603594,0.0104335
0.01,true,0.009963661641936437,0.00967299
0.01,true,0.009963816729269279,0.00894064
0.01,true,0.009963971816602121,0.00823767
0.01,true,0.009964126903934965,0.00756526
0.01,true,0.009964281991267808,0.00692459
0.01,true,0.009964359534934228,0.00661652
0.01,true,0.00996443707860065,0.00631683
0.01,true,0.009964592165933492,0.00574318
0.01,true,0.009964747253266334,0.0052048
0.01,true,0.009964902340599177,0.00470288
0.01,true,0.009965057427932019,0.0042386
0.01,true,0.009965212515264861,0.00381313
0.01,true,0.009965367602597704,0.00342765
0.01,true,0.009965522689930546,0.00308333
0.01,true,0.009965677777263388,0.00278134
0.01,true,0.00996583286459623,0.00252284
0.01,true,0.009965910408262653,0.00241027
0.01,true,0.009965987951929073,0.002309
0.01,true,0.009966143039261915,0.00214096
0.01,true,0.009966298126594757,0.00201988
0.01,true,0.0099664532139276,0.0019469
0.01,true,0.009966608301260442,0.00192316
0.01,true,0.009966763388593286,0.00194979
0.01,true,0.009966918475926128,0.0020279
0.01,true,0.00996707356325897,0.00215861
0.01,true,0.009967228650591813,0.00234303
0.01,true,0.009967383737924655,0.00258224
0.01,true,0.009967461281591075,0.00272274
0.01,true,0.009967538825257498,0.00287734
0.01,true,0.00996769391259034,0.00322939
0.01,true,0.009967848999923182,0.00363947
0.01,true,0.009968004087256024,0.0041086
0.01,true,0.009968159174588867,0.00463785
0.01,true,0.009968236718255287,0.00492533
0.01,true,0.009968314261921709,0.00522822
0.01,true,0.009968469349254551,0.00588074
0.01,true,0.009968624436587394,0.00659639
0.01,true,0.009968779523920236,0.00737616
0.01,true,0.009968934611253078,0.00822102
0.01,true,0.0099690121549195,0.00866815
0.01,true,0.00996908969858592,0.00913191
0.01,true,0.009969244785918763,0.0101098
0.01,true,0.009969399873251607,0.0111555
0.01,true,0.009969554960584449,0.0122701
0.01,true,0.009969710047917291,0.0134543
0.01,true,0.009969865135250134,0.014709
0.01,true,0.009970020222582976,0.0160352
0.01,true,0.009970175309915818,0.0174335
0.01,true,0.00997033039724866,0.0189048
0.01,true,0.009970485484581503,0.02045
0.01,true,0.009970563028247923,0.0212504
0.01,true,0.009970640571914345,0.0220696
0.01,true,0.009970795659247187,0.0237646
0.01,true,0.00997095074658003,0.0255356
0.01,true,0.009971105833912872,0.0273832
0.01,true,0.009971260921245714,0.0293083
0.01,true,0.009971416008578557,0.0313114
0.01,true,0.009971571095911399,0.0333931
0.01,true,0.009971726183244241,0.035554
0.01,true,0.009971881270577083,0.0377948
0.01,true,0.009972036357909927,0.0401159
0.01,true,0.009972113901576348,0.0413068
0.01,true,0.00997219144524277,0.042518
0.01,true,0.009972346532575612,0.0450014
0.01,true,0.009972501619908454,0.0475666
0.01,true,0.009972656707241297,0.0502141
0.01,true,0.009972811794574139,0.0529443
0.01,true,0.009972966881906981,0.0557576
0.01,true,0.009973121969239824,0.0586543
0.01,true,0.009973277056572666,0.0616347
0.01,true,0.009973432143905508,0.0646992
0.01,true,0.00997358723123835,0.067848
0.01,true,0.009973664774904772,0.0694541
0.01,true,0.009973742318571193,0.0710813
0.01,true,0.009973897405904035,0.0743994
0.01,true,0.009974052493236877,0.0778024
0.01,true,0.00997420758056972,0.0812904
0.01,true,0.009974362667902562,0.0848636
0.01,true,0.009974517755235404,0.0885221
0.01,true,0.009974672842568248,0.0922658
0.01,true,0.00997482792990109,0.0960947
0.01,true,0.009974983017233933,0.100009
0.01,true,0.009975138104566775,0.104008
0.01,true,0.009975215648233195,0.10604
0.01,true,0.009975293191899617,0.108093
0.01,true,0.00997544827923246,0.112263
0.01,true,0.009975603366565302,0.116517
0.01,true,0.009975758453898144,0.120856
0.01,true,0.009975913541230987,0.125279
0.01,true,0.009976068628563829,0.129787
0.01,true,0.009976223715896671,0.134378
0.01,true,0.009976378803229513,0.139053
0.01,true,0.009976533890562356,0.143811
0.01,true,0.009976688977895198,0.148652
0.01,true,0.00997676652156162,0.151103
0.01,true,0.00997684406522804,0.153575
0.01,true,0.009976999152560883,0.15858
0.01,true,0.009977154239893725,0.163666
0.01,true,0.009977309327226567,0.168833
0.01,true,0.009977464414559411,0.17408
0.01,true,0.009977619501892254,0.179407
0.01,true,0.009977774589225096,0.184812
0.01,true,0.009977929676557938,0.190296
0.01,true,0.00997808476389078,0.195857
0.01,true,0.009978239851223623,0.201495
0.01,true,0.009978317394890043,0.204343
0.01,true,0.009978394938556465,0.207209
0.01,true,0.009978550025889307,0.212998
0.01,true,0.00997870511322215,0.218861
0.01,true,0.009978860200554992,0.224798
0.01,true,0.009979015287887834,0.230807
0.01,true,0.009979170375220676,0.236887
0.01,true,0.009979325462553519,0.243038
0.01,true,0.009979480549886361,0.249258
0.01,true,0.009979635637219203,0.255546
0.01,true,0.009979790724552046,0.261901
0.01,true,0.009979868268218468,0.265104
0.01,true,0.009979945811884888,0.268323
0.01,true,0.009980100899217732,0.274809
0.01,true,0.009980255986550574,0.281359
0.01,true,0.009980411073883417,0.287971
0.01,true,0.009980566161216259,0.294644
0.01,true,0.009980721248549101,0.301377
0.01,true,0.009980876335881943,0.308168
0.01,true,0.009981031423214786,0.315016
0.01,true,0.009981186510547628,0.32192
0.01,true,0.00998134159788047,0.328878
0.01,true,0.00998141914154689,0.332377
0.01,true,0.009981496685213313,0.335889
0.01,true,0.009981651772546155,0.342951
0.01,true,0.009981806859878997,0.350062
0.01,true,0.00998196194721184,0.357222
0.01,true,0.009982117034544682,0.364428
0.01,true,0.009982272121877524,0.371679
0.01,true,0.009982427209210366,0.378973
0.01,true,0.009982582296543209,0.386308
0.01,true,0.009982737383876053,0.393684
0.01,true,0.009982892471208895,0.401097
0.01,true,0.009982970014875315,0.404818
0.01,true,0.009983047558541737,0.408547
0.01,true,0.00998320264587458,0.416032
0.01,true,0.009983357733207422,0.423549
0.01,true,0.009983512820540264,0.431097
0.01,true,0.009983667907873106,0.438674
0.01,true,0.009983745451539527,0.442473
0.01,true,0.009983822995205949,0.446279
0.01,true,0.009983978082538791,0.453908
0.01,true,0.009984133169871633,0.461561
0.01,true,0.009984288257204476,0.469236
0.01,true,0.009984443344537318,0.47693
0.01,true,0.00998452088820374,0.480783
0.01,true,0.00998459843187016,0.484641
0.01,true,0.009984753519203002,0.492368
0.01,true,0.009984908606535845,0.500109
0.01,true,0.009985063693868687,0.507861
0.01,true,0.00998521878120153,0.515622
0.01,true,0.009985373868534373,0.523391
0.01,true,0.009985528955867216,0.531165
0.01,true,0.009985684043200058,0.538943
0.01,true,0.0099858391305329,0.546721
0.01,true,0.009985994217865743,0.554499
0.01,true,0.009986071761532163,0.558387
0.01,true,0.009986149305198585,0.562273
0.01,true,0.009986304392531427,0.570043
0.01,true,0.00998645947986427,0.577805
0.01,true,0.009986614567197112,0.585557
0.01,true,0.009986769654529954,0.593298
0.01,true,0.009986924741862796,0.601025
0.01,true,0.009987079829195639,0.608736
0.01,true,0.009987234916528481,0.616429
0.01,true,0.009987390003861323,0.624101
0.01,true,0.009987545091194166,0.631752
0.01,true,0.009987622634860588,0.635567
0.01,true,0.009987700178527008,0.639377
0.01,true,0.00998785526585985,0.646976
0.01,true,0.009988010353192692,0.654545
0.01,true,0.009988165440525536,0.662084
0.01,true,0.009988320527858379,0.669589
0.01,true,0.009988475615191221,0.677058
0.01,true,0.009988630702524063,0.68449
0.01,true,0.009988785789856906,0.691882
0.01,true,0.009988940877189748,0.699232
0.01,true,0.00998909596452259,0.706538
0.01,true,0.00998917350818901,0.710173
0.01,true,0.009989251051855432,0.713797
0.01,true,0.009989406139188275,0.721008
0.01,true,0.009989561226521117,0.728169
0.01,true,0.00998971631385396,0.735276
0.01,true,0.009989871401186802,0.742329
0.01,true,0.009990026488519644,0.749326
0.01,true,0.009990181575852486,0.756263
0.01,true,0.009990336663185329,0.763139
0.01,true,0.00999049175051817,0.769952
0.01,true,0.009990646837851013,0.7767
0.01,true,0.009990724381517435,0.780049
0.01,true,0.009990801925183857,0.78338
0.01,true,0.0099909570125167,0.789992
0.01,true,0.009991112099849542,0.796532
0.01,true,0.009991267187182384,0.803
0.01,true,0.009991422274515226,0.809392
0.01,true,0.009991577361848069,0.815707
0.01,true,0.009991732449180911,0.821944
0.01,true,0.009991887536513753,0.828099
0.01,true,0.009992042623846596,0.834172
0.01,true,0.009992197711179438,0.840161
0.01,true,0.009992275254845858,0.843123
0.01,true,0.00999235279851228,0.846063
0.01,true,0.009992507885845122,0.851877
0.01,true,0.009992662973177965,0.857602
0.01,true,0.009992818060510807,0.863234
0.01,true,0.00999297314784365,0.868774
0.01,true,0.009993128235176492,0.874218
0.01,true,0.009993283322509334,0.879566
0.01,true,0.009993438409842178,0.884815
0.01,true,0.00999359349717502,0.889965
0.01,true,0.009993748584507862,0.895013
0.01,true,0.009993826128174283,0.897498
0.01,true,0.009993903671840705,0.899958
0.01,true,0.009994058759173547,0.904799
0.01,true,0.00999421384650639,0.909533
0.01,true,0.009994368933839232,0.914161
0.01,true,0.009994524021172074,0.918679
0.01,true,0.009994679108504916,0.923087
0.01,true,0.009994834195837759,0.927384
0.01,true,0.0099949892831706,0.931568
0.01,true,0.009995144370503443,0.935637
0.01,true,0.009995299457836285,0.939592
0.01,true,0.009995377001502707,0.941525
0.01,true,0.009995454545169128,0.94343
0.01,true,0.00999560963250197,0.94715
0.01,true,0.009995764719834812,0.950751
0.01,true,0.009995919807167655,0.954232
0.01,true,0.009996074894500499,0.957592
0.01,true,0.009996229981833341,0.960831
0.01,true,0.009996385069166183,0.963946
0.01,true,0.009996540156499025,0.966937
0.01,true,0.009996695243831868,0.969804
0.01,true,0.00999685033116471,0.972544
0.01,true,0.00999692787483113,0.973867
0.01,true,0.009997005418497552,0.975159
0.01,true,0.009997160505830395,0.977646
0.01,true,0.009997315593163237,0.980005
0.01,true,0.00999747068049608,0.982235
0.01,true,0.009997625767828922,0.984336
0.01,true,0.009997780855161764,0.986306
0.01,true,0.009997935942494606,0.988147
0.01,true,0.009998091029827448,0.989856
0.01,true,0.00999824611716029,0.991433
0.01,true,0.009998401204493133,0.992878
0.01,true,0.009998478748159555,0.993551
0.01,true,0.009998556291825975,0.994191
0.01,true,0.00999871137915882,0.995371
0.01,true,0.009998866466491662,0.996418
0.01,true,0.009999021553824504,0.997331
0.01,true,0.009999176641157346,0.998111
0.01,true,0.009999254184823766,0.99845
0.01,true,0.009999331728490189,0.998756
0.01,true,0.00999948681582303,0.999267
0.01,true,0.009999641903155873,0.999645
0.01,true,0.009999796990488715,0.999888
0.01,true,0.009999952077821558,0.999996
0.01,true,0.010000029621487978,1
0.01,true,0.0100001071651544,0.99997
0.01,true,0.010000262252487242,0.99981
0.01,true,0.010000417339820085,0.999516
0.01,true,0.010000572427152927,0.999087
0.01,true,0.01000072751448577,0.998525
0.01,true,0.010000882601818611,0.997829
0.01,true,0.010001037689151454,0.997
0.01,true,0.010001192776484296,0.996037
0.01,true,0.010001347863817138,0.994942
0.01,true,0.010001502951149982,0.993714
0.01,true,0.010001580494816403,0.99305
0.01,true,0.010001658038482825,0.992354
0.01,true,0.010001813125815667,0.990862
0.01,true,0.01000196821314851,0.98924
0.01,true,0.010002123300481352,0.987487
0.01,true,0.010002278387814194,0.985603
0.01,true,0.010002433475147036,0.983591
0.01,true,0.010002588562479878,0.98145
0.01,true,0.01000274364981272,0.979181
0.01,true,0.010002898737145563,0.976784
0.01,true,0.010003053824478405,0.974262
0.01,true,0.010003131368144826,0.972953
0.01,true,0.010003208911811248,0.971613
0.01,true,0.01000336399914409,0.96884
0.01,true,0.010003519086476932,0.965942
0.01,true,0.010003674173809774,0.962922
0.01,true,0.010003829261142617,0.959779
0.01,true,0.010003984348475459,0.956516
0.01,true,0.010004139435808303,0.953132
0.01,true,0.010004294523141145,0.94963
0.01,true,0.010004449610473988,0.946009
0.01,true,0.01000460469780683,0.942272
0.01,true,0.01000468224147325,0.94036
0.01,true,0.010004759785139672,0.938419
0.01,true,0.010004914872472515,0.934452
0.01,true,0.010005069959805357,0.930372
0.01,true,0.010005225047138199,0.926179
0.01,true,0.010005380134471041,0.921876
0.01,true,0.010005535221803884,0.917464
0.01,true,0.010005690309136726,0.912944
0.01,true,0.010005845396469568,0.908318
0.01,true,0.01000600048380241,0.903586
0.01,true,0.010006155571135253,0.898751
0.01,true,0.010006233114801675,0.896295
0.01,true,0.010006310658468095,0.893813
0.01,true,0.010006465745800937,0.888775
0.01,true,0.01000662083313378,0.883638
0.01,true,0.010006775920466624,0.878403
0.01,true,0.010006931007799466,0.873073
0.01,true,0.010007086095132308,0.867648
0.01,true,0.01000724118246515,0.86213
0.01,true,0.010007396269797993,0.856521
0.01,true,0.010007551357130835,0.850823
0.01,true,0.010007706444463678,0.845037
0.01,true,0.010007783988130098,0.842112
0.01,true,0.01000786153179652,0.839166
0.01,true,0.010008016619129362,0.83321
0.01,true,0.010008171706462204,0.827172
0.01,true,0.010008326793795047,0.821053
0.01,true,0.010008481881127889,0.814856
0.01,true,0.010008636968460731,0.808581
0.01,true,0.010008792055793574,0.802232
0.01,true,0.010008947143126416,0.79581
0.01,true,0.010009102230459258,0.789316
0.01,true,0.0100092573177921,0.782753
0.01,true,0.010009334861458523,0.779446
0.01,true,0.010009412405124945,0.776122
0.01,true,0.010009567492457787,0.769426
0.01,true,0.010009722579790629,0.762667
0.01,true,0.010009877667123471,0.755846
0.01,true,0.010010032754456314,0.748965
0.01,true,0.010010187841789156,0.742027
0.01,true,0.010010342929121998,0.735033
0.01,true,0.01001049801645484,0.727986
0.01,true,0.010010653103787683,0.720888
0.01,true,0.010010808191120525,0.713739
0.01,true,0.010010885734786945,0.710147
0.01,true,0.010010963278453367,0.706544
0.01,true,0.01001111836578621,0.699303
0.01,true,0.010011273453119052,0.692018
0.01,true,0.010011428540451894,0.684693
0.01,true,0.010011583627784737,0.677328
0.01,true,0.010011738715117579,0.669926
0.01,true,0.010011893802450421,0.66249
0.01,true,0.010012048889783264,0.65502
0.01,true,0.010012203977116108,0.64752
0.01,true,0.01001235906444895,0.63999
0.01,true,0.01001243660811537,0.636216
0.01,true,0.010012514151781792,0.632434
0.01,true,0.010012669239114634,0.624854
0.01,true,0.010012824326447477,0.617251
0.01,true,0.010012979413780319,0.609628
0.01,true,0.010013134501113161,0.601986
0.01,true,0.010013289588446004,0.594329
0.01,true,0.010013444675778846,0.586657
0.01,true,0.010013599763111688,0.578973
0.01,true,0.01001375485044453,0.571279
0.01,true,0.010013909937777373,0.563577
0.01,true,0.010013987481443793,0.559724
0.01,true,0.010014065025110215,0.555869
0.01,true,0.010014220112443057,0.548158
0.01,true,0.0100143751997759,0.540444
0.01,true,0.010014530287108742,0.532731
0.01,true,0.010014685374441584,0.525021
0.01,true,0.010014762918108006,0.521167
0.01,true,0.010014840461774428,0.517314
0.01,true,0.01001499554910727,0.509614
0.01,true,0.010015150636440113,0.501922
0.01,true,0.010015305723772955,0.49424
0.01,true,0.010015460811105797,0.486571
0.01,true,0.010015538354772218,0.482742
0.01,true,0.01001561589843864,0.478916
0.01,true,0.010015770985771482,0.471277
0.01,true,0.010015926073104324,0.463655
0.01,true,0.010016081160437167,0.456054
0.01,true,0.010016236247770009,0.448475
0.01,true,0.010016391335102851,0.440919
0.01,true,0.010016546422435694,0.433388
0.01,true,0.010016701509768536,0.425885
0.01,true,0.010016856597101378,0.418412
0.01,true,0.01001701168443422,0.410969
0.01,true,0.010017089228100642,0.407259
0.01,true,0.010017166771767063,0.403558
0.01,true,0.010017321859099905,0.396182
0.01,true,0.010017476946432749,0.388843
0.01,true,0.010017632033765591,0.381541
0.01,true,0.010017787121098434,0.374279
0.01,true,0.010017942208431276,0.367058
0.01,true,0.010018097295764118,0.359879
0.01,true,0.01001825238309696,0.352745
0.01,true,0.010018407470429803,0.345657
0.01,true,0.010018562557762645,0.338617
0.01,true,0.010018640101429065,0.335115
0.01,true,0.010018717645095487,0.331626
0.01,true,0.01001887273242833,0.324685
0.01,true,0.010019027819761172,0.317796
0.01,true,0.010019182907094014,0.310961
0.01,true,0.010019337994426857,0.304181
0.01,true,0.010019493081759699,0.297457
0.01,true,0.010019648169092541,0.29079
0.01,true,0.010019803256425383,0.284183
0.01,true,0.010019958343758226,0.277636
0.01,true,0.01002011343109107,0.27115
0.01,true,0.01002019097475749,0.26793
0.01,true,0.010020268518423912,0.264727
0.01,true,0.010020423605756754,0.258368
0.01,true,0.010020578693089597,0.252074
0.01,true,0.010020733780422439,0.245846
0.01,true,0.010020888867755281,0.239686
0.01,true,0.010021043955088123,0.233594
0.01,true,0.010021199042420966,0.227571
0.01,true,0.010021354129753808,0.221619
0.01,true,0.01002150921708665,0.215739
0.01,true,0.010021664304419493,0.209931
0.01,true,0.010021741848085913,0.207054
0.01,true,0.010021819391752335,0.204196
0.01,true,0.010021974479085177,0.198535
0.01,true,0.01002212956641802,0.19295
0.01,true,0.010022284653750862,0.18744
0.01,true,0.010022439741083704,0.182006
0.01,true,0.010022594828416546,0.17665
0.01,true,0.01002274991574939,0.171372
0.01,true,0.010022905003082233,0.166173
0.01,true,0.010023060090415075,0.161053
0.01,true,0.010023215177747917,0.156013
0.01,true,0.010023292721414338,0.153523
0.01,true,0.01002337026508076,0.151053
0.01,true,0.010023525352413602,0.146175
0.01,true,0.010023680439746444,0.141377
0.01,true,0.010023835527079287,0.136662
0.01,true,0.010023990614412129,0.132029
0.01,true,0.010024145701744971,0.127479
0.01,true,0.010024300789077813,0.123011
0.01,true,0.010024455876410656,0.118628
0.01,true,0.010024610963743498,0.114327
0.01,true,0.01002476605107634,0.110111
0.01,true,0.010024843594742762,0.108035
0.01,true,0.010024921138409183,0.105979
0.01,true,0.010025076225742025,0.101931
0.01,true,0.010025231313074867,0.0979678
0.01,true,0.01002538640040771,0.0940889
0.01,true,0.010025541487740553,0.0902947
0.01,true,0.010025696575073396,0.0865851
0.01,true,0.010025851662406238,0.0829601
0.01,true,0.01002600674973908,0.0794198
0.01,true,0.010026161837071923,0.0759641
0.01,true,0.010026316924404765,0.0725929
0.01,true,0.010026394468071185,0.0709389
0.01,true,0.010026472011737607,0.069306
0.01,true,0.01002662709907045,0.0661033
0.01,true,0.010026782186403292,0.0629847
0.01,true,0.010026937273736134,0.0599498
0.01,true,0.010027092361068976,0.0569985
0.01,true,0.010027247448401819,0.0541305
0.01,true,0.010027402535734661,0.0513454
0.01,true,0.010027557623067503,0.0486429
0.01,true,0.010027712710400346,0.0460227
0.01,true,0.010027867797733188,0.0434843
0.01,true,0.01002794534139961,0.0422456
0.01,true,0.01002802288506603,0.0410273
0.01,true,0.010028177972398874,0.0386512
0.01,true,0.010028333059731716,0.0363557
0.01,true,0.010028488147064559,0.0341401
0.01,true,0.010028643234397401,0.0320039
0.01,true,0.010028798321730243,0.0299465
0.01,true,0.010028953409063086,0.0279674
0.01,true,0.010029108496395928,0.0260659
0.01,true,0.01002926358372877,0.0242414
0.01,true,0.010029418671061613,0.0224933
0.01,true,0.010029496214728033,0.0216476
0.01,true,0.010029573758394455,0.0208207
0.01,true,0.010029728845727297,0.0192231
0.01,true,0.01002988393306014,0.0176996
0.01,true,0.010030039020392982,0.0162496
0.01,true,0.010030194107725824,0.0148721
0.01,true,0.010030271651392246,0.0142104
0.01,true,0.010030349195058666,0.0135665
0.01,true,0.010030504282391509,0.0123319
0.01,true,0.010030659369724351,0.0111674
0.01,true,0.010030814457057195,0.0100722
0.01,true,0.010030969544390037,0.00904538
0.01,true,0.010031047088056457,0.00855734
0.01,true,0.01003112463172288,0.00808605
0.01,true,0.010031279719055722,0.00719328
0.01,true,0.010031434806388564,0.00636614
0.01,true,0.010031589893721406,0.00560366
0.01,true,0.010031744981054249,0.00490487
0.01,true,0.010031900068387091,0.00426878
0.01,true,0.010032055155719933,0.00369438
0.01,true,0.010032210243052776,0.00318067
0.01,true,0.010032365330385618,0.0027266
0.01,true,0.01003252041771846,0.00233113
0.01,true,0.01003259796138488,0.00215504
0.01,true,0.010032675505051302,0.0019932
0.01,true,0.010032830592384145,0.00171173
0.01,true,0.010032985679716987,0.00148565
0.01,true,0.01003314076704983,0.00131387
0.01,true,0.010033295854382672,0.00119527
0.01,true,0.010033450941715516,0.00112875
0.01,true,0.010033606029048358,0.00111317
0.01,true,0.0100337611163812,0.00114742
0.01,true,0.010033916203714043,0.00123036
0.01,true,0.010034071291046885,0.00136083
0.01,true,0.010034148834713305,0.00144353
0.01,true,0.010034226378379727,0.00153768
0.01,true,0.01003438146571257,0.00175976
0.01,true,0.010034536553045412,0.0020259
0.01,true,0.010034691640378254,0.00233493
0.01,true,0.010034846727711096,0.00268568
0.01,true,0.010035001815043939,0.00307697
0.01,true,0.010035156902376781,0.00350763
0.01,true,0.010035311989709623,0.00397646
0.01,true,0.010035467077042465,0.00448229
0.01,true,0.010035622164375308,0.00502394
0.01,true,0.01003569970804173,0.00530782
0.01,true,0.01003577725170815,0.0056002
0.01,true,0.010035932339040992,0.00620991
0.01,true,0.010036087426373835,0.00685186
0.01,true,0.010036242513706679,0.00752489
0.01,true,0.010036397601039521,0.0082278
0.01,true,0.010036552688372363,0.00895941
0.01,true,0.010036707775705206,0.00971855
0.01,true,0.010036862863038048,0.010504
0.01,true,0.01003701795037089,0.0113147
0.01,true,0.010037173037703732,0.0121494
0.01,true,0.010037250581370153,0.0125753
0.01,true,0.010037328125036575,0.0130069
0.01,true,0.010037483212369417,0.0138861
0.01,true,0.01003763829970226,0.0147858
0.01,true,0.010037793387035102,0.015705
0.01,true,0.010037948474367944,0.0166424
0.01,true,0.010038103561700786,0.0175969
0.01,true,0.010038258649033628,0.0185674
0.01,true,0.01003841373636647,0.0195528
0.01,true,0.010038568823699313,0.0205519
0.01,true,0.010038723911032155,0.0215638
0.01,true,0.010038801454698577,0.0220741
0.01,true,0.010038878998365,0.0225872
0.01,true,0.010039034085697842,0.0236212
0.01,true,0.010039189173030684,0.0246645
0.01,true,0.010039344260363526,0.0257163
0.01,true,0.010039499347696369,0.0267754
0.01,true,0.01003965443502921,0.0278409
0.01,true,0.010039809522362053,0.0289116
0.01,true,0.010039964609694895,0.0299866
0.01,true,0.010040119697027738,0.0310648
0.01,true,0.01004027478436058,0.0321454
0.01,true,0.010040352328027,0.0326862
0.01,true,0.010040429871693422,0.0332273
0.01,true,0.010040584959026265,0.0343095
0.01,true,0.010040740046359107,0.0353912
0.01,true,0.01004089513369195,0.0364714
0.01,true,0.010041050221024792,0.0375491
0.01,true,0.010041205308357634,0.0386236
0.01,true,0.010041360395690476,0.0396938
0.01,true,0.01004151548302332,0.040759
0.01,true,0.010041670570356162,0.0418183
0.01,true,0.010041825657689005,0.0428709
0.01,true,0.010041903201355425,0.0433944
0.01,true,0.010041980745021847,0.0439159
0.01,true,0.01004213583235469,0.0449525
0.01,true,0.010042290919687532,0.04598
0.01,true,0.010042446007020374,0.0469976
0.01,true,0.010042601094353216,0.0480045
0.01,true,0.010042756181686058,0.049
0.01,true,0.0100429112690189,0.0499834
0.01,true,0.010043066356351743,0.0509541
0.01,true,0.010043221443684585,0.0519112
0.01,true,0.010043376531017428,0.0528542
0.01,true,0.01004345407468385,0.0533202
0.01,true,0.01004353161835027,0.0537825
0.01,true,0.010043686705683112,0.0546953
0.01,true,0.010043841793015955,0.0555922
0.01,true,0.010043996880348797,0.0564724
0.01,true,0.01004415196768164,0.0573356
0.01,true,0.010044307055014483,0.058181
0.01,true,0.010044462142347325,0.0590082
0.01,true,0.010044617229680168,0.0598167
0.01,true,0.01004477231701301,0.060606
0.01,true,0.010044927404345852,0.0613756
0.01,true,0.010045004948012273,0.0617529
0.01,true,0.010045082491678695,0.0621251
0.01,true,0.010045237579011537,0.062854
0.01,true,0.01004539266634438,0.063562
0.01,true,0.010045547753677221,0.0642485
0.01,true,0.010045702841010064,0.0649134
0.01,true,0.010045780384676486,0.0652376
0.01,true,0.010045857928342906,0.0655562
0.01,true,0.010046013015675748,0.0661766
0.01,true,0.01004616810300859,0.0667742
0.01,true,0.010046323190341433,0.0673489
0.01,true,0.010046478277674275,0.0679002
0.01,true,0.010046555821340697,0.0681671
0.01,true,0.010046633365007118,0.068428
0.01,true,0.010046788452339962,0.068932
0.01,true,0.010046943539672804,0.069412
0.01,true,0.010047098627005646,0.0698679
0.01,true,0.010047253714338488,0.0702993
0.01,true,0.01004740880167133,0.0707062
0.01,true,0.010047563889004173,0.0710885
0.01,true,0.010047718976337015,0.071446
0.01,true,0.010047874063669858,0.0717785
0.01,true,0.0100480291510027,0.0720861
0.01,true,0.01004810669466912,0.0722305
0.01,true,0.010048184238335542,0.0723687
0.01,true,0.010048339325668385,0.0726261
0.01,true,0.010048494413001227,0.0728584
0.01,true,0.010048649500334069,0.0730656
0.01,true,0.010048804587666911,0.0732477
0.01,true,0.010048959674999754,0.0734046
0.01,true,0.010049114762332596,0.0735364
0.01,true,0.010049269849665438,0.0736433
0.01,true,0.010049424936998282,0.0737251
0.01,true,0.010049580024331125,0.0737821
0.01,true,0.010049657567997545,0.0738013
0.01,true,0.010049735111663967,0.0738144
0.01,true,0.01004989019899681,0.073822
0.01,true,0.010050045286329651,0.0738051
0.01,true,0.010050200373662494,0.0737638
0.01,true,0.010050355460995336,0.0736984
0.01,true,0.010050510548328178,0.073609
0.01,true,0.01005066563566102,0.0734957
0.01,true,0.010050820722993863,0.0733588
0.01,true,0.010050975810326705,0.0731986
0.01,true,0.010051130897659548,0.0730152
0.01,true,0.010051208441325968,0.0729149
0.01,true,0.01005128598499239,0.0728089
0.01,true,0.010051441072325232,0.07258
0.01,true,0.010051596159658074,0.0723288
0.01,true,0.010051751246990917,0.0720554
0.01,true,0.010051906334323759,0.0717603
0.01,true,0.010052061421656601,0.0714438
0.01,true,0.010052216508989445,0.0711061
0.01,true,0.010052371596322288,0.0707477
0.01,true,0.01005252668365513,0.0703688
0.01,true,0.010052681770987972,0.0699697
0.01,true,0.010052759314654392,0.0697628
0.01,true,0.010052836858320814,0.069551
0.01,true,0.010052991945653657,0.0691129
0.01,true,0.010053147032986499,0.0686559
0.01,true,0.010053302120319341,0.0681803
0.01,true,0.010053457207652184,0.0676865
0.01,true,0.010053612294985026,0.0671749
0.01,true,0.010053767382317868,0.0666461
0.01,true,0.01005392246965071,0.0661003
0.01,true,0.010054077556983553,0.065538
0.01,true,0.010054232644316395,0.0649597
0.01,true,0.010054310187982817,0.0646647
0.01,true,0.010054387731649237,0.0643658
0.01,true,0.01005454281898208,0.0637568
0.01,true,0.010054697906314922,0.0631331
0.01,true,0.010054852993647766,0.0624952
0.01,true,0.010055008080980608,0.0618435
0.01,true,0.01005516316831345,0.0611786
0.01,true,0.010055318255646293,0.0605009
0.01,true,0.010055473342979135,0.0598108
0.01,true,0.010055628430311978,0.059109
0.01,true,0.01005578351764482,0.0583958
0.01,true,0.01005586106131124,0.0580351
0.01,true,0.010055938604977662,0.0576718
0.01,true,0.010056093692310504,0.0569375
0.01,true,0.010056248779643347,0.0561933
0.01,true,0.010056403866976189,0.0554397
0.01,true,0.010056558954309031,0.0546773
0.01,true,0.010056714041641874,0.0539066
0.01,true,0.010056869128974716,0.053128
0.01,true,0.010057024216307558,0.0523421
0.01,true,0.0100571793036404,0.0515493
0.01,true,0.010057334390973243,0.0507502
0.01,true,0.010057411934639665,0.0503485
0.01,true,0.010057489478306087,0.0499453
0.01,true,0.010057644565638929,0.0491351
0.01,true,0.010057799652971771,0.04832
0.01,true,0.010057954740304614,0.0475006
0.01,true,0.010058109827637456,0.0466773
0.01,true,0.010058264914970298,0.0458507
0.01,true,0.01005842000230314,0.0450213
0.01,true,0.010058575089635983,0.0441895
0.01,true,0.010058730176968825,0.0433558
0.01,true,0.010058885264301667,0.0425208
0.01,true,0.010058962807968088,0.0421029
0.01,true,0.01005904035163451,0.0416848
0.01,true,0.010059195438967352,0.0408484
0.01,true,0.010059350526300194,0.040012
0.01,true,0.010059505613633037,0.0391762
0.01,true,0.010059660700965879,0.0383413
0.01,true,0.010059815788298721,0.0375078
0.01,true,0.010059970875631563,0.0366763
0.01,true,0.010060125962964406,0.035847
0.01,true,0.01006028105029725,0.0350205
0.01,true,0.010060436137630092,0.0341972
0.01,true,0.010060513681296512,0.0337869
0.01,true,0.010060591224962934,0.0333776
0.01,true,0.010060746312295777,0.032562
0.01,true,0.010060901399628619,0.0317508
0.01,true,0.010061056486961461,0.0309446
0.01,true,0.010061211574294304,0.0301436
0.01,true,0.010061289117960722,0.0297452
0.01,true,0.010061366661627146,0.0293483
0.01,true,0.010061521748959988,0.0285591
0.01,true,0.01006167683629283,0.0277763
0.01,true,0.010061831923625673,0.0270003
0.01,true,0.010061987010958515,0.0262315
0.01,true,0.010062064554624935,0.02585
0.01,true,0.010062142098291357,0.0254703
0.01,true,0.0100622971856242,0.0247169
0.01,true,0.010062452272957042,0.0239718
0.01,true,0.010062607360289884,0.0232353
0.01,true,0.010062762447622726,0.0225076
0.01,true,0.01006291753495557,0.0217891
0.01,true,0.010063072622288413,0.0210801
0.01,true,0.010063227709621255,0.020381
0.01,true,0.010063382796954097,0.0196919
0.01,true,0.01006353788428694,0.0190132
0.01,true,0.01006361542795336,0.0186778
0.01,true,0.010063692971619782,0.0183451
0.01,true,0.010063848058952624,0.0176879
0.01,true,0.010064003146285467,0.0170419
0.01,true,0.010064158233618309,0.0164073
0.01,true,0.010064313320951151,0.0157843
0.01,true,0.010064468408283993,0.0151731
0.01,true,0.010064623495616836,0.014574
0.01,true,0.010064778582949678,0.0139871
0.01,true,0.01006493367028252,0.0134127
0.01,true,0.010065088757615363,0.012851
0.01,true,0.010065166301281785,0.0125749
0.01,true,0.010065243844948205,0.012302
0.01,true,0.010065398932281047,0.011766
0.01,true,0.010065554019613891,0.0112432
0.01,true,0.010065709106946734,0.0107336
0.01,true,0.010065864194279576,0.0102375
0.01,true,0.010066019281612418,0.00975481
0.01,true,0.01006617436894526,0.00928582
0.01,true,0.010066329456278103,0.00883058
0.01,true,0.010066484543610945,0.00838919
0.01,true,0.010066639630943787,0.00796172
0.01,true,0.010066717174610208,0.00775324
0.01,true,0.01006679471827663,0.00754827
0.01,true,0.010066949805609472,0.00714889
0.01,true,0.010067104892942314,0.00676365
0.01,true,0.010067259980275156,0.00639258
0.01,true,0.010067415067607999,0.00603573
0.01,true,0.010067570154940841,0.00569312
0.01,true,0.010067725242273683,0.00536478
0.01,true,0.010067880329606526,0.00505072
0.01,true,0.010068035416939368,0.00475093
0.01,true,0.010068190504272212,0.00446541
0.01,true,0.010068268047938632,0.00432799
0.01,true,0.010068345591605054,0.00419413
0.01,true,0.010068500678937897,0.00393709
0.01,true,0.010068655766270739,0.00369423
0.01,true,0.010068810853603581,0.00346551
0.01,true,0.010068965940936423,0.00325089
0.01,true,0.010069121028269266,0.0030503
0.01,true,0.010069276115602108,0.00286367
0.01,true,0.01006943120293495,0.00269093
0.01,true,0.010069586290267793,0.00253199
0.01,true,0.010069741377600635,0.00238676
0.01,true,0.010069818921267055,0.00231925
0.01,true,0.010069896464933477,0.00225513
0.01,true,0.01007005155226632,0.002137
0.01,true,0.010070206639599162,0.00203225
0.01,true,0.010070361726932004,0.00194076
0.01,true,0.010070516814264846,0.00186239
0.01,true,0.010070671901597689,0.00179701
0.01,true,0.010070826988930533,0.00174446
0.01,true,0.010070982076263375,0.00170461
0.01,true,0.010071137163596217,0.00167729
0.01,true,0.01007129225092906,0.00166233
0.01,true,0.01007136979459548,0.00165944
0.01,true,0.010071447338261902,0.00165957
0.01,true,0.010071602425594744,0.00166882
0.01,true,0.010071757512927586,0.0016899
0.01,true,0.010071912600260429,0.00172263
0.01,true,0.010072067687593271,0.0017668
0.01,true,0.010072222774926113,0.00182221
0.01,true,0.010072377862258956,0.00188867
0.01,true,0.010072532949591798,0.00196595
0.01,true,0.01007268803692464,0.00205384
0.01,true,0.010072843124257483,0.00215212
0.01,true,0.010072920667923903,0.00220508
0.01,true,0.010072998211590325,0.00226056
0.01,true,0.010073153298923167,0.00237894
0.01,true,0.01007330838625601,0.00250702
0.01,true,0.010073463473588852,0.00264456
0.01,true,0.010073618560921696,0.00279131
0.01,true,0.010073773648254538,0.00294704
0.01,true,0.01007392873558738,0.00311149
0.01,true,0.010074083822920223,0.00328441
0.01,true,0.010074238910253065,0.00346555
0.01,true,0.010074393997585907,0.00365464
0.01,true,0.010074471541252327,0.00375208
0.01,true,0.01007454908491875,0.00385142
0.01,true,0.010074704172251592,0.00405563
0.01,true,0.010074859259584434,0.00426701
0.01,true,0.010075014346917276,0.00448528
0.01,true,0.010075169434250119,0.00471017
0.01,true,0.010075324521582961,0.00494142
0.01,true,0.010075479608915803,0.00517874
0.01,true,0.010075634696248646,0.00542187
0.01,true,0.010075789783581488,0.00567052
0.01,true,0.01007594487091433,0.00592442
0.01,true,0.010076022414580752,0.00605325
0.01,true,0.010076099958247172,0.00618329
0.01,true,0.010076255045580016,0.00644686
0.01,true,0.010076410132912859,0.00671483
0.01,true,0.010076565220245701,0.00698694
0.01,true,0.010076720307578543,0.0072629
0.01,true,0.010076797851244962,0.00740224
0.01,true,0.010076875394911386,0.00754244
0.01,true,0.010077030482244228,0.00782527
0.01,true,0.01007718556957707,0.00811111
0.01,true,0.010077340656909912,0.0083997
0.01,true,0.010077495744242755,0.00869074
0.01,true,0.010077573287909175,0.0088371
0.01,true,0.0100791241612376,0.0118267
0.01,true,0.010080675034566023,0.0147574
0.01,true,0.010082225907894447,0.0173931
0.01,true,0.010083776781222872,0.0195391
0.01,true,0.010085327654551295,0.0210519
0.01,true,0.01008687852787972,0.0218445
0.01,true,0.010088429401208143,0.0218882
0.01,true,0.010089980274536567,0.0212092
0.01,true,0.01009153114786499,0.0198823
0.01,true,0.010092306584529202,0.0190102
0.01,true,0.010093082021193415,0.0180214
0.01,true,0.01009463289452184,0.0157679
0.01,true,0.010096183767850262,0.0132781
0.01,true,0.010097734641178687,0.0107108
0.01,true,0.01009928551450711,0.0082158
0.01,true,0.010100836387835535,0.00592458
0.01,true,0.01010238726116396,0.00394287
0.01,true,0.010103938134492382,0.00234612
0.01,true,0.010105489007820807,0.00117745
0.01,true,0.01010703988114923,0.000448102
0.01,true,0.010107815317813441,0.000243548
0.01,true,0.010108590754477655,0.000139941
0.01,true,0.010110141627806078,0.000209695
0.01,true,0.010111692501134502,0.000594459
0.01,true,0.010113243374462927,0.00121799
0.01,true,0.01011479424779135,0.00199731
0.01,true,0.010115569684455563,0.00241925
0.01,true,0.010116345121119774,0.00284929
0.01,true,0.010117895994448197,0.00369658
0.01,true,0.010119446867776622,0.00447284
0.01,true,0.010120997741105045,0.0051266
0.01,true,0.01012254861443347,0.00562383
0.01,true,0.010123324051097681,0.00580817
0.01,true,0.010124099487761894,0.00594895
0.01,true,0.010125650361090317,0.00610422
0.01,true,0.010127201234418742,0.00610773
0.01,true,0.010128752107747165,0.00599018
0.01,true,0.01013030298107559,0.0057908
0.01,true,0.010131853854404013,0.00555279
0.01,true,0.010133404727732437,0.00531871
0.01,true,0.010134955601060862,0.00512634
0.01,true,0.010136506474389285,0.00500525
0.01,true,0.01013805734771771,0.00497435
0.01,true,0.010138832784381921,0.00499538
0.01,true,0.010139608221046132,0.00504064
0.01,true,0.010141159094374557,0.00519918
0.01,true,0.010142709967702982,0.00543408
0.01,true,0.010144260841031405,0.00572056
0.01,true,0.01014581171435983,0.00602763
0.01,true,0.010147362587688252,0.00632137
0.01,true,0.010148913461016677,0.00656822
0.01,true,0.0101504643343451,0.0067383
0.01,true,0.010152015207673525,0.0068083
0.03,fit,0.029942373491132275,0.0370375
0.03,fit,0.029942503507994926,0.037607
0.03,fit,0.02994263352542214,0.0381763
0.03,fit,0.029942763543413922,0.0387449
0.03,fit,0.029942893561970288,0.0393124
0.03,fit,0.02994302358109121,0.0398783
0.03,fit,0.029943153600776703,0.0404423
0.03,fit,0.029943283621026773,0.0410039
0.03,fit,0.029943413641841422,0.0415627
0.03,fit,0.029943543663220655,0.0421181
0.03,fit,0.02994367368516447,0.0426697
0.03,fit,0.02994380370767287,0.0432172
0.03,fit,0.029943933730745873,0.04376
0.03,fit,0.029944063754383455,0.0442976
0.03,fit,0.029944193778585627,0.0448296
0.03,fit,0.029944323803352397,0.0453555
0.03,fit,0.029944453828683763,0.0458748
0.03,fit,0.02994458385457973,0.0463871
0.03,fit,0.029944713881040304,0.0468919
0.03,fit,0.02994484390806548,0.0473888
0.03,fit,0.02994497393565528,0.0478771
0.03,fit,0.029945103963809675,0.0483566
0.03,fit,0.029945233992528682,0.0488266
0.03,fit,0.029945364021812308,0.0492868
0.03,fit,0.02994549405166055,0.0497367
0.03,fit,0.02994562408207341,0.0501757
0.03,fit,0.029945754113050897,0.0506035
0.03,fit,0.029945884144593007,0.0510196
0.03,fit,0.02994601417669976,0.0514235
0.03,fit,0.02994614420937113,0.0518149
0.03,fit,0.029946274242607127,0.0521931
0.03,fit,0.029946404276407764,0.052558
0.03,fit,0.029946534310773036,0.0529089
0.03,fit,0.02994666434570295,0.0532455
0.03,fit,0.029946794381197506,0.0535673
0.03,fit,0.029946924417256705,0.0538741
0.03,fit,0.02994705445388057,0.0541653
0.03,fit,0.029947184491069066,0.0544407
0.03,fit,0.029947314528822214,0.0546998
0.03,fit,0.02994744456714002,0.0549423
0.03,fit,0.02994757460602248,0.0551678
0.03,fit,0.0299477046454696,0.055376
0.03,fit,0.029947834685481383,0.0555666
0.03,fit,0.029947964726057832,0.0557392
0.03,fit,0.029948094767198962,0.0558937
0.03,fit,0.029948224808904744,0.0560296
0.03,fit,0.0299483548511752,0.0561468
0.03,fit,0.02994848489401033,0.056245
0.03,fit,0.029948614937410137,0.0563239
0.03,fit,0.029948744981374623,0.0563834
0.03,fit,0.02994887502590379,0.0564232
0.03,fit,0.02994900507099764,0.0564431
0.03,fit,0.029949135116656193,0.0564431
0.03,fit,0.02994926516287942,0.0564229
0.03,fit,0.02994939520966734,0.0563824
0.03,fit,0.02994952525701995,0.0563215
0.03,fit,0.029949655304937258,0.0562401
0.03,fit,0.029949785353419266,0.0561382
0.03,fit,0.029949915402465974,0.0560157
0.03,fit,0.029950045452077387,0.0558725
0.03,fit,0.029950175502253523,0.0557087
0.03,fit,0.029950305552994348,0.0555243
0.03,fit,0.029950435604299885,0.0553193
0.03,fit,0.029950565656170137,0.0550936
0.03,fit,0.029950695708605105,0.0548476
0.03,fit,0.029950825761604793,0.0545811
0.03,fit,0.029950955815169197,0.0542944
0.03,fit,0.02995108586929833,0.0539875
0.03,fit,0.0299512159239922,0.0536606
0.03,fit,0.029951345979250785,0.053314
0.03,fit,0.029951476035074098,0.0529478
0.03,fit,0.029951606091462146,0.0525622
0.03,fit,0.02995173614841493,0.0521574
0.03,fit,0.029951866205932452,0.0517339
0.03,fit,0.029951996264014714,0.0512917
0.03,fit,0.02995212632266172,0.0508313
0.03,fit,0.029952256381873484,0.050353
0.03,fit,0.02995238644164998,0.0498571
0.03,fit,0.029952516501991232,0.049344
0.03,fit,0.029952646562897232,0.048814
0.03,fit,0.02995277662436799,0.0482677
0.03,fit,0.0299529066864035,0.0477055
0.03,fit,0.029953036749003778,0.0471277
0.03,fit,0.029953166812168815,0.0465349
0.03,fit,0.029953296875898632,0.0459275
0.03,fit,0.0299534269401932,0.0453061
0.03,fit,0.029953557005052537,0.0446711
0.03,fit,0.02995368707047665,0.0440232
0.03,fit,0.029953817136465537,0.0433629
0.03,fit,0.0299539472030192,0.0426908
0.03,fit,0.029954077270137644,0.0420074
0.03,fit,0.02995420733782087,0.0413134
0.03,fit,0.029954337406068895,0.0406094
0.03,fit,0.02995446747488169,0.039896
0.03,fit,0.029954597544259276,0.0391739
0.03,fit,0.029954727614201655,0.0384437
0.03,fit,0.02995485768470883,0.0377061
0.03,fit,0.029954987755780798,0.0369619
0.03,fit,0.02995511782741757,0.0362116
0.03,fit,0.02995524789961914,0.035456
0.03,fit,0.029955377972385528,0.0346958
0.03,fit,0.02995550804571671,0.0339317
0.03,fit,0.0299556381196127,0.0331644
0.03,fit,0.029955768194073504,0.0323948
0.03,fit,0.029955898269099123,0.0316234
0.03,fit,0.029956028344689554,0.0308511
0.03,fit,0.029956158420844807,0.0300786
0.03,fit,0.029956288497564883,0.0293067
0.03,fit,0.029956418574849795,0.028536
0.03,fit,0.02995654865269952,0.0277674
0.03,fit,0.02995667873111407,0.0270015
0.03,fit,0.029956808810093456,0.0262392
0.03,fit,0.02995693888963767,0.0254812
0.03,fit,0.029957068969746724,0.0247281
0.03,fit,0.029957199050420616,0.0239808
0.03,fit,0.02995732913165935,0.02324
0.03,fit,0.029957459213462944,0.0225064
0.03,fit,0.029957589295831366,0.0217806
0.03,fit,0.029957719378764635,0.0210635
0.03,fit,0.029957849462262758,0.0203556
0.03,fit,0.029957979546325734,0.0196578
0.03,fit,0.029958109630953564,0.0189706
0.03,fit,0.029958239716146254,0.0182947
0.03,fit,0.029958369801903802,0.0176308
0.03,fit,0.02995849988822623,0.0169794
0.03,fit,0.029958629975113508,0.0163413
0.03,fit,0.029958760062565655,0.0157169
0.03,fit,0.029958890150582673,0.0151069
0.03,fit,0.029959020239164563,0.0145119
0.03,fit,0.029959150328311326,0.0139324
0.03,fit,0.02995928041802297,0.0133689
0.03,fit,0.029959410508299495,0.0128218
0.03,fit,0.029959540599140914,0.0122918
0.03,fit,0.029959670690547207,0.0117793
0.03,fit,0.029959800782518385,0.0112846
0.03,fit,0.029959930875054455,0.0108082
0.03,fit,0.029960060968155417,0.0103505
0.03,fit,0.02996019106182127,0.00991186
0.03,fit,0.029960321156052027,0.00949261
0.03,fit,0.02996045125084768,0.00909305
0.03,fit,0.02996058134620825,0.00871347
0.03,fit,0.029960711442133713,0.00835413
0.03,fit,0.02996084153862408,0.00801525
0.03,fit,0.02996097163567936,0.00769704
0.03,fit,0.029961101733299546,0.00739966
0.03,fit,0.029961231831484653,0.00712326
0.03,fit,0.029961361930234676,0.00686796
0.03,fit,0.029961492029549616,0.00663383
0.03,fit,0.029961622129429495,0.00642093
0.03,fit,0.02996175222987428,0.00622928
0.03,fit,0.029961882330883996,0.00605888
0.03,fit,0.02996201243245864,0.00590969
0.03,fit,0.029962142534598217,0.00578165
0.03,fit,0.029962272637302726,0.00567466
0.03,fit,0.029962402740572172,0.00558858
0.03,fit,0.02996253284440656,0.00552327
0.03,fit,0.0299626629488059,0.00547854
0.03,fit,0.029962793053770174,0.00545417
0.03,fit,0.029962923159299392,0.00544992
0.03,fit,0.029963053265393558,0.0054655
0.03,fit,0.029963183372052674,0.00550062
0.03,fit,0.02996331347927675,0.00555495
0.03,fit,0.029963443587065777,0.00562811
0.03,fit,0.029963573695419764,0.00571972
0.03,fit,0.029963703804338725,0.00582936
0.03,fit,0.029963833913822638,0.0059566
0.03,fit,0.02996396402387152,0.00610096
0.03,fit,0.029964094134485364,0.00626194
0.03,fit,0.02996422424566418,0.00643903
0.03,fit,0.029964354357407973,0.00663168
0.03,fit,0.02996448446971674,0.00683932
0.03,fit,0.029964614582590487,0.00706135
0.03,fit,0.02996474469602923,0.00729718
0.03,fit,0.02996487481003294,0.00754616
0.03,fit,0.029965004924601635,0.00780763
0.03,fit,0.029965135039735316,0.00808092
0.03,fit,0.029965265155433993,0.00836535
0.03,fit,0.02996539527169766,0.00866019
0.03,fit,0.029965525388526322,0.00896472
0.03,fit,0.029965655505919984,0.0092782
0.03,fit,0.029965785623878662,0.00959987
0.03,fit,0.029965915742402326,0.00992896
0.03,fit,0.029966045861490997,0.0102647
0.03,fit,0.029966175981144674,0.0106063
0.03,fit,0.02996630610136336,0.0109529
0.03,fit,0.029966436222147064,0.0113037
0.03,fit,0.029966566343495777,0.0116579
0.03,fit,0.029966696465409514,0.0120147
0.03,fit,0.02996682658788828,0.0123733
0.03,fit,0.02996695671093206,0.0127327
0.03,fit,0.02996708683454086,0.0130923
0.03,fit,0.02996721695871469,0.013451
0.03,fit,0.029967347083453548,0.0138081
0.03,fit,0.029967477208757438,0.0141628
0.03,fit,0.029967607334626365,0.0145142
0.03,fit,0.029967737461060327,0.0148615
0.03,fit,0.029967867588059346,0.0152038
0.03,fit,0.02996799771562339,0.0155403
0.03,fit,0.02996812784375248,0.0158702
0.03,fit,0.029968257972446618,0.0161928
0.03,fit,0.029968388101705806,0.0165071
0.03,fit,0.02996851823153004,0.0168125
0.03,fit,0.029968648361919335,0.0171081
0.03,fit,0.029968778492873684,0.0173933
0.03,fit,0.02996890862439311,0.0176672
0.03,fit,0.029969038756477582,0.0179292
0.03,fit,0.029969168889127117,0.0181785
0.03,fit,0.029969299022341717,0.0184145
0.03,fit,0.02996942915612139,0.0186365
0.03,fit,0.02996955929046613,0.0188438
0.03,fit,0.029969689425375947,0.019036
0.03,fit,0.029969819560850843,0.0192122
0.03,fit,0.02996994969689083,0.0193721
0.03,fit,0.029970079833495884,0.0195151
0.03,fit,0.02997020997066602,0.0196406
0.03,fit,0.029970340108401244,0.0197483
0.03,fit,0.029970470246701558,0.0198376
0.03,fit,0.029970600385566964,0.0199081
0.03,fit,0.02997073052499746,0.0199595
0.03,fit,0.029970860664993056,0.0199915
0.03,fit,0.029970990805553762,0.0200037
0.03,fit,0.029971120946679555,0.0199958
0.03,fit,0.029971251088370454,0.0199677
0.03,fit,0.029971381230626457,0.0199192
0.03,fit,0.029971511373447567,0.0198501
0.03,fit,0.02997164151683379,0.0197603
0.03,fit,0.029971771660785126,0.0196498
0.03,fit,0.029971901805301578,0.0195185
0.03,fit,0.029972031950383164,0.0193665
0.03,fit,0.029972162096029854,0.0191938
0.03,fit,0.02997229224224167,0.0190007
0.03,fit,0.029972422389018608,0.0187871
0.03,fit,0.029972552536360674,0.0185535
0.03,fit,0.029972682684267872,0.0183
0.03,fit,0.029972812832740205,0.0180269
0.03,fit,0.02997294298177767,0.0177346
0.03,fit,0.029973073131380288,0.0174237
0.03,fit,0.029973203281548035,0.0170944
0.03,fit,0.02997333343228092,0.0167474
0.03,fit,0.029973463583578955,0.0163831
0.03,fit,0.029973593735442134,0.0160024
0.03,fit,0.029973723887870465,0.0156058
0.03,fit,0.02997385404086395,0.0151941
0.03,fit,0.029973984194422584,0.014768
0.03,fit,0.029974114348546396,0.0143285
0.03,fit,0.029974244503235353,0.0138764
0.03,fit,0.02997437465848947,0.0134127
0.03,fit,0.029974504814308755,0.0129384
0.03,fit,0.029974634970693203,0.0124546
0.03,fit,0.029974765127642824,0.0119623
0.03,fit,0.029974895285157618,0.0114629
0.03,fit,0.029975025443237584,0.0109574
0.03,fit,0.02997515560188274,0.0104473
0.03,fit,0.029975285761093068,0.0099338
0.03,fit,0.02997541592086857,0.00941835
0.03,fit,0.029975546081209264,0.0089024
0.03,fit,0.02997567624211514,0.00838745
0.03,fit,0.029975806403586207,0.00787506
0.03,fit,0.029975936565622464,0.00736685
0.03,fit,0.029976066728223918,0.00686447
0.03,fit,0.029976196891390583,0.00636963
0.03,fit,0.02997632705512243,0.0058841
0.03,fit,0.02997645721941948,0.00540969
0.03,fit,0.029976587384281737,0.00494826
0.03,fit,0.029976717549709198,0.00450171
0.03,fit,0.029976847715701867,0.004072
0.03,fit,0.02997697788225975,0.00366113
0.03,fit,0.029977108049382847,0.00327113
0.03,fit,0.029977238217071173,0.0029041
0.03,fit,0.029977368385324703,0.00256214
0.03,fit,0.02997749855414346,0.00224744
0.03,fit,0.029977628723527435,0.00196218
0.03,fit,0.029977758893476637,0.00170861
0.03,fit,0.029977889063991067,0.001489
0.03,fit,0.02997801923507073,0.00130566
0.03,fit,0.029978149406715626,0.00116093
0.03,fit,0.029978279578925772,0.00105716
0.03,fit,0.029978409751701143,0.00099676
0.03,fit,0.029978539925041753,0.000982143
0.03,fit,0.02997867009894761,0.00101575
0.03,fit,0.02997880027341871,0.00110006
0.03,fit,0.02997893044845506,0.00123753
0.03,fit,0.02997906062405666,0.00143069
0.03,fit,0.029979190800223512,0.00168203
0.03,fit,0.029979320976955635,0.0019941
0.03,fit,0.029979451154253003,0.00236942
0.03,fit,0.02997958133211563,0.00281054
0.03,fit,0.02997971151054352,0.00332001
0.03,fit,0.029979841689536674,0.00390039
0.03,fit,0.0299799718690951,0.00455422
0.03,fit,0.029980102049218794,0.00528405
0.03,fit,0.029980232229907762,0.00609242
0.03,fit,0.029980362411162018,0.00698188
0.03,fit,0.02998049259298154,0.00795494
0.03,fit,0.02998062277536634,0.00901412
0.03,fit,0.029980752958316422,0.0101619
0.03,fit,0.029980883141831793,0.0114008
0.03,fit,0.029981013325912447,0.0127332
0.03,fit,0.029981143510558392,0.0141615
0.03,fit,0.029981273695769632,0.0156882
0.03,fit,0.02998140388154618,0.0173157
0.03,fit,0.029981534067888012,0.0190461
0.03,fit,0.02998166425479514,0.020882
0.03,fit,0.029981794442267576,0.0228254
0.03,fit,0.02998192463030531,0.0248786
0.03,fit,0.02998205481890836,0.0270438
0.03,fit,0.02998218500807671,0.0293231
0.03,fit,0.029982315197810378,0.0317186
0.03,fit,0.029982445388109374,0.0342322
0.03,fit,0.029982575578973675,0.0368659
0.03,fit,0.02998270577040329,0.0396216
0.03,fit,0.029982835962398233,0.0425012
0.03,fit,0.029982966154958497,0.0455064
0.03,fit,0.029983096348084087,0.0486388
0.03,fit,0.02998322654177501,0.0519002
0.03,fit,0.02998335673603126,0.0552919
0.03,fit,0.029983486930852864,0.0588156
0.03,fit,0.029983617126239787,0.0624726
0.03,fit,0.02998374732219205,0.0662642
0.03,fit,0.02998387751870965,0.0701917
0.03,fit,0.0299840077157926,0.074256
0.03,fit,0.029984137913440893,0.0784584
0.03,fit,0.029984268111654538,0.0827997
0.03,fit,0.029984398310433532,0.0872809
0.03,fit,0.029984528509777897,0.0919026
0.03,fit,0.0299846587096876,0.0966655
0.03,fit,0.029984788910162666,0.10157
0.03,fit,0.02998491911120309,0.106617
0.03,fit,0.02998504931280888,0.111807
0.03,fit,0.029985179514980035,0.117139
0.03,fit,0.029985309717716558,0.122614
0.03,fit,0.02998543992101845,0.128233
0.03,fit,0.029985570124885737,0.133994
0.03,fit,0.029985700329318382,0.139898
0.03,fit,0.0299858305343164,0.145945
0.03,fit,0.029985960739879806,0.152133
0.03,fit,0.029986090946008594,0.158463
0.03,fit,0.029986221152702768,0.164934
0.03,fit,0.029986351359962325,0.171545
0.03,fit,0.029986481567787278,0.178295
0.03,fit,0.02998661177617764,0.185183
0.03,fit,0.02998674198513338,0.192209
0.03,fit,0.029986872194654516,0.19937
0.03,fit,0.029987002404741055,0.206665
0.03,fit,0.029987132615392997,0.214094
0.03,fit,0.029987262826610343,0.221654
0.03,fit,0.0299873930383931,0.229344
0.03,fit,0.029987523250741263,0.237161
0.03,fit,0.029987653463654857,0.245105
0.03,fit,0.029987783677133853,0.253172
0.03,fit,0.02998791389117826,0.261361
0.03,fit,0.029988044105788095,0.26967
0.03,fit,0.02998817432096335,0.278095
0.03,fit,0.029988304536704025,0.286635
0.03,fit,0.029988434753010135,0.295286
0.03,fit,0.02998856496988167,0.304047
0.03,fit,0.029988695187318653,0.312914
0.03,fit,0.029988825405321058,0.321883
0.03,fit,0.0299889556238889,0.330953
0.03,fit,0.02998908584302218,0.34012
0.03,fit,0.029989216062720904,0.349381
0.03,fit,0.02998934628298507,0.358731
0.03,fit,0.029989476503814685,0.368169
0.03,fit,0.029989606725209752,0.377689
0.03,fit,0.029989736947170283,0.387289
0.03,fit,0.029989867169696253,0.396965
0.03,fit,0.02998999739278768,0.406712
0.03,fit,0.02999012761644457,0.416527
0.03,fit,0.02999025784066692,0.426406
0.03,fit,0.029990388065454735,0.436345
0.03,fit,0.029990518290808014,0.446338
0.03,fit,0.029990648516726764,0.456383
0.03,fit,0.029990778743211002,0.466474
0.03,fit,0.0299909089702607,0.476608
0.03,fit,0.02999103919787587,0.486779
0.03,fit,0.02999116942605652,0.496984
0.03,fit,0.029991299654802656,0.507217
0.03,fit,0.02999142988411427,0.517473
0.03,fit,0.029991560113991376,0.527748
0.03,fit,0.02999169034443397,0.538038
0.03,fit,0.029991820575442068,0.548336
0.03,fit,0.029991950807015645,0.558639
0.03,fit,0.029992081039154718,0.568941
0.03,fit,0.029992211271859293,0.579237
0.03,fit,0.029992341505129368,0.589523
0.03,fit,0.029992471738964945,0.599792
0.03,fit,0.029992601973366027,0.61004
0.03,fit,0.02999273220833262,0.620262
0.03,fit,0.02999286244386474,0.630452
0.03,fit,0.029992992679962353,0.640606
0.03,fit,0.029993122916625488,0.650717
0.03,fit,0.02999325315385414,0.660781
0.03,fit,0.02999338339164831,0.670793
0.03,fit,0.029993513630008004,0.680747
0.03,fit,0.029993643868933224,0.690638
0.03,fit,0.029993774108423975,0.700461
0.03,fit,0.02999390434848027,0.71021
0.03,fit,0.029994034589102082,0.71988
0.03,fit,0.02999416483028943,0.729466
0.03,fit,0.029994295072042317,0.738962
0.03,fit,0.029994425314360744,0.748364
0.03,fit,0.029994555557244715,0.757666
0.03,fit,0.02999468580069423,0.766863
0.03,fit,0.029994816044709292,0.77595
0.03,fit,0.02999494628928992,0.784922
0.03,fit,0.029995076534436088,0.793773
0.03,fit,0.029995206780147807,0.8025
0.03,fit,0.029995337026425088,0.811095
0.03,fit,0.029995467273267927,0.819556
0.03,fit,0.029995597520676327,0.827876
0.03,fit,0.029995727768650293,0.836051
0.03,fit,0.02999585801718983,0.844076
0.03,fit,0.029995988266294946,0.851947
0.03,fit,0.029996118515965623,0.859659
0.03,fit,0.029996248766201876,0.867207
0.03,fit,0.029996379017003704,0.874587
0.03,fit,0.02999650926837111,0.881794
0.03,fit,0.029996639520304104,0.888824
0.03,fit,0.02999676977280268,0.895673
0.03,fit,0.02999690002586684,0.902336
0.03,fit,0.029997030279496607,0.90881
0.03,fit,0.02999716053369195,0.91509
0.03,fit,0.02999729078845289,0.921173
0.03,fit,0.029997421043779424,0.927054
0.03,fit,0.02999755129967156,0.932731
0.03,fit,0.029997681556129297,0.938199
0.03,fit,0.029997811813152638,0.943455
0.03,fit,0.029997942070741586,0.948496
0.03,fit,0.029998072328896157,0.953318
0.03,fit,0.02999820258761633,0.957918
0.03,fit,0.02999833284690211,0.962294
0.03,fit,0.029998463106753512,0.966442
0.03,fit,0.02999859336717053,0.970359
0.03,fit,0.02999872362815317,0.974044
0.03,fit,0.029998853889701433,0.977492
0.03,fit,0.029998984151815324,0.980703
0.03,fit,0.02999911441449486,0.983674
0.03,fit,0.02999924467774001,0.986402
0.03,fit,0.029999374941550794,0.988887
0.03,fit,0.029999505205927215,0.991125
0.03,fit,0.029999635470869274,0.993115
0.03,fit,0.029999765736376974,0.994856
0.03,fit,0.02999989600245032,0.996347
0.03,fit,0.03000002626908931,0.997585
0.03,fit,0.030000156536293964,0.99857
0.03,fit,0.030000286804064254,0.999302
0.03,fit,0.0300004170724002,0.999779
0.03,fit,0.030000547341301798,1
0.03,fit,0.030000677610769053,0.999966
0.03,fit,0.030000807880801974,0.999675
0.03,fit,0.030000938151400557,0.999128
0.03,fit,0.0300010684225648,0.998324
0.03,fit,0.030001198694294733,0.997265
0.03,fit,0.03000132896659032,0.995949
0.03,fit,0.030001459239451578,0.994378
0.03,fit,0.030001589512878516,0.992552
0.03,fit,0.030001719786871127,0.990472
0.03,fit,0.03000185006142942,0.988139
0.03,fit,0.030001980336553397,0.985554
0.03,fit,0.03000211061224306,0.982718
0.03,fit,0.030002240888498424,0.979632
0.03,fit,0.030002371165319463,0.976299
0.03,fit,0.030002501442706195,0.972719
0.03,fit,0.030002631720658625,0.968895
0.03,fit,0.03000276199917675,0.964829
0.03,fit,0.030002892278260574,0.960523
0.03,fit,0.030003022557910104,0.955979
0.03,fit,0.030003152838125338,0.951199
0.03,fit,0.030003283118906293,0.946187
0.03,fit,0.030003413400252945,0.940945
0.03,fit,0.030003543682165307,0.935475
0.03,fit,0.030003673964643384,0.929782
0.03,fit,0.03000380424768718,0.923868
0.03,fit,0.030003934531296694,0.917736
0.03,fit,0.030004064815471933,0.91139
0.03,fit,0.030004195100212894,0.904834
0.03,fit,0.030004325385519597,0.89807
0.03,fit,0.030004455671392018,0.891104
0.03,fit,0.030004585957830166,0.883939
0.03,fit,0.030004716244834053,0.876579
0.03,fit,0.030004846532403675,0.869028
0.03,fit,0.030004976820539035,0.86129
0.03,fit,0.03000510710924014,0.853371
0.03,fit,0.03000523739850699,0.845274
0.03,fit,0.0300053676883396,0.837004
0.03,fit,0.03000549797873794,0.828566
0.03,fit,0.030005628269702038,0.819965
0.03,fit,0.030005758561231888,0.811205
0.03,fit,0.030005888853327493,0.802292
0.03,fit,0.030006019145988858,0.793231
0.03,fit,0.030006149439215986,0.784027
0.03,fit,0.030006279733008876,0.774685
0.03,fit,0.03000641002736755,0.76521
0.03,fit,0.030006540322291976,0.755608
0.03,fit,0.030006670617782172,0.745885
0.03,fit,0.030006800913838144,0.736045
0.03,fit,0.030006931210459893,0.726095
0.03,fit,0.03000706150764742,0.716041
0.03,fit,0.030007191805400724,0.705886
0.03,fit,0.030007322103719817,0.695639
0.03,fit,0.03000745240260471,0.685303
0.03,fit,0.030007582702055374,0.674886
0.03,fit,0.03000771300207183,0.664392
0.03,fit,0.03000784330265408,0.653828
0.03,fit,0.03000797360380213,0.6432
0.03,fit,0.030008103905515972,0.632513
0.03,fit,0.03000823420779562,0.621773
0.03,fit,0.030008364510641067,0.610987
0.03,fit,0.030008494814052336,0.60016
0.03,fit,0.0300086251180294,0.589298
0.03,fit,0.030008755422572274,0.578406
0.03,fit,0.03000888572768096,0.567492
0.03,fit,0.030009016033355464,0.55656
0.03,fit,0.030009146339595782,0.545616
0.03,fit,0.030009276646401923,0.534667
0.03,fit,0.03000940695377389,0.523718
0.03,fit,0.03000953726171169,0.512775
0.03,fit,0.03000966757021531,0.501843
0.03,fit,0.030009797879284754,0.490928
0.03,fit,0.030009928188920034,0.480037
0.03,fit,0.03001005849912115,0.469173
0.03,fit,0.030010188809888105,0.458344
0.03,fit,0.030010319121220895,0.447553
0.03,fit,0.03001044943311953,0.436808
0.03,fit,0.030010579745584028,0.426112
0.03,fit,0.030010710058614356,0.415472
0.03,fit,0.030010840372210534,0.404892
0.03,fit,0.030010970686372564,0.394378
0.03,fit,0.03001110100110045,0.383934
0.03,fit,0.030011231316394195,0.373566
0.03,fit,0.030011361632253798,0.363278
0.03,fit,0.03001149194867926,0.353075
0.03,fit,0.030011622265670605,0.342961
0.03,fit,0.030011752583227802,0.332942
0.03,fit,0.03001188290135087,0.323022
0.03,fit,0.03001201322003981,0.313204
0.03,fit,0.03001214353929462,0.303494
0.03,fit,0.030012273859115313,0.293895
0.03,fit,0.03001240417950188,0.284411
0.03,fit,0.030012534500454335,0.275047
0.03,fit,0.030012664821972686,0.265805
0.03,fit,0.030012795144056907,0.256691
0.03,fit,0.03001292546670702,0.247706
0.03,fit,0.030013055789923023,0.238855
0.03,fit,0.03001318611370492,0.23014
0.03,fit,0.030013316438052717,0.221566
0.03,fit,0.030013446762966408,0.213134
0.03,fit,0.030013577088446004,0.204849
0.03,fit,0.030013707414491518,0.196711
0.03,fit,0.030013837741102927,0.188725
0.03,fit,0.03001396806828024,0.180893
0.03,fit,0.030014098396023467,0.173217
0.03,fit,0.030014228724332608,0.165699
0.03,fit,0.03001435905320766,0.158341
0.03,fit,0.030014489382648637,0.151145
0.03,fit,0.030014619712655535,0.144113
0.03,fit,0.03001475004322837,0.137247
0.03,fit,0.030014880374367118,0.130548
0.03,fit,0.030015010706071793,0.124018
0.03,fit,0.030015141038342397,0.117657
0.03,fit,0.030015271371178938,0.111467
0.03,fit,0.03001540170458141,0.105448
0.03,fit,0.030015532038549828,0.0996026
0.03,fit,0.03001566237308418,0.0939301
0.03,fit,0.030015792708184493,0.0884313
0.03,fit,0.03001592304385074,0.0831067
0.03,fit,0.03001605338008293,0.0779565
0.03,fit,0.030016183716881074,0.0729808
0.03,fit,0.03001631405424517,0.0681797
0.03,fit,0.030016444392175223,0.0635531
0.03,fit,0.030016574730671233,0.0591005
0.03,fit,0.030016705069733203,0.0548217
0.03,fit,0.03001683540936115,0.0507161
0.03,fit,0.03001696574955505,0.0467831
0.03,fit,0.030017096090314915,0.043022
0.03,fit,0.030017226431640752,0.0394317
0.03,fit,0.030017356773532563,0.0360113
0.03,fit,0.030017487115990348,0.0327596
0.03,fit,0.03001761745901411,0.0296755
0.03,fit,0.030017747802603856,0.0267575
0.03,fit,0.030017878146759595,0.0240041
0.03,fit,0.03001800849148131,0.0214139
0.03,fit,0.030018138836769008,0.018985
0.03,fit,0.030018269182622695,0.0167157
0.03,fit,0.030018399529042377,0.0146041
0.03,fit,0.030018529876028054,0.0126482
0.03,fit,0.030018660223579727,0.0108458
0.03,fit,0.0300187905716974,0.00919492
0.03,fit,0.030018920920381092,0.00769312
0.03,fit,0.03001905126963077,0.00633808
0.03,fit,0.030019181619446462,0.00512735
0.03,fit,0.03001931196982816,0.00405838
0.03,fit,0.030019442320775868,0.00312857
0.03,fit,0.030019572672289593,0.00233522
0.03,fit,0.030019703024369335,0.00167556
0.03,fit,0.030019833377015095,0.00114678
0.03,fit,0.030019963730226893,0.000745954
0.03,fit,0.0300200940840047,0.00047013
0.03,fit,0.030020224438348536,0.000316279
0.03,fit,0.0300203547932584,0.00028132
0.03,fit,0.030020485148734295,0.000362115
0.03,fit,0.030020615504776225,0.000555477
0.03,fit,0.03002074586138419,0.000858172
0.03,fit,0.030020876218558198,0.00126692
0.03,fit,0.03002100657629826,0.0017784
0.03,fit,0.030021136934604353,0.00238926
0.03,fit,0.03002126729347649,0.0030961
0.03,fit,0.030021397652914675,0.0038955
0.03,fit,0.030021528012918915,0.00478401
0.03,fit,0.030021658373489208,0.00575816
0.03,fit,0.030021788734625555,0.00681445
0.03,fit,0.030021919096327964,0.00794936
0.03,fit,0.03002204945859645,0.00915938
0.03,fit,0.030022179821430982,0.010441
0.03,fit,0.03002231018483158,0.0117905
0.03,fit,0.03002244054879825,0.0132046
0.03,fit,0.03002257091333099,0.0146796
0.03,fit,0.030022701278429802,0.0162119
0.03,fit,0.03002283164409469,0.017798
0.03,fit,0.030022962010325657,0.0194344
0.03,fit,0.030023092377122723,0.0211176
0.03,fit,0.030023222744485854,0.022844
0.03,fit,0.030023353112415073,0.0246101
0.03,fit,0.030023483480910378,0.0264125
0.03,fit,0.030023613849971775,0.0282477
0.03,fit,0.030023744219599264,0.0301123
0.03,fit,0.03002387458979285,0.0320029
0.03,fit,0.030024004960552533,0.0339161
0.03,fit,0.030024135331878334,0.0358487
0.03,fit,0.03002426570377022,0.0377972
0.03,fit,0.030024396076228217,0.0397585
0.03,fit,0.03002452644925232,0.0417294
0.03,fit,0.03002465682284253,0.0437066
0.03,fit,0.030024787196998855,0.0456871
0.03,fit,0.030024917571721293,0.0476678
0.03,fit,0.03002504794700985,0.0496457
0.03,fit,0.030025178322864547,0.0516178
0.03,fit,0.03002530869928535,0.0535813
0.03,fit,0.030025439076272274,0.0555332
0.03,fit,0.030025569453825326,0.0574709
0.03,fit,0.030025699831944513,0.0593915
0.03,fit,0.03002583021062983,0.0612925
0.03,fit,0.03002596058988128,0.0631712
0.03,fit,0.03002609096969887,0.0650251
0.03,fit,0.030026221350082614,0.0668518
0.03,fit,0.030026351731032488,0.068649
0.03,fit,0.030026482112548505,0.0704142
0.03,fit,0.030026612494630667,0.0721453
0.03,fit,0.03002674287727898,0.0738402
0.03,fit,0.03002687326049345,0.0754966
0.03,fit,0.030027003644274068,0.0771128
0.03,fit,0.03002713402862085,0.0786867
0.03,fit,0.030027264413533802,0.0802165
0.03,fit,0.0300273947990129,0.0817005
0.03,fit,0.030027525185058166,0.0831369
0.03,fit,0.030027655571669597,0.0845242
0.03,fit,0.030027785958847197,0.085861
0.03,fit,0.03002791634659097,0.0871457
0.03,fit,0.030028046734900917,0.088377
0.03,fit,0.030028177123777044,0.0895538
0.03,fit,0.03002830751321936,0.0906747
0.03,fit,0.030028437903227848,0.0917388
0.03,fit,0.030028568293802516,0.0927451
0.03,fit,0.030028698684943372,0.0936926
0.03,fit,0.03002882907665042,0.0945805
0.03,fit,0.030028959468923654,0.0954081
0.03,fit,0.030029089861763086,0.0961747
0.03,fit,0.030029220255168715,0.0968798
0.03,fit,0.030029350649140557,0.0975228
0.03,fit,0.030029481043678585,0.0981034
0.03,fit,0.030029611438782817,0.0986212
0.03,fit,0.030029741834453255,0.0990761
0.03,fit,0.0300298722306899,0.0994678
0.03,fit,0.03003000262749276,0.0997962
0.03,fit,0.030030133024861832,0.100061
0.03,fit,0.030030263422797118,0.100264
0.03,fit,0.030030393821298643,0.100403
0.03,fit,0.03003052422036637,0.100479
0.03,fit,0.030030654620000322,0.100493
0.03,fit,0.0300307850202005,0.100445
0.03,fit,0.030030915420966905,0.100335
0.03,fit,0.030031045822299544,0.100165
0.03,fit,0.030031176224198413,0.0999333
0.03,fit,0.03003130662666352,0.0996422
0.03,fit,0.03003143702969488,0.0992921
0.03,fit,0.030031567433292466,0.0988836
0.03,fit,0.030031697837456295,0.0984178
0.03,fit,0.030031828242186368,0.0978954
0.03,fit,0.030031958647482693,0.0973174
0.03,fit,0.030032089053345264,0.096685
0.03,fit,0.030032219459774093,0.0959991
0.03,fit,0.030032349866769174,0.095261
0.03,fit,0.030032480274330527,0.0944717
0.03,fit,0.03003261068245813,0.0936326
0.03,fit,0.03003274109115199,0.0927449
0.03,fit,0.03003287150041212,0.09181
0.03,fit,0.030033001910238517,0.0908293
0.03,fit,0.030033132320631185,0.0898041
0.03,fit,0.030033262731590123,0.0887359
0.03,fit,0.030033393143115338,0.0876262
0.03,fit,0.030033523555206845,0.0864766
0.03,fit,0.03003365396786462,0.0852885
0.03,fit,0.030033784381088672,0.0840636
0.03,fit,0.03003391479487901,0.0828035
0.03,fit,0.03003404520923564,0.0815098
0.03,fit,0.030034175624158558,0.0801842
0.03,fit,0.030034306039647768,0.0788284
0.03,fit,0.03003443645570327,0.0774441
0.03,fit,0.03003456687232509,0.0760329
0.03,fit,0.030034697289513194,0.0745967
0.03,fit,0.030034827707267595,0.0731372
0.03,fit,0.030034958125588304,0.071656
0.03,fit,0.03003508854447532,0.070155
0.03,fit,0.030035218963928648,0.068636
0.03,fit,0.030035349383948286,0.0671007
0.03,fit,0.030035479804534238,0.0655509
0.03,fit,0.030035610225686522,0.0639883
0.03,fit,0.03003574064740511,0.0624147
0.03,fit,0.030035871069690023,0.0608319
0.03,fit,0.030036001492541257,0.0592416
0.03,fit,0.03003613191595882,0.0576456
0.03,fit,0.03003626233994271,0.0560456
0.03,fit,0.030036392764492933,0.0544433
0.03,fit,0.03003652318960949,0.0528404
0.03,fit,0.0300366536152924,0.0512386
0.03,fit,0.030036784041541635,0.0496396
0.03,fit,0.03003691446835721,0.0480449
0.03,fit,0.030037044895739128,0.0464563
0.03,fit,0.030037175323687392,0.0448754
0.03,fit,0.030037305752202006,0.0433036
0.03,fit,0.030037436181282972,0.0417426
0.03,fit,0.030037566610930294,0.0401938
0.03,fit,0.030037697041143983,0.0386588
0.03,fit,0.03003782747192402,0.037139
0.03,fit,0.030037957903270414,0.0356358
0.03,fit,0.030038088335183174,0.0341506
0.03,fit,0.0300382187676623,0.0326848
0.03,fit,0.030038349200707797,0.0312397
0.03,fit,0.030038479634319663,0.0298165
0.03,fit,0.0300386100684979,0.0284164
0.03,fit,0.030038740503242532,0.0270408
0.03,fit,0.030038870938553525,0.0256907
0.03,fit,0.0300390013744309,0.0243672
0.03,fit,0.03003913181087466,0.0230714
0.03,fit,0.030039262247884804,0.0218044
0.03,fit,0.030039392685461335,0.0205671
0.03,fit,0.030039523123604257,0.0193604
0.03,fit,0.030039653562313574,0.0181852
0.03,fit,0.0300397840015893,0.0170425
0.03,fit,0.030039914441431413,0.0159329
0.03,fit,0.030040044881839922,0.0148571
0.03,fit,0.030040175322814836,0.0138161
0.03,fit,0.030040305764356158,0.0128102
0.03,fit,0.030040436206463884,0.0118402
0.03,fit,0.030040566649138022,0.0109067
0.03,fit,0.03004069709237857,0.01001
0.03,fit,0.030040827536185553,0.00915068
0.03,fit,0.03004095798055894,0.00832914
0.03,fit,0.030041088425498744,0.00754571
0.03,fit,0.03004121887100497,0.00680071
0.03,fit,0.030041349317077623,0.00609438
0.03,fit,0.030041479763716704,0.00542694
0.03,fit,0.030041610210922214,0.00479855
0.03,fit,0.030041740658694156,0.0042093
0.03,fit,0.03004187110703255,0.00365926
0.03,fit,0.030042001555937364,0.00314845
0.03,fit,0.03004213200540862,0.00267683
0.03,fit,0.03004226245544632,0.00224432
0.03,fit,0.03004239290605046,0.0018508
0.03,fit,0.030042523357221053,0.00149609
0.03,fit,0.03004265380895809,0.00117997
0.03,fit,0.030042784261261585,0.000902179
0.03,fit,0.030042914714131546,0.000662417
0.03,fit,0.03004304516756795,0.000460333
0.03,fit,0.030043175621570814,0.000295536
0.03,fit,0.030043306076140138,0.000167597
0.03,fit,0.03004343653127593,7.60404e-05
0.03,fit,0.030043566986978187,2.0358e-05
0.03,fit,0.030043697443246916,0
0.03,fit,0.030043827900082115,1.43793e-05
0.03,fit,0.030043958357483802,6.2874e-05
0.03,fit,0.030044088815451953,0.000144825
0.03,fit,0.030044219273986584,0.000259542
0.03,fit,0.030044349733087693,0.000406298
0.03,fit,0.03004448019275529,0.000584339
0.03,fit,0.03004461065298937,0.000792877
0.03,fit,0.030044741113789943,0.0010311
0.03,fit,0.030044871575157006,0.00129815
0.03,fit,0.03004500203709058,0.00159317
0.03,fit,0.03004513249959063,0.00191526
0.03,fit,0.030045262962657186,0.0022635
0.03,fit,0.03004539342629024,0.00263695
0.03,fit,0.030045523890489798,0.00303464
0.03,fit,0.03004565435525586,0.00345558
0.03,fit,0.030045784820588436,0.00389878
0.03,fit,0.03004591528648752,0.00436322
0.03,fit,0.030046045752953134,0.00484785
0.03,fit,0.03004617621998525,0.00535163
0.03,fit,0.030046306687583884,0.0058735
0.03,fit,0.030046437155749037,0.00641238
0.03,fit,0.030046567624480717,0.00696719
0.03,fit,0.03004669809377892,0.00753683
0.03,fit,0.030046828563643654,0.00812021
0.03,fit,0.030046959034074915,0.00871621
0.03,fit,0.03004708950507273,0.00932373
0.03,fit,0.030047219976637063,0.00994166
0.03,fit,0.030047350448767933,0.0105689
0.03,fit,0.030047480921465346,0.0112043
0.03,fit,0.0300476113947293,0.0118467
0.03,fit,0.030047741868559803,0.0124951
0.03,fit,0.030047872342956854,0.0131484
0.03,fit,0.03004800281792045,0.0138054
0.03,fit,0.030048133293450623,0.014465
0.03,fit,0.03004826376954733,0.0151263
0.03,fit,0.030048394246210596,0.015788
0.03,fit,0.030048524723440426,0.0164491
0.03,fit,0.030048655201236816,0.0171086
0.03,fit,0.03004878567959977,0.0177655
0.03,fit,0.030048916158529296,0.0184187
0.03,fit,0.03004904663802539,0.0190671
0.03,fit,0.03004917711808807,0.0197099
0.03,fit,0.030049307598717313,0.020346
0.03,fit,0.030049438079913133,0.0209745
0.03,fit,0.030049568561675535,0.0215945
0.03,fit,0.030049699044004518,0.022205
0.03,fit,0.030049829526900083,0.0228051
0.03,fit,0.03004996001036224,0.023394
0.03,fit,0.030050090494390985,0.0239708
0.03,fit,0.03005022097898634,0.0245348
0.03,fit,0.03005035146414827,0.0250851
0.03,fit,0.030050481949876803,0.0256209
0.03,fit,0.030050612436171933,0.0261415
0.03,fit,0.030050742923033665,0.0266463
0.03,fit,0.030050873410462003,0.0271345
0.03,fit,0.030051003898456947,0.0276054
0.03,fit,0.0300511343870185,0.0280586
0.03,fit,0.030051264876146684,0.0284932
0.03,fit,0.030051395365841466,0.0289089
0.03,fit,0.03005152585610286,0.0293051
0.03,fit,0.03005165634693088,0.0296813
0.03,fit,0.03005178683832552,0.0300369
0.03,fit,0.030051917330286785,0.0303717
0.03,fit,0.030052047822814676,0.0306852
0.03,fit,0.030052178315909197,0.030977
0.03,fit,0.030052308809570365,0.0312468
0.03,fit,0.03005243930379815,0.0314944
0.03,fit,0.030052569798592575,0.0317193
0.03,fit,0.030052700293953637,0.0319216
0.03,fit,0.030052830789881343,0.0321008
0.03,fit,0.03005296128637569,0.0322569
0.03,fit,0.030053091783436688,0.0323898
0.03,fit,0.030053222281064332,0.0324993
0.03,fit,0.030053352779258642,0.0325854
0.03,fit,0.030053483278019592,0.0326481
0.03,fit,0.0300536137773472,0.0326874
0.03,fit,0.030053744277241463,0.0327034
0.03,fit,0.03005387477770239,0.032696
0.03,fit,0.030054005278729982,0.0326655
0.03,fit,0.03005413578032424,0.0326119
0.03,fit,0.030054266282485163,0.0325354
0.03,fit,0.030054396785212777,0.0324363
0.03,fit,0.030054527288507046,0.0323147
0.03,fit,0.030054657792367993,0.032171
0.03,fit,0.03005478829679562,0.0320054
0.03,fit,0.030054918801789926,0.0318182
0.03,fit,0.030055049307350916,0.0316099
0.03,fit,0.03005517981347859,0.0313806
0.03,fit,0.030055310320172956,0.031131
0.03,fit,0.030055440827434027,0.0308614
0.03,fit,0.030055571335261776,0.0305722
0.03,fit,0.03005570184365622,0.030264
0.03,fit,0.030055832352617363,0.0299372
0.03,fit,0.030055962862145204,0.0295924
0.03,fit,0.030056093372239752,0.02923
0.03,fit,0.030056223882901006,0.0288508
0.03,fit,0.030056354394128966,0.0284553
0.03,fit,0.030056484905923653,0.028044
0.03,fit,0.030056615418285037,0.0276176
0.03,fit,0.030056745931213137,0.0271768
0.03,fit,0.030056876444707954,0.0267221
0.03,fit,0.03005700695876949,0.0262544
0.03,fit,0.030057137473397753,0.0257742
0.03,fit,0.03005726798859274,0.0252823
0.03,fit,0.030057398504354453,0.0247794
0.03,fit,0.030057529020682913,0.0242662
0.03,fit,0.03005765953757809,0.0237435
0.03,fit,0.030057790055040005,0.0232119
0.03,fit,0.030057920573068653,0.0226723
0.03,fit,0.030058051091664043,0.0221253
0.03,fit,0.030058181610826178,0.0215719
0.03,fit,0.030058312130555057,0.0210126
0.03,fit,0.03005844265085068,0.0204484
0.03,fit,0.030058573171713072,0.01988
0.03,fit,0.0300587036931422,0.0193081
0.03,fit,0.03005883421513808,0.0187335
0.03,fit,0.030058964737700724,0.0181571
0.03,fit,0.030059095260830122,0.0175795
0.03,fit,0.030059225784526286,0.0170016
0.03,fit,0.030059356308789212,0.0164242
0.03,fit,0.030059486833618906,0.0158479
0.03,fit,0.030059617359015384,0.0152736
0.03,fit,0.03005974788497862,0.0147021
0.03,fit,0.03005987841150863,0.0141339
0.03,fit,0.030060008938605418,0.01357
0.03,fit,0.030060139466268985,0.013011
0.03,fit,0.030060269994499334,0.0124576
0.03,fit,0.03006040052329647,0.0119106
0.03,fit,0.030060531052660388,0.0113706
0.03,fit,0.030060661582591113,0.0108384
0.03,fit,0.030060792113088614,0.0103146
0.03,fit,0.030060922644152912,0.00979979
0.03,fit,0.030061053175784003,0.00929471
0.03,fit,0.030061183707981894,0.00879996
0.03,fit,0.030061314240746588,0.00831614
0.03,fit,0.030061444774078086,0.00784385
0.03,fit,0.03006157530797639,0.00738366
0.03,fit,0.030061705842441517,0.00693612
0.03,fit,0.030061836377473443,0.00650179
0.03,fit,0.030061966913072183,0.00608116
0.03,fit,0.030062097449237737,0.00567475
0.03,fit,0.03006222798597011,0.00528304
0.03,fit,0.030062358523269307,0.00490647
0.03,fit,0.030062489061135324,0.00454549
0.03,fit,0.03006261959956817,0.0042005
0.03,fit,0.030062750138567858,0.00387192
0.03,fit,0.030062880678134365,0.00356009
0.03,fit,0.030063011218267703,0.00326537
0.03,fit,0.03006314175896788,0.00298809
0.03,fit,0.03006327230023489,0.00272855
0.03,fit,0.030063402842068748,0.00248702
0.03,fit,0.030063533384469446,0.00226376
0.03,fit,0.03006366392743699,0.002059
0.03,fit,0.030063794470971395,0.00187294
0.03,fit,0.03006392501507264,0.00170578
0.03,fit,0.030064055559740736,0.00155766
0.03,fit,0.030064186104975688,0.00142873
0.03,fit,0.0300643166507775,0.00131909
0.03,fit,0.030064447197146172,0.00122883
0.03,fit,0.030064577744081705,0.00115801
0.03,fit,0.030064708291584107,0.00110667
0.03,fit,0.03006483883965339,0.00107483
0.03,fit,0.03006496938828953,0.00106248
0.03,fit,0.03006509993749254,0.00106959
0.03,fit,0.030065230487262427,0.00109609
0.03,fit,0.030065361037599193,0.00114192
0.03,fit,0.03006549158850284,0.00120697
0.03,fit,0.030065622139973366,0.00129112
0.03,fit,0.030065752692010783,0.00139422
0.03,fit,0.0300658832446151,0.0015161
0.03,fit,0.03006601379778629,0.00165659
0.03,fit,0.030066144351524375,0.00181546
0.03,fit,0.030066274905829356,0.00199248
0.03,fit,0.030066405460701235,0.00218741
0.03,fit,0.03006653601614001,0.00239998
0.03,fit,0.030066666572145694,0.00262989
0.03,fit,0.03006679712871828,0.00287683
0.03,fit,0.030066927685857787,0.00314049
0.03,fit,0.03006705824356419,0.00342051
0.03,fit,0.030067188801837504,0.00371652
0.03,fit,0.030067319360677736,0.00402817
0.03,fit,0.030067449920084883,0.00435504
0.03,fit,0.03006758048005895,0.00469672
0.03,fit,0.03006771104059994,0.0050528
0.03,fit,0.030067841601707855,0.00542283
0.03,fit,0.030067972163382712,0.00580636
0.03,fit,0.03006810272562448,0.00620292
0.03,fit,0.030068233288433183,0.00661203
0.03,fit,0.030068363851808822,0.0070332
0.03,fit,0.030068494415751396,0.00746593
0.03,fit,0.030068624980260913,0.00790971
0.03,fit,0.030068755545337368,0.00836402
0.03,fit,0.03006888611098077,0.00882832
0.03,fit,0.030069016677191134,0.00930207
0.03,fit,0.03006914724396843,0.00978473
0.03,fit,0.03006927781131268,0.0102757
0.03,fit,0.03006940837922388,0.0107746
0.03,fit,0.03006953894770204,0.0112806
0.03,fit,0.03006966951674716,0.0117933
0.03,fit,0.03006980008635924,0.0123121
0.03,fit,0.030069930656538284,0.0128363
0.03,fit,0.03007006122728431,0.0133656
0.03,fit,0.030070191798597292,0.0138991
0.03,fit,0.030070322370477243,0.0144364
0.03,fit,0.03007045294292417,0.0149769
0.03,fit,0.03007058351593807,0.01552
0.03,fit,0.030070714089518953,0.0160651
0.03,fit,0.030070844663666815,0.0166116
0.03,fit,0.03007097523838166,0.0171589
0.03,fit,0.03007110581366351,0.0177065
0.03,fit,0.030071236389512333,0.0182539
0.03,fit,0.030071366965928145,0.0188003
0.03,fit,0.03007149754291095,0.0193453
0.03,fit,0.030071628120460752,0.0198883
0.03,fit,0.030071758698577554,0.0204288
0.03,fit,0.030071889277261357,0.0209661
0.03,fit,0.03007201985651216,0.0214998
0.03,fit,0.03007215043632999,0.0220294
0.03,fit,0.03007228101671481,0.0225542
0.03,fit,0.03007241159766664,0.0230739
0.03,fit,0.030072542179185483,0.0235878
0.03,true,0.029909337687112302,0.00353654
0.03,true,0.029910116816721514,0.00282879
0.03,true,0.029910895946330722,0.00214348
0.03,true,0.029911675075939934,0.00151436
0.03,true,0.02991245420554914,0.000972758
0.03,true,0.029912843770353748,0.000743507
0.03,true,0.02991323333515835,0.000545988
0.03,true,0.02991401246476756,0.000255985
0.03,true,0.02991479159437677,0.000118153
0.03,true,0.029915570723985978,0.000140527
0.03,true,0.02991634985359519,0.000323255
0.03,true,0.029917128983204398,0.000658456
0.03,true,0.02991790811281361,0.00113044
0.03,true,0.029918687242422817,0.00171632
0.03,true,0.029919466372032025,0.00238695
0.03,true,0.029920245501641237,0.00310824
0.03,true,0.02992063506644584,0.00347627
0.03,true,0.029921024631250445,0.00384276
0.03,true,0.029921803760859657,0.00455149
0.03,true,0.029922582890468865,0.00519584
0.03,true,0.029923362020078073,0.00573962
0.03,true,0.029924141149687285,0.00615109
0.03,true,0.029924920279296493,0.00640475
0.03,true,0.0299256994089057,0.00648305
0.03,true,0.029926478538514913,0.00637761
0.03,true,0.02992725766812412,0.00609017
0.03,true,0.029928036797733332,0.00563296
0.03,true,0.029928426362537935,0.00534738
0.03,true,0.02992881592734254,0.00502863
0.03,true,0.02992959505695175,0.00430949
0.03,true,0.02993037418656096,0.0035163
0.03,true,0.02993115331617017,0.00269647
0.03,true,0.02993193244577938,0.00190179
0.03,true,0.029932711575388588,0.00118578
0.03,true,0.029933490704997796,0.000600855
0.03,true,0.029934269834607008,0.000195343
0.03,true,0.029935048964216216,1.06403e-05
0.03,true,0.029935828093825424,7.86159e-05
0.03,true,0.02993621765863003,0.000214166
0.03,true,0.029936607223434636,0.000419439
0.03,true,0.029937386353043844,0.00103997
0.03,true,0.029938165482653056,0.0019328
0.03,true,0.029938944612262264,0.00307605
0.03,true,0.029939723741871472,0.00443389
0.03,true,0.029940113306676074,0.00517856
0.03,true,0.029940502871480684,0.00595779
0.03,true,0.02994128200108989,0.0075885
0.03,true,0.029942061130699103,0.00925859
0.03,true,0.02994284026030831,0.0108955
0.03,true,0.02994361938991752,0.012425
0.03,true,0.029944008954722125,0.0131266
0.03,true,0.02994439851952673,0.0137746
0.03,true,0.02994517764913594,0.0148778
0.03,true,0.029945956778745147,0.0156768
0.03,true,0.02994673590835436,0.0161268
0.03,true,0.029947515037963567,0.0161981
0.03,true,0.02994829416757278,0.0158788
0.03,true,0.029949073297181987,0.0151761
0.03,true,0.029949852426791195,0.0141177
0.03,true,0.029950631556400407,0.012751
0.03,true,0.029951410686009615,0.0111422
0.03,true,0.02995180025081422,0.0102724
0.03,true,0.029952189815618827,0.00937455
0.03,true,0.029952968945228035,0.00754515
0.03,true,0.029953748074837243,0.00576105
0.03,true,0.029954527204446454,0.00413464
0.03,true,0.029955306334055663,0.00277843
0.03,true,0.02995608546366487,0.00179941
0.03,true,0.029956864593274082,0.00129325
0.03,true,0.02995764372288329,0.00133865
0.03,true,0.029958422852492502,0.00199214
0.03,true,0.02995920198210171,0.00328353
0.03,true,0.029959591546906316,0.00416958
0.03,true,0.02995998111171092,0.00521247
0.03,true,0.02996076024132013,0.00774615
0.03,true,0.029960799197800588,0.00788766
0.03,true,0.029960877110761508,0.00817471
0.03,true,0.02996095502372243,0.00846704
0.03,true,0.02996103293668335,0.00876456
0.03,true,0.02996111084964427,0.00906719
0.03,true,0.029961188762605194,0.00937483
0.03,true,0.029961266675566114,0.00968738
0.03,true,0.029961344588527034,0.0100047
0.03,true,0.029961422501487957,0.0103268
0.03,true,0.029961500414448877,0.0106534
0.03,true,0.029961539370929338,0.0108185
0.03,true,0.029961578327409796,0.0109846
0.03,true,0.02996165624037072,0.0113201
0.03,true,0.02996173415333164,0.0116598
0.03,true,0.02996181206629256,0.0120037
0.03,true,0.029961889979253482,0.0123516
0.03,true,0.029961967892214402,0.0127033
0.03,true,0.029962045805175322,0.0130588
0.03,true,0.029962123718136245,0.013418
0.03,true,0.029962201631097165,0.0137806
0.03,true,0.029962279544058085,0.0141465
0.03,true,0.02996231850053855,0.0143307
0.03,true,0.029962357457019008,0.0145157
0.03,true,0.029962435369979928,0.0148879
0.03,true,0.029962513282940847,0.0152631
0.03,true,0.02996259119590177,0.015641
0.03,true,0.02996266910886269,0.0160215
0.03,true,0.02996274702182361,0.0164045
0.03,true,0.029962824934784534,0.0167898
0.03,true,0.029962902847745453,0.0171772
0.03,true,0.029962980760706373,0.0175667
0.03,true,0.029963058673667296,0.017958
0.03,true,0.029963097630147758,0.0181542
0.03,true,0.029963136586628216,0.0183509
0.03,true,0.029963214499589136,0.0187453
0.03,true,0.02996329241255006,0.0191411
0.03,true,0.02996337032551098,0.019538
0.03,true,0.029963448238471902,0.0199359
0.03,true,0.029963526151432822,0.0203346
0.03,true,0.02996360406439374,0.020734
0.03,true,0.029963681977354665,0.0211338
0.03,true,0.029963759890315585,0.0215339
0.03,true,0.029963837803276504,0.021934
0.03,true,0.029963876759756966,0.0221341
0.03,true,0.029963915716237428,0.0223341
0.03,true,0.029963993629198347,0.022734
0.03,true,0.029964071542159267,0.0231333
0.03,true,0.02996414945512019,0.0235321
0.03,true,0.02996422736808111,0.02393
0.03,true,0.02996430528104203,0.0243269
0.03,true,0.029964383194002953,0.0247226
0.03,true,0.029964461106963873,0.0251169
0.03,true,0.029964539019924793,0.0255096
0.03,true,0.029964616932885716,0.0259005
0.03,true,0.029964655889366178,0.0260953
0.03,true,0.029964694845846636,0.0262895
0.03,true,0.029964772758807556,0.0266763
0.03,true,0.02996485067176848,0.0270607
0.03,true,0.0299649285847294,0.0274426
0.03,true,0.02996500649769032,0.0278218
0.03,true,0.02996508441065124,0.028198
0.03,true,0.02996516232361216,0.0285711
0.03,true,0.02996524023657308,0.0289409
0.03,true,0.029965318149534004,0.0293071
0.03,true,0.029965396062494924,0.0296697
0.03,true,0.029965435018975386,0.0298495
0.03,true,0.029965473975455844,0.0300283
0.03,true,0.029965551888416767,0.0303828
0.03,true,0.029965629801377687,0.0307331
0.03,true,0.029965707714338607,0.0310788
0.03,true,0.02996578562729953,0.0314199
0.03,true,0.02996586354026045,0.0317561
0.03,true,0.02996594145322137,0.0320873
0.03,true,0.029966019366182293,0.0324132
0.03,true,0.029966097279143213,0.0327337
0.03,true,0.029966175192104132,0.0330486
0.03,true,0.029966214148584594,0.0332039
0.03,true,0.029966253105065056,0.0333577
0.03,true,0.029966331018025975,0.0336609
0.03,true,0.029966408930986895,0.0339578
0.03,true,0.02996648684394782,0.0342485
0.03,true,0.029966564756908738,0.0345326
0.03,true,0.029966642669869658,0.03481
0.03,true,0.02996672058283058,0.0350805
0.03,true,0.0299667984957915,0.035344
0.03,true,0.02996687640875242,0.0356003
0.03,true,0.029966954321713344,0.0358493
0.03,true,0.029966993278193806,0.0359709
0.03,true,0.029967032234674264,0.0360907
0.03,true,0.029967110147635184,0.0363244
0.03,true,0.029967188060596107,0.0365502
0.03,true,0.029967265973557027,0.036768
0.03,true,0.029967343886517946,0.0369776
0.03,true,0.029967382842998408,0.0370794
0.03,true,0.02996742179947887,0.037179
0.03,true,0.02996749971243979,0.0373718
0.03,true,0.02996757762540071,0.0375561
0.03,true,0.029967655538361632,0.0377316
0.03,true,0.029967733451322552,0.0378981
0.03,true,0.029967772407803014,0.0379781
0.03,true,0.029967811364283472,0.0380557
0.03,true,0.029967889277244395,0.0382041
0.03,true,0.029967967190205315,0.0383433
0.03,true,0.029968045103166235,0.038473
0.03,true,0.029968123016127158,0.0385932
0.03,true,0.029968200929088078,0.0387037
0.03,true,0.029968278842048997,0.0388045
0.03,true,0.02996835675500992,0.0388955
0.03,true,0.02996843466797084,0.0389765
0.03,true,0.02996851258093176,0.0390474
0.03,true,0.029968551537412225,0.0390791
0.03,true,0.029968590493892684,0.0391082
0.03,true,0.029968668406853603,0.0391587
0.03,true,0.029968746319814527,0.0391989
0.03,true,0.029968824232775446,0.0392287
0.03,true,0.029968902145736366,0.039248
0.03,true,0.02996898005869729,0.0392568
0.03,true,0.02996905797165821,0.039255
0.03,true,0.02996913588461913,0.0392425
0.03,true,0.029969213797580052,0.0392192
0.03,true,0.029969291710540972,0.0391852
0.03,true,0.029969330667021434,0.0391642
0.03,true,0.02996936962350189,0.0391404
0.03,true,0.029969447536462815,0.0390847
0.03,true,0.029969525449423735,0.0390182
0.03,true,0.029969603362384654,0.0389407
0.03,true,0.029969681275345578,0.0388523
0.03,true,0.029969759188306497,0.0387529
0.03,true,0.029969837101267417,0.0386426
0.03,true,0.02996991501422834,0.0385214
0.03,true,0.02996999292718926,0.0383892
0.03,true,0.02997007084015018,0.038246
0.03,true,0.02997010979663064,0.0381703
0.03,true,0.029970148753111103,0.0380919
0.03,true,0.029970226666072023,0.0379269
0.03,true,0.029970304579032943,0.037751
0.03,true,0.029970382491993866,0.0375643
0.03,true,0.029970460404954786,0.0373668
0.03,true,0.029970538317915706,0.0371585
0.03,true,0.02997061623087663,0.0369396
0.03,true,0.02997069414383755,0.03671
0.03,true,0.02997077205679847,0.0364698
0.03,true,0.02997084996975939,0.0362191
0.03,true,0.029970888926239853,0.0360899
0.03,true,0.02997092788272031,0.0359581
0.03,true,0.02997100579568123,0.0356866
0.03,true,0.029971083708642154,0.035405
0.03,true,0.029971161621603074,0.0351133
0.03,true,0.029971239534563994,0.0348115
0.03,true,0.029971317447524917,0.0344998
0.03,true,0.029971395360485837,0.0341783
0.03,true,0.029971473273446757,0.0338472
0.03,true,0.02997155118640768,0.0335066
0.03,true,0.0299716290993686,0.0331566
0.03,true,0.02997166805584906,0.0329781
0.03,true,0.02997170701232952,0.0327974
0.03,true,0.029971784925290443,0.0324291
0.03,true,0.029971862838251363,0.032052
0.03,true,0.029971940751212282,0.0316661
0.03,true,0.029972018664173206,0.0312717
0.03,true,0.029972096577134125,0.0308689
0.03,true,0.029972174490095045,0.030458
0.03,true,0.02997225240305597,0.0300391
0.03,true,0.029972330316016888,0.0296124
0.03,true,0.029972408228977808,0.0291783
0.03,true,0.029972447185458273,0.0289584
0.03,true,0.02997248614193873,0.0287368
0.03,true,0.02997256405489965,0.0282882
0.03,true,0.02997264196786057,0.0278328
0.03,true,0.029972719880821494,0.0273708
0.03,true,0.029972797793782414,0.0269025
0.03,true,0.029972875706743334,0.0264281
0.03,true,0.029972953619704257,0.0259478
0.03,true,0.029973031532665177,0.025462
0.03,true,0.029973109445626096,0.0249709
0.03,true,0.02997318735858702,0.0244749
0.03,true,0.02997322631506748,0.0242251
0.03,true,0.02997326527154794,0.0239742
0.03,true,0.02997334318450886,0.023469
0.03,true,0.029973421097469782,0.0229598
0.03,true,0.029973499010430702,0.0224468
0.03,true,0.029973576923391622,0.0219304
0.03,true,0.029973654836352545,0.0214109
0.03,true,0.029973732749313465,0.0208885
0.03,true,0.029973810662274388,0.0203638
0.03,true,0.029973888575235308,0.0198369
0.03,true,0.029973966488196228,0.0193083
0.03,true,0.02997400544467669,0.0190435
0.03,true,0.02997404440115715,0.0187783
0.03,true,0.02997412231411807,0.0182473
0.03,true,0.02997420022707899,0.0177156
0.03,true,0.029974278140039914,0.0171837
0.03,true,0.029974356053000833,0.0166519
0.03,true,0.029974433965961753,0.0161206
0.03,true,0.029974511878922677,0.0155903
0.03,true,0.029974589791883596,0.0150612
0.03,true,0.029974667704844516,0.0145338
0.03,true,0.02997474561780544,0.0140086
0.03,true,0.0299747845742859,0.0137469
0.03,true,0.02997482353076636,0.013486
0.03,true,0.02997490144372728,0.0129663
0.03,true,0.029974979356688202,0.01245
0.03,true,0.029975057269649122,0.0119375
0.03,true,0.02997513518261004,0.0114294
0.03,true,0.029975174139090503,0.011177
0.03,true,0.029975213095570965,0.0109259
0.03,true,0.029975291008531885,0.0104277
0.03,true,0.029975368921492804,0.00993505
0.03,true,0.029975446834453728,0.00944852
0.03,true,0.029975524747414647,0.00896854
0.03,true,0.02997556370389511,0.00873116
0.03,true,0.029975602660375567,0.00849559
0.03,true,0.02997568057333649,0.00803014
0.03,true,0.02997575848629741,0.00757266
0.03,true,0.02997583639925833,0.00712364
0.03,true,0.029975914312219253,0.00668356
0.03,true,0.029975992225180173,0.00625291
0.03,true,0.029976070138141093,0.00583218
0.03,true,0.029976148051102016,0.00542187
0.03,true,0.029976225964062936,0.00502248
0.03,true,0.029976303877023856,0.0046345
0.03,true,0.02997634283350432,0.00444496
0.03,true,0.02997638178998478,0.00425845
0.03,true,0.0299764597029457,0.00389484
0.03,true,0.02997653761590662,0.00354416
0.03,true,0.02997661552886754,0.00320695
0.03,true,0.02997669344182846,0.0028837
0.03,true,0.02997677135478938,0.00257495
0.03,true,0.029976849267750304,0.00228121
0.03,true,0.029976927180711224,0.002003
0.03,true,0.029977005093672144,0.00174085
0.03,true,0.029977083006633067,0.00149528
0.03,true,0.02997712196311353,0.00137888
0.03,true,0.029977160919593987,0.00126682
0.03,true,0.029977238832554907,0.001056
0.03,true,0.02997731674551583,0.000863348
0.03,true,0.02997739465847675,0.000689393
0.03,true,0.02997747257143767,0.000534668
0.03,true,0.029977550484398593,0.000399704
0.03,true,0.029977628397359513,0.000285033
0.03,true,0.029977706310320432,0.000191189
0.03,true,0.029977784223281356,0.000118704
0.03,true,0.029977862136242275,6.81105e-05
0.03,true,0.029977901092722737,5.11895e-05
0.03,true,0.029977940049203195,3.99411e-05
0.03,true,0.02997801796216412,3.47278e-05
0.03,true,0.029978095875125038,5.3002e-05
0.03,true,0.029978173788085958,9.52945e-05
0.03,true,0.02997825170104688,0.000162135
0.03,true,0.0299783296140078,0.000254052
0.03,true,0.02997840752696872,0.000371573
0.03,true,0.029978485439929644,0.000515223
0.03,true,0.029978563352890564,0.000685528
0.03,true,0.029978641265851484,0.000883008
0.03,true,0.02997868022233195,0.000992102
0.03,true,0.029978719178812407,0.00110819
0.03,true,0.029978797091773327,0.00136158
0.03,true,0.029978875004734246,0.0016437
0.03,true,0.02997895291769517,0.00195507
0.03,true,0.02997903083065609,0.00229619
0.03,true,0.029979108743617013,0.00266757
0.03,true,0.029979186656577932,0.00306972
0.03,true,0.029979264569538852,0.00350313
0.03,true,0.029979342482499775,0.00396832
0.03,true,0.029979420395460695,0.00446576
0.03,true,0.029979459351941157,0.00472673
0.03,true,0.029979498308421615,0.00499595
0.03,true,0.029979576221382538,0.00555938
0.03,true,0.029979654134343458,0.00615652
0.03,true,0.029979732047304378,0.00678787
0.03,true,0.0299798099602653,0.00745388
0.03,true,0.02997988787322622,0.00815504
0.03,true,0.02997996578618714,0.00889179
0.03,true,0.029980043699148064,0.00966461
0.03,true,0.029980121612108983,0.0104739
0.03,true,0.029980199525069903,0.0113202
0.03,true,0.029980238481550365,0.0117574
0.03,true,0.029980277438030827,0.012204
0.03,true,0.029980355350991746,0.0131255
0.03,true,0.029980433263952666,0.0140853
0.03,true,0.02998051117691359,0.0150839
0.03,true,0.02998058908987451,0.0161215
0.03,true,0.02998066700283543,0.0171987
0.03,true,0.029980744915796352,0.0183158
0.03,true,0.029980822828757272,0.0194733
0.03,true,0.02998090074171819,0.0206715
0.03,true,0.029980978654679115,0.0219108
0.03,true,0.029981017611159577,0.022546
0.03,true,0.029981056567640035,0.0231916
0.03,true,0.029981134480600954,0.0245142
0.03,true,0.029981212393561878,0.0258791
0.03,true,0.029981290306522797,0.0272866
0.03,true,0.029981368219483717,0.0287371
0.03,true,0.02998144613244464,0.0302308
0.03,true,0.02998152404540556,0.0317681
0.03,true,0.02998160195836648,0.0333493
0.03,true,0.029981679871327403,0.0349748
0.03,true,0.029981757784288323,0.0366449
0.03,true,0.029981796740768785,0.0374967
0.03,true,0.029981835697249243,0.0383598
0.03,true,0.029981913610210166,0.0401199
0.03,true,0.029981991523171086,0.0419254
0.03,true,0.029982069436132006,0.0437766
0.03,true,0.02998214734909293,0.0456737
0.03,true,0.02998222526205385,0.0476171
0.03,true,0.02998230317501477,0.049607
0.03,true,0.02998238108797569,0.0516435
0.03,true,0.02998245900093661,0.053727
0.03,true,0.02998253691389753,0.0558576
0.03,true,0.029982575870377996,0.0569406
0.03,true,0.029982614826858454,0.0580355
0.03,true,0.029982692739819374,0.060261
0.03,true,0.029982770652780294,0.0625343
0.03,true,0.029982848565741217,0.0648554
0.03,true,0.029982926478702137,0.0672246
0.03,true,0.0299829654351826,0.0684273
0.03,true,0.029983004391663057,0.069642
0.03,true,0.02998308230462398,0.0721078
0.03,true,0.0299831602175849,0.0746221
0.03,true,0.02998323813054582,0.077185
0.03,true,0.029983316043506743,0.0797967
0.03,true,0.029983354999987204,0.0811209
0.03,true,0.029983393956467663,0.0824572
0.03,true,0.029983471869428582,0.0851667
0.03,true,0.029983549782389506,0.0879251
0.03,true,0.029983627695350425,0.0907326
0.03,true,0.029983705608311345,0.0935893
0.03,true,0.02998378352127227,0.0964952
0.03,true,0.029983861434233188,0.0994502
0.03,true,0.029983939347194108,0.102455
0.03,true,0.02998401726015503,0.105508
0.03,true,0.02998409517311595,0.108611
0.03,true,0.029984134129596413,0.110181
0.03,true,0.029984173086076874,0.111763
0.03,true,0.029984250999037794,0.114964
0.03,true,0.029984328911998714,0.118215
0.03,true,0.029984406824959637,0.121514
0.03,true,0.029984484737920557,0.124863
0.03,true,0.029984562650881477,0.128261
0.03,true,0.0299846405638424,0.131707
0.03,true,0.02998471847680332,0.135203
0.03,true,0.02998479638976424,0.138747
0.03,true,0.029984874302725163,0.142339
0.03,true,0.029984913259205624,0.144154
0.03,true,0.029984952215686082,0.145981
0.03,true,0.029985030128647002,0.14967
0.03,true,0.029985108041607925,0.153408
0.03,true,0.029985185954568845,0.157193
0.03,true,0.029985263867529765,0.161027
0.03,true,0.029985341780490688,0.164908
0.03,true,0.029985419693451608,0.168837
0.03,true,0.029985497606412528,0.172812
0.03,true,0.02998557551937345,0.176835
0.03,true,0.02998565343233437,0.180905
0.03,true,0.029985692388814832,0.182957
0.03,true,0.02998573134529529,0.185021
0.03,true,0.029985809258256214,0.189183
0.03,true,0.029985887171217133,0.193391
0.03,true,0.029985965084178053,0.197644
0.03,true,0.029986042997138977,0.201944
0.03,true,0.029986120910099896,0.206288
0.03,true,0.029986198823060816,0.210676
0.03,true,0.02998627673602174,0.215109
0.03,true,0.02998635464898266,0.219586
0.03,true,0.02998643256194358,0.224107
0.03,true,0.029986471518424044,0.226384
0.03,true,0.029986510474904502,0.228671
0.03,true,0.029986588387865422,0.233278
0.03,true,0.02998666630082634,0.237927
0.03,true,0.029986744213787265,0.242619
0.03,true,0.029986822126748185,0.247351
0.03,true,0.029986900039709104,0.252125
0.03,true,0.029986977952670028,0.25694
0.03,true,0.029987055865630947,0.261795
0.03,true,0.029987133778591867,0.26669
0.03,true,0.02998721169155279,0.271624
0.03,true,0.029987250648033252,0.274106
0.03,true,0.02998728960451371,0.276597
0.03,true,0.02998736751747463,0.281608
0.03,true,0.029987445430435553,0.286657
0.03,true,0.029987523343396473,0.291743
0.03,true,0.029987601256357393,0.296866
0.03,true,0.029987679169318316,0.302025
0.03,true,0.029987757082279236,0.307219
0.03,true,0.029987834995240156,0.312448
0.03,true,0.02998791290820108,0.317712
0.03,true,0.029987990821162,0.323009
0.03,true,0.02998802977764246,0.32567
0.03,true,0.02998806873412292,0.32834
0.03,true,0.02998814664708384,0.333703
0.03,true,0.02998822456004476,0.339097
0.03,true,0.02998830247300568,0.344523
0.03,true,0.029988380385966604,0.34998
0.03,true,0.029988458298927524,0.355466
0.03,true,0.029988536211888444,0.360982
0.03,true,0.029988614124849367,0.366526
0.03,true,0.029988692037810287,0.372098
0.03,true,0.029988769950771207,0.377697
0.03,true,0.029988808907251672,0.380506
0.03,true,0.02998884786373213,0.383322
0.03,true,0.02998892577669305,0.388973
0.03,true,0.02998900368965397,0.394648
0.03,true,0.029989081602614893,0.400348
0.03,true,0.029989159515575813,0.406071
0.03,true,0.029989237428536732,0.411817
0.03,true,0.029989315341497656,0.417584
0.03,true,0.029989393254458575,0.423372
0.03,true,0.0299894711674195,0.429181
0.03,true,0.02998954908038042,0.435009
0.03,true,0.02998958803686088,0.437929
0.03,true,0.029989626993341338,0.440855
0.03,true,0.02998970490630226,0.446719
0.03,true,0.02998978281926318,0.452599
0.03,true,0.0299898607322241,0.458496
0.03,true,0.029989938645185024,0.464408
0.03,true,0.029990016558145944,0.470334
0.03,true,0.029990094471106864,0.476273
0.03,true,0.029990172384067787,0.482225
0.03,true,0.029990250297028707,0.488189
0.03,true,0.029990328209989627,0.494163
0.03,true,0.029990367166470088,0.497153
0.03,true,0.02999040612295055,0.500146
0.03,true,0.02999048403591147,0.506139
0.03,true,0.02999056194887239,0.51214
0.03,true,0.029990639861833313,0.518147
0.03,true,0.029990717774794232,0.524161
0.03,true,0.029990756731274694,0.52717
0.03,true,0.029990795687755152,0.53018
0.03,true,0.029990873600716075,0.536203
0.03,true,0.029990951513676995,0.542229
0.03,true,0.029991029426637915,0.548257
0.03,true,0.029991107339598838,0.554286
0.03,true,0.0299911462960793,0.557301
0.03,true,0.029991185252559758,0.560316
0.03,true,0.029991263165520678,0.566345
0.03,true,0.0299913410784816,0.572373
0.03,true,0.02999141899144252,0.578397
0.03,true,0.02999149690440344,0.584418
0.03,true,0.029991574817364364,0.590434
0.03,true,0.029991652730325283,0.596445
0.03,true,0.029991730643286203,0.602449
0.03,true,0.029991808556247126,0.608445
0.03,true,0.029991886469208046,0.614432
0.03,true,0.029991925425688508,0.617422
0.03,true,0.029991964382168966,0.62041
0.03,true,0.02999204229512989,0.626376
0.03,true,0.02999212020809081,0.632331
0.03,true,0.02999219812105173,0.638273
0.03,true,0.029992276034012652,0.644201
0.03,true,0.029992353946973572,0.650114
0.03,true,0.02999243185993449,0.656011
0.03,true,0.029992509772895415,0.661891
0.03,true,0.029992587685856335,0.667753
0.03,true,0.029992665598817254,0.673596
0.03,true,0.02999270455529772,0.67651
0.03,true,0.029992743511778178,0.679418
0.03,true,0.029992821424739097,0.68522
0.03,true,0.029992899337700017,0.690999
0.03,true,0.02999297725066094,0.696754
0.03,true,0.02999305516362186,0.702485
0.03,true,0.02999313307658278,0.708191
0.03,true,0.029993210989543703,0.71387
0.03,true,0.029993288902504623,0.719522
0.03,true,0.029993366815465543,0.725145
0.03,true,0.029993444728426466,0.730738
0.03,true,0.029993483684906928,0.733524
0.03,true,0.029993522641387386,0.736301
0.03,true,0.029993600554348306,0.741832
0.03,true,0.02999367846730923,0.74733
0.03,true,0.02999375638027015,0.752794
0.03,true,0.02999383429323107,0.758223
0.03,true,0.02999391220619199,0.763616
0.03,true,0.02999399011915291,0.768973
0.03,true,0.02999406803211383,0.774291
0.03,true,0.029994145945074754,0.77957
0.03,true,0.029994223858035674,0.784809
0.03,true,0.029994262814516136,0.787413
0.03,true,0.029994301770996594,0.790007
0.03,true,0.029994379683957517,0.795163
0.03,true,0.029994457596918437,0.800276
0.03,true,0.029994535509879357,0.805345
0.03,true,0.02999461342284028,0.810368
0.03,true,0.0299946913358012,0.815346
0.03,true,0.029994769248762123,0.820276
0.03,true,0.029994847161723043,0.825158
0.03,true,0.029994925074683963,0.829991
0.03,true,0.029995002987644886,0.834774
0.03,true,0.029995041944125347,0.837146
0.03,true,0.029995080900605806,0.839506
0.03,true,0.029995158813566725,0.844186
0.03,true,0.02999523672652765,0.848812
0.03,true,0.02999531463948857,0.853385
0.03,true,0.029995392552449488,0.857904
0.03,true,0.02999547046541041,0.862366
0.03,true,0.02999554837837133,0.866772
0.03,true,0.02999562629133225,0.87112
0.03,true,0.029995704204293174,0.87541
0.03,true,0.029995782117254094,0.87964
0.03,true,0.029995821073734556,0.881732
0.03,true,0.029995860030215014,0.88381
0.03,true,0.029995937943175937,0.887918
0.03,true,0.029996015856136857,0.891965
0.03,true,0.029996093769097776,0.895949
0.03,true,0.0299961716820587,0.899869
0.03,true,0.02999624959501962,0.903725
0.03,true,0.02999632750798054,0.907515
0.03,true,0.029996405420941463,0.91124
0.03,true,0.029996483333902382,0.914897
0.03,true,0.029996561246863302,0.918486
0.03,true,0.029996600203343767,0.920255
0.03,true,0.029996639159824225,0.922007
0.03,true,0.029996717072785145,0.925459
0.03,true,0.029996794985746065,0.92884
0.03,true,0.029996872898706988,0.932151
0.03,true,0.029996950811667908,0.935391
0.03,true,0.029997028724628828,0.938558
0.03,true,0.02999710663758975,0.941652
0.03,true,0.02999718455055067,0.944673
0.03,true,0.02999726246351159,0.947619
0.03,true,0.029997340376472514,0.950491
0.03,true,0.029997379332952975,0.951899
0.03,true,0.029997418289433433,0.953287
0.03,true,0.029997496202394353,0.956007
0.03,true,0.029997574115355276,0.958651
0.03,true,0.029997652028316196,0.961217
0.03,true,0.029997729941277116,0.963705
0.03,true,0.02999780785423804,0.966114
0.03,true,0.02999788576719896,0.968445
0.03,true,0.02999796368015988,0.970696
0.03,true,0.029998041593120802,0.972867
0.03,true,0.029998119506081722,0.974958
0.03,true,0.029998158462562183,0.975973
0.03,true,0.02999819741904264,0.976967
0.03,true,0.029998275332003565,0.978896
0.03,true,0.029998353244964485,0.980742
0.03,true,0.029998431157925404,0.982506
0.03,true,0.029998509070886328,0.984187
0.03,true,0.02999854802736679,0.984996
0.03,true,0.029998586983847247,0.985785
0.03,true,0.029998664896808167,0.987299
0.03,true,0.02999874280976909,0.98873
0.03,true,0.02999882072273001,0.990077
0.03,true,0.02999889863569093,0.991339
0.03,true,0.029998937592171395,0.991938
0.03,true,0.029998976548651853,0.992516
0.03,true,0.029999054461612773,0.993608
0.03,true,0.029999132374573693,0.994615
0.03,true,0.029999210287534616,0.995536
0.03,true,0.029999288200495536,0.996371
0.03,true,0.029999366113456456,0.997121
0.03,true,0.02999944402641738,0.997784
0.03,true,0.0299995219393783,0.998361
0.03,true,0.02999959985233922,0.998851
0.03,true,0.02999967776530014,0.999254
0.03,true,0.029999716721780603,0.999424
0.03,true,0.02999975567826106,0.999571
0.03,true,0.029999833591221985,0.999801
0.03,true,0.029999911504182904,0.999944
0.03,true,0.029999989417143824,1
0.03,true,0.030000067330104747,0.999969
0.03,true,0.030000145243065667,0.999851
0.03,true,0.030000223156026587,0.999646
0.03,true,0.03000030106898751,0.999354
0.03,true,0.03000037898194843,0.998975
0.03,true,0.03000045689490935,0.998509
0.03,true,0.03000049585138981,0.998243
0.03,true,0.030000534807870273,0.997956
0.03,true,0.030000612720831193,0.997316
0.03,true,0.030000690633792113,0.99659
0.03,true,0.030000768546753036,0.995778
0.03,true,0.030000846459713956,0.994879
0.03,true,0.030000924372674875,0.993894
0.03,true,0.0300010022856358,0.992823
0.03,true,0.03000108019859672,0.991666
0.03,true,0.030001158111557638,0.990424
0.03,true,0.03000123602451856,0.989097
0.03,true,0.030001274980999023,0.988401
0.03,true,0.03000131393747948,0.987684
0.03,true,0.0300013918504404,0.986188
0.03,true,0.030001469763401324,0.984606
0.03,true,0.030001547676362244,0.982941
0.03,true,0.030001625589323164,0.981192
0.03,true,0.030001703502284087,0.97936
0.03,true,0.030001781415245007,0.977445
0.03,true,0.030001859328205926,0.975448
0.03,true,0.03000193724116685,0.973368
0.03,true,0.03000201515412777,0.971207
0.03,true,0.03000205411060823,0.970096
0.03,true,0.03000209306708869,0.968964
0.03,true,0.030002170980049613,0.966641
0.03,true,0.030002248893010532,0.964238
0.03,true,0.030002326805971452,0.961755
0.03,true,0.030002404718932375,0.959193
0.03,true,0.030002482631893295,0.956552
0.03,true,0.030002560544854215,0.953834
0.03,true,0.030002638457815138,0.951038
0.03,true,0.030002716370776058,0.948164
0.03,true,0.030002794283736978,0.945215
0.03,true,0.030002833240217443,0.943712
0.03,true,0.0300028721966979,0.94219
0.03,true,0.03000295010965882,0.93909
0.03,true,0.03000302802261974,0.935916
0.03,true,0.030003105935580664,0.932668
0.03,true,0.030003183848541583,0.929347
0.03,true,0.030003261761502503,0.925954
0.03,true,0.030003339674463426,0.92249
0.03,true,0.030003417587424346,0.918954
0.03,true,0.030003495500385266,0.915349
0.03,true,0.03000357341334619,0.911674
0.03,true,0.03000361236982665,0.909811
0.03,true,0.03000365132630711,0.907931
0.03,true,0.03000372923926803,0.90412
0.03,true,0.030003807152228952,0.900242
0.03,true,0.030003885065189872,0.896299
0.03,true,0.03000396297815079,0.892289
0.03,true,0.030004040891111715,0.888216
0.03,true,0.030004118804072635,0.884079
0.03,true,0.030004196717033554,0.879879
0.03,true,0.030004274629994478,0.875617
0.03,true,0.030004352542955397,0.871295
0.03,true,0.03000439149943586,0.869111
0.03,true,0.030004430455916317,0.866912
0.03,true,0.03000450836887724,0.862471
0.03,true,0.03000458628183816,0.857971
0.03,true,0.03000466419479908,0.853414
0.03,true,0.030004742107760003,0.8488
0.03,true,0.030004820020720923,0.844132
0.03,true,0.030004897933681843,0.839409
0.03,true,0.030004975846642766,0.834632
0.03,true,0.030005053759603686,0.829803
0.03,true,0.03000513167256461,0.824923
0.03,true,0.03000517062904507,0.822463
0.03,true,0.03000520958552553,0.819992
0.03,true,0.03000528749848645,0.815011
0.03,true,0.030005365411447372,0.809983
0.03,true,0.03000544332440829,0.804906
0.03,true,0.03000552123736921,0.799784
0.03,true,0.030005599150330135,0.794616
0.03,true,0.030005677063291054,0.789404
0.03,true,0.030005754976251974,0.784148
0.03,true,0.030005832889212897,0.77885
0.03,true,0.030005910802173817,0.773511
0.03,true,0.03000594975865428,0.770827
0.03,true,0.030005988715134737,0.768132
0.03,true,0.03000606662809566,0.762714
0.03,true,0.03000614454105658,0.757258
0.03,true,0.0300062224540175,0.751765
0.03,true,0.030006300366978423,0.746236
0.03,true,0.030006339323458885,0.743459
0.03,true,0.030006378279939343,0.740673
0.03,true,0.030006456192900263,0.735075
0.03,true,0.030006534105861186,0.729446
0.03,true,0.030006612018822106,0.723784
0.03,true,0.030006689931783025,0.718093
0.03,true,0.03000672888826349,0.715236
0.03,true,0.03000676784474395,0.712372
0.03,true,0.03000684575770487,0.706622
0.03,true,0.030006923670665788,0.700846
0.03,true,0.03000700158362671,0.695044
0.03,true,0.03000707949658763,0.689216
0.03,true,0.03000715740954855,0.683365
0.03,true,0.030007235322509474,0.677492
0.03,true,0.030007313235470394,0.671596
0.03,true,0.030007391148431314,0.66568
0.03,true,0.030007469061392237,0.659745
0.03,true,0.0300075080178727,0.65677
0.03,true,0.030007546974353157,0.653791
0.03,true,0.030007624887314076,0.64782
0.03,true,0.030007702800275,0.641833
0.03,true,0.03000778071323592,0.635831
0.03,true,0.03000785862619684,0.629815
0.03,true,0.030007936539157763,0.623786
0.03,true,0.030008014452118682,0.617745
0.03,true,0.030008092365079602,0.611694
0.03,true,0.030008170278040525,0.605633
0.03,true,0.030008248191001445,0.599563
0.03,true,0.030008287147481907,0.596525
0.03,true,0.030008326103962365,0.593486
0.03,true,0.030008404016923288,0.587402
0.03,true,0.030008481929884208,0.581313
0.03,true,0.030008559842845128,0.57522
0.03,true,0.03000863775580605,0.569123
0.03,true,0.03000871566876697,0.563025
0.03,true,0.03000879358172789,0.556925
0.03,true,0.030008871494688814,0.550824
0.03,true,0.030008949407649733,0.544725
0.03,true,0.030009027320610653,0.538628
0.03,true,0.03000906627709112,0.53558
0.03,true,0.030009105233571576,0.532533
0.03,true,0.030009183146532496,0.526443
0.03,true,0.030009261059493416,0.520357
0.03,true,0.03000933897245434,0.514277
0.03,true,0.03000941688541526,0.508205
0.03,true,0.03000949479837618,0.50214
0.03,true,0.030009572711337102,0.496084
0.03,true,0.030009650624298022,0.490037
0.03,true,0.03000972853725894,0.484002
0.03,true,0.030009806450219865,0.477978
0.03,true,0.030009845406700326,0.474971
0.03,true,0.030009884363180785,0.471967
0.03,true,0.030009962276141704,0.46597
0.03,true,0.030010040189102628,0.459987
0.03,true,0.030010118102063547,0.45402
0.03,true,0.03001019601502447,0.448068
0.03,true,0.03001027392798539,0.442135
0.03,true,0.03001035184094631,0.436219
0.03,true,0.030010429753907233,0.430322
0.03,true,0.030010507666868153,0.424445
0.03,true,0.030010585579829073,0.418589
0.03,true,0.030010624536309535,0.415669
0.03,true,0.030010663492789996,0.412754
0.03,true,0.030010741405750916,0.406942
0.03,true,0.030010819318711836,0.401153
0.03,true,0.03001089723167276,0.395388
0.03,true,0.03001097514463368,0.389648
0.03,true,0.0300110530575946,0.383934
0.03,true,0.030011130970555522,0.378245
0.03,true,0.03001120888351644,0.372585
0.03,true,0.03001128679647736,0.366952
0.03,true,0.030011364709438285,0.361347
0.03,true,0.030011403665918746,0.358556
0.03,true,0.030011442622399204,0.355772
0.03,true,0.030011520535360124,0.350228
0.03,true,0.030011598448321047,0.344714
0.03,true,0.030011676361281967,0.339231
0.03,true,0.030011754274242887,0.333781
0.03,true,0.03001183218720381,0.328364
0.03,true,0.03001191010016473,0.32298
0.03,true,0.03001198801312565,0.317631
0.03,true,0.030012065926086573,0.312316
0.03,true,0.030012143839047493,0.307037
0.03,true,0.030012182795527954,0.304411
0.03,true,0.030012221752008413,0.301794
0.03,true,0.030012299664969336,0.296588
0.03,true,0.030012377577930256,0.291419
0.03,true,0.030012455490891175,0.286287
0.03,true,0.0300125334038521,0.281195
0.03,true,0.03001261131681302,0.276141
0.03,true,0.030012689229773938,0.271126
0.03,true,0.03001276714273486,0.266152
0.03,true,0.03001284505569578,0.261218
0.03,true,0.0300129229686567,0.256326
0.03,true,0.030012961925137166,0.253895
0.03,true,0.030013000881617624,0.251474
0.03,true,0.030013078794578544,0.246665
0.03,true,0.030013156707539464,0.241899
0.03,true,0.030013234620500387,0.237175
0.03,true,0.030013312533461307,0.232494
0.03,true,0.030013390446422226,0.227857
0.03,true,0.03001346835938315,0.223265
0.03,true,0.03001354627234407,0.218716
0.03,true,0.03001362418530499,0.214213
0.03,true,0.030013702098265913,0.209755
0.03,true,0.030013741054746374,0.207543
0.03,true,0.030013780011226832,0.205343
0.03,true,0.030013857924187752,0.200977
0.03,true,0.030013935837148675,0.196656
0.03,true,0.030014013750109595,0.192383
0.03,true,0.030014091663070515,0.188156
0.03,true,0.03001413061955098,0.186061
0.03,true,0.030014169576031438,0.183977
0.03,true,0.030014247488992358,0.179845
0.03,true,0.030014325401953278,0.175761
0.03,true,0.0300144033149142,0.171724
0.03,true,0.03001448122787512,0.167736
0.03,true,0.030014520184355582,0.16576
0.03,true,0.03001455914083604,0.163797
0.03,true,0.030014637053796964,0.159906
0.03,true,0.030014714966757883,0.156063
0.03,true,0.030014792879718803,0.15227
0.03,true,0.030014870792679726,0.148526
0.03,true,0.030014948705640646,0.144831
0.03,true,0.030015026618601566,0.141186
0.03,true,0.03001510453156249,0.13759
0.03,true,0.03001518244452341,0.134044
0.03,true,0.03001526035748433,0.130547
0.03,true,0.030015299313964794,0.128818
0.03,true,0.030015338270445252,0.127101
0.03,true,0.030015416183406172,0.123704
0.03,true,0.030015494096367095,0.120357
0.03,true,0.030015572009328015,0.117061
0.03,true,0.030015649922288935,0.113814
0.03,true,0.030015727835249858,0.110618
0.03,true,0.030015805748210778,0.107472
0.03,true,0.030015883661171697,0.104376
0.03,true,0.03001596157413262,0.10133
0.03,true,0.03001603948709354,0.0983344
0.03,true,0.030016078443574002,0.0968553
0.03,true,0.03001611740005446,0.0953887
0.03,true,0.030016195313015383,0.092493
0.03,true,0.030016273225976303,0.0896473
0.03,true,0.030016351138937223,0.0868515
0.03,true,0.030016429051898146,0.0841055
0.03,true,0.030016506964859066,0.0814092
0.03,true,0.030016584877819986,0.0787626
0.03,true,0.03001666279078091,0.0761654
0.03,true,0.03001674070374183,0.0736177
0.03,true,0.03001681861670275,0.0711191
0.03,true,0.030016857573183214,0.0698883
0.03,true,0.030016896529663672,0.0686697
0.03,true,0.03001697444262459,0.0662692
0.03,true,0.03001705235558551,0.0639174
0.03,true,0.030017130268546435,0.0616143
0.03,true,0.030017208181507354,0.0593595
0.03,true,0.030017286094468274,0.0571529
0.03,true,0.030017364007429197,0.0549942
0.03,true,0.030017441920390117,0.0528834
0.03,true,0.030017519833351037,0.05082
0.03,true,0.03001759774631196,0.048804
0.03,true,0.030017636702792422,0.0478136
0.03,true,0.03001767565927288,0.0468349
0.03,true,0.0300177535722338,0.0449126
0.03,true,0.030017831485194723,0.0430369
0.03,true,0.030017909398155643,0.0412073
0.03,true,0.030017987311116563,0.0394237
0.03,true,0.030018026267597024,0.038549
0.03,true,0.030018065224077486,0.0376857
0.03,true,0.030018143137038406,0.035993
0.03,true,0.030018221049999325,0.0343453
0.03,true,0.03001829896296025,0.0327423
0.03,true,0.03001837687592117,0.0311837
0.03,true,0.03001841583240163,0.0304209
0.03,true,0.030018454788882088,0.0296691
0.03,true,0.03001853270184301,0.0281981
0.03,true,0.03001861061480393,0.0267705
0.03,true,0.03001868852776485,0.0253858
0.03,true,0.030018766440725774,0.0240437
0.03,true,0.030018844353686694,0.0227437
0.03,true,0.030018922266647614,0.0214856
0.03,true,0.030019000179608537,0.0202689
0.03,true,0.030019078092569457,0.0190932
0.03,true,0.030019156005530376,0.0179582
0.03,true,0.03001919496201084,0.0174057
0.03,true,0.0300192339184913,0.0168633
0.03,true,0.03001931183145222,0.0158082
0.03,true,0.03001938974441314,0.0147924
0.03,true,0.030019467657374063,0.0138156
0.03,true,0.030019545570334982,0.0128772
0.03,true,0.030019623483295902,0.0119769
0.03,true,0.030019701396256825,0.0111141
0.03,true,0.030019779309217745,0.0102885
0.03,true,0.030019857222178665,0.0094996
0.03,true,0.030019935135139588,0.00874687
0.03,true,0.03001997409162005,0.00838393
0.03,true,0.030020013048100508,0.00802987
0.03,true,0.030020090961061428,0.00734813
0.03,true,0.03002016887402235,0.00670118
0.03,true,0.03002024678698327,0.00608852
0.03,true,0.03002032469994419,0.00550967
0.03,true,0.030020402612905114,0.00496415
0.03,true,0.030020480525866033,0.00445144
0.03,true,0.030020558438826957,0.00397106
0.03,true,0.030020636351787876,0.0035225
0.03,true,0.030020714264748796,0.00310525
0.03,true,0.030020753221229258,0.00290821
0.03,true,0.03002079217770972,0.00271881
0.03,true,0.03002087009067064,0.00236267
0.03,true,0.03002094800363156,0.0020363
0.03,true,0.030021025916592482,0.0017392
0.03,true,0.030021103829553402,0.00147084
0.03,true,0.030021181742514322,0.0012307
0.03,true,0.030021259655475245,0.00101826
0.03,true,0.030021337568436165,0.000832992
0.03,true,0.030021415481397085,0.000674368
0.03,true,0.030021493394358008,0.00054186
0.03,true,0.03002153235083847,0.000485234
0.03,true,0.030021571307318928,0.000434938
0.03,true,0.030021649220279847,0.000353071
0.03,true,0.03002172713324077,0.000295726
0.03,true,0.03002180504620169,0.00026237
0.03,true,0.03002188295916261,0.000252471
0.03,true,0.030021921915643075,0.000256151
0.03,true,0.030021960872123533,0.000265494
0.03,true,0.030022038785084453,0.000300905
0.03,true,0.030022116698045373,0.00035817
0.03,true,0.030022194611006296,0.000436753
0.03,true,0.030022272523967216,0.000536122
0.03,true,0.030022311480447678,0.000593434
0.03,true,0.030022350436928136,0.000655743
0.03,true,0.03002242834988906,0.000795082
0.03,true,0.03002250626284998,0.000953608
0.03,true,0.0300225841758109,0.00113079
0.03,true,0.030022662088771822,0.00132609
0.03,true,0.03002274000173274,0.001539
0.03,true,0.03002281791469366,0.00176897
0.03,true,0.030022895827654585,0.00201548
0.03,true,0.030022973740615504,0.00227801
0.03,true,0.030023051653576424,0.00255603
0.03,true,0.03002309061005689,0.0027007
0.03,true,0.030023129566537347,0.00284904
0.03,true,0.030023207479498267,0.00315649
0.03,true,0.030023285392459187,0.00347789
0.03,true,0.03002336330542011,0.00381272
0.03,true,0.03002344121838103,0.00416046
0.03,true,0.03002351913134195,0.00452061
0.03,true,0.030023597044302873,0.00489267
0.03,true,0.030023674957263793,0.00527612
0.03,true,0.030023752870224713,0.00567048
0.03,true,0.030023830783185636,0.00607525
0.03,true,0.030023869739666097,0.00628139
0.03,true,0.030023908696146556,0.00648994
0.03,true,0.030023986609107475,0.00691405
0.03,true,0.0300240645220684,0.0073471
0.03,true,0.03002414243502932,0.00778862
0.03,true,0.030024220347990238,0.00823812
0.03,true,0.03002429826095116,0.00869513
0.03,true,0.03002437617391208,0.00915919
0.03,true,0.030024454086873,0.00962983
0.03,true,0.030024531999833924,0.0101066
0.03,true,0.030024609912794844,0.010589
0.03,true,0.030024648869275306,0.0108322
0.03,true,0.030024687825755764,0.0110767
0.03,true,0.030024765738716687,0.0115691
0.03,true,0.030024843651677607,0.0120658
0.03,true,0.030024921564638526,0.0125665
0.03,true,0.03002499947759945,0.0130706
0.03,true,0.03002507739056037,0.0135777
0.03,true,0.03002515530352129,0.0140875
0.03,true,0.030025233216482212,0.0145995
0.03,true,0.030025311129443132,0.0151132
0.03,true,0.030025389042404052,0.0156284
0.03,true,0.030025427998884517,0.0158864
0.03,true,0.030025466955364975,0.0161446
0.03,true,0.030025544868325895,0.0166614
0.03,true,0.030025622781286815,0.0171784
0.03,true,0.030025700694247738,0.0176952
0.03,true,0.030025778607208658,0.0182115
0.03,true,0.03002585652016958,0.0187269
0.03,true,0.0300259344331305,0.0192411
0.03,true,0.03002601234609142,0.0197536
0.03,true,0.030026090259052344,0.0202642
0.03,true,0.030026168172013264,0.0207725
0.03,true,0.030026207128493725,0.0210256
0.03,true,0.030026246084974183,0.0212781
0.03,true,0.030026323997935107,0.0217808
0.03,true,0.030026401910896026,0.0222801
0.03,true,0.030026479823856946,0.0227759
0.03,true,0.03002655773681787,0.0232677
0.03,true,0.03002663564977879,0.0237554
0.03,true,0.03002671356273971,0.0242385
0.03,true,0.030026791475700632,0.0247168
0.03,true,0.030026869388661552,0.02519
0.03,true,0.030026947301622472,0.0256578
0.03,true,0.030026986258102937,0.0258897
0.03,true,0.030027025214583395,0.02612
0.03,true,0.030027103127544315,0.0265764
0.03,true,0.030027181040505235,0.0270265
0.03,true,0.030027258953466158,0.0274703
0.03,true,0.030027336866427078,0.0279074
0.03,true,0.030027414779387997,0.0283377
0.03,true,0.03002749269234892,0.0287609
0.03,true,0.03002757060530984,0.0291767
0.03,true,0.03002764851827076,0.029585
0.03,true,0.030027726431231683,0.0299856
0.03,true,0.030027765387712145,0.0301829
0.03,true,0.030027804344192603,0.0303782
0.03,true,0.030027882257153523,0.0307627
0.03,true,0.030027960170114446,0.0311389
0.03,true,0.030028038083075366,0.0315066
0.03,true,0.030028115996036286,0.0318657
0.03,true,0.03002819390899721,0.0322159
0.03,true,0.03002827182195813,0.0325571
0.03,true,0.03002834973491905,0.0328892
0.03,true,0.030028427647879972,0.033212
0.03,true,0.03002850556084089,0.0335254
0.03,true,0.030028544517321353,0.0336785
0.03,true,0.03002858347380181,0.0338292
0.03,true,0.030028661386762735,0.0341234
0.03,true,0.030028739299723654,0.0344078
0.03,true,0.030028817212684574,0.0346824
0.03,true,0.030028895125645497,0.0349469
0.03,true,0.030028973038606417,0.0352013
0.03,true,0.030029050951567337,0.0354456
0.03,true,0.03002912886452826,0.0356796
0.03,true,0.03002920677748918,0.0359033
0.03,true,0.0300292846904501,0.0361165
0.03,true,0.030029323646930565,0.0362193
0.03,true,0.030029362603411023,0.0363194
0.03,true,0.030029440516371943,0.0365116
0.03,true,0.030029518429332863,0.0366934
0.03,true,0.030029596342293786,0.0368645
0.03,true,0.030029674255254706,0.0370249
0.03,true,0.030029713211735167,0.0371012
0.03,true,0.030029752168215625,0.0371747
0.03,true,0.03002983008117655,0.0373138
0.03,true,0.03002990799413747,0.0374422
0.03,true,0.030029985907098388,0.0375598
0.03,true,0.03003006382005931,0.0376667
0.03,true,0.030030102776539773,0.0377161
0.03,true,0.03003014173302023,0.0377628
0.03,true,0.03003021964598115,0.0378482
0.03,true,0.030030297558942074,0.0379229
0.03,true,0.030030375471902994,0.0379869
0.03,true,0.030030453384863914,0.0380402
0.03,true,0.030030531297824837,0.0380828
0.03,true,0.030030609210785757,0.0381148
0.03,true,0.030030687123746676,0.0381363
0.03,true,0.0300307650367076,0.0381472
0.03,true,0.03003084294966852,0.0381476
0.03,true,0.03003088190614898,0.0381439
0.03,true,0.030030920862629443,0.0381376
0.03,true,0.030030998775590362,0.0381172
0.03,true,0.030031076688551282,0.0380865
0.03,true,0.030031154601512206,0.0380456
0.03,true,0.030031232514473125,0.0379945
0.03,true,0.030031310427434045,0.0379333
0.03,true,0.03003138834039497,0.0378621
0.03,true,0.030031466253355888,0.0377811
0.03,true,0.030031544166316808,0.0376902
0.03,true,0.03003162207927773,0.0375896
0.03,true,0.030031661035758193,0.0375357
0.03,true,0.03003169999223865,0.0374793
0.03,true,0.03003177790519957,0.0373596
0.03,true,0.030031855818160494,0.0372305
0.03,true,0.030031933731121414,0.0370921
0.03,true,0.030032011644082333,0.0369445
0.03,true,0.030032089557043257,0.0367879
0.03,true,0.030032167470004176,0.0366223
0.03,true,0.030032245382965096,0.036448
0.03,true,0.03003232329592602,0.036265
0.03,true,0.03003240120888694,0.0360735
0.03,true,0.0300324401653674,0.0359746
0.03,true,0.03003247912184786,0.0358736
0.03,true,0.030032557034808782,0.0356655
0.03,true,0.030032634947769702,0.0354492
0.03,true,0.030032712860730622,0.0352251
0.03,true,0.030032790773691545,0.0349931
0.03,true,0.030032868686652465,0.0347535
0.03,true,0.030032946599613385,0.0345065
0.03,true,0.030033024512574308,0.0342521
0.03,true,0.030033102425535228,0.0339905
0.03,true,0.030033180338496147,0.033722
0.03,true,0.030033219294976612,0.0335852
0.03,true,0.03003325825145707,0.0334466
0.03,true,0.03003333616441799,0.0331646
0.03,true,0.03003341407737891,0.0328761
0.03,true,0.030033491990339833,0.0325813
0.03,true,0.030033569903300753,0.0322804
0.03,true,0.030033647816261673,0.0319735
0.03,true,0.030033725729222596,0.0316608
0.03,true,0.030033803642183516,0.0313425
0.03,true,0.030033881555144436,0.0310189
0.03,true,0.03003395946810536,0.0306899
0.03,true,0.03003399842458582,0.0305236
0.03,true,0.03003403738106628,0.030356
0.03,true,0.0300341152940272,0.0300172
0.03,true,0.030034193206988122,0.0296737
0.03,true,0.03003427111994904,0.0293257
0.03,true,0.03003434903290996,0.0289734
0.03,true,0.030034426945870885,0.028617
0.03,true,0.030034504858831804,0.0282567
0.03,true,0.030034582771792724,0.0278927
0.03,true,0.030034660684753647,0.0275251
0.03,true,0.030034738597714567,0.0271542
0.03,true,0.03003477755419503,0.0269676
0.03,true,0.030034816510675487,0.0267802
0.03,true,0.03003489442363641,0.0264032
0.03,true,0.03003497233659733,0.0260234
0.03,true,0.03003505024955825,0.025641
0.03,true,0.030035128162519173,0.0252563
0.03,true,0.030035206075480093,0.0248694
0.03,true,0.030035283988441012,0.0244805
0.03,true,0.030035361901401936,0.0240898
0.03,true,0.030035439814362856,0.0236975
0.03,true,0.030035517727323775,0.0233038
0.03,true,0.03003555668380424,0.0231065
0.03,true,0.0300355956402847,0.0229089
0.03,true,0.03003567355324562,0.0225129
0.03,true,0.030035751466206538,0.0221161
0.03,true,0.03003582937916746,0.0217186
0.03,true,0.03003590729212838,0.0213206
0.03,true,0.0300359852050893,0.0209224
0.03,true,0.030036063118050224,0.020524
0.03,true,0.030036141031011144,0.0201258
0.03,true,0.030036218943972067,0.0197278
0.03,true,0.030036296856932987,0.0193303
0.03,true,0.03003633581341345,0.0191317
0.03,true,0.030036374769893907,0.0189334
0.03,true,0.03003645268285483,0.0185373
0.03,true,0.03003653059581575,0.0181422
0.03,true,0.03003660850877667,0.0177482
0.03,true,0.030036686421737593,0.0173556
0.03,true,0.030036764334698512,0.0169645
0.03,true,0.030036842247659432,0.0165751
0.03,true,0.030036920160620355,0.0161876
0.03,true,0.030036998073581275,0.015802
0.03,true,0.030037075986542195,0.0154186
0.03,true,0.03003711494302266,0.0152278
0.03,true,0.03003715389950312,0.0150376
0.03,true,0.030037231812464038,0.0146591
0.03,true,0.030037309725424958,0.0142832
0.03,true,0.03003738763838588,0.0139102
0.03,true,0.0300374655513468,0.0135401
0.03,true,0.030037504507827262,0.0133563
0.03,true,0.03003754346430772,0.0131732
0.03,true,0.030037621377268644,0.0128095
0.03,true,0.030037699290229564,0.0124493
0.03,true,0.030037777203190483,0.0120926
0.03,true,0.030037855116151407,0.0117396
0.03,true,0.03003789407263187,0.0115645
0.03,true,0.030037933029112326,0.0113904
0.03,true,0.030038010942073246,0.0110453
0.03,true,0.03003808885503417,0.0107042
0.03,true,0.03003816676799509,0.0103674
0.03,true,0.03003824468095601,0.010035
0.03,true,0.030038322593916932,0.00970704
0.03,true,0.030038400506877852,0.00938371
0.03,true,0.030038478419838772,0.00906511
0.03,true,0.030038556332799695,0.00875137
0.03,true,0.030038634245760615,0.00844259
0.03,true,0.030038673202241076,0.0082901
0.03,true,0.030039452331850288,0.00552591
0.03,true,0.030040231461459496,0.00336258
0.03,true,0.030041010591068708,0.0018576
0.03,true,0.030041789720677916,0.00103464
0.03,true,0.030042568850287124,0.00088423
0.03,true,0.030043347979896336,0.00136604
0.03,true,0.030044127109505544,0.00241231
0.03,true,0.030044906239114752,0.00393244
0.03,true,0.030045295803919358,0.00483695
0.03,true,0.030045685368723964,0.00581836
0.03,true,0.030046464498333172,0.0079505
0.03,true,0.030047243627942383,0.010204
0.03,true,0.03004802275755159,0.0124547
0.03,true,0.0300488018871608,0.0145853
0.03,true,0.03004958101677001,0.0164902
0.03,true,0.03005036014637922,0.0180802
0.03,true,0.03005113927598843,0.0192855
0.03,true,0.03005191840559764,0.0200583
0.03,true,0.030052697535206847,0.0203735
0.03,true,0.030053087100011453,0.0203578
0.03,true,0.03005347666481606,0.0202285
0.03,true,0.030054255794425267,0.0196425
0.03,true,0.030055034924034475,0.0186538
0.03,true,0.030055814053643687,0.0173171
0.03,true,0.030056593183252895,0.0156997
0.03,true,0.030057372312862107,0.0138782
0.03,true,0.030058151442471315,0.0119336
0.03,true,0.030058930572080523,0.00994794
0.03,true,0.030059709701689735,0.00800022
0.03,true,0.030060488831298943,0.00616282
0.03,true,0.03006087839610355,0.00530561
0.03,true,0.030061267960908154,0.0044987
0.03,true,0.030062047090517362,0.00305893
0.03,true,0.03006282622012657,0.00188112
0.03,true,0.030063605349735782,0.000988392
0.03,true,0.03006438447934499,0.000389262
0.03,true,0.0300651636089542,7.80971e-05
0.03,true,0.03006594273856341,3.62947e-05
0.03,true,0.030066721868172618,0.000233984
0.03,true,0.03006750099778183,0.00063217
0.03,true,0.030068280127391038,0.00118519
0.03,true,0.030068669692195644,0.00150431
0.03,true,0.030069059257000246,0.00184332
0.03,true,0.030069838386609458,0.00255546
0.03,true,0.030070617516218666,0.00327169
0.03,true,0.030071396645827878,0.00394564
0.03,true,0.030072175775437086,0.00453657
0.03,true,0.030072954905046294,0.00501102
0.03,true,0.030073734034655505,0.00534414
0.03,true,0.030074513164264714,0.00552035
0.03,true,0.03007529229387392,0.00553372
0.03,true,0.030076071423483133,0.00538768
0.03,true,0.030076460988287736,0.00525837
0.03,true,0.03007685055309234,0.0050944
0.03,true,0.030077629682701553,0.00467371
0.03,true,0.03007840881231076,0.00415168
0.03,true,0.03007918794191997,0.00355896
0.03,true,0.03007996707152918,0.00292899
0.03,true,0.03008074620113839,0.00229602
0.03,true,0.0300815253307476,0.0016933
0.03,true,0.03008230446035681,0.00115133
0.03,true,0.030083083589966017,0.000696274
0.03,true,0.03008386271957523,0.000348692
0.03,true,0.03008425228437983,0.000219866
0.03,true,0.030084641849184437,0.00012263
0.03,true,0.030085420978793645,2.50447e-05
0.03,true,0.030086200108402857,5.56492e-05
0.03,true,0.030086979238012065,0.000207153
0.03,true,0.030087758367621276,0.000465877
0.03,true,0.030088537497230484,0.000812701
0.03,true,0.030089316626839693,0.00122427
0.03,true,0.030090095756448904,0.0016744
0.03,true,0.030090874886058112,0.00213558
0.03,true,0.030091654015667324,0.00258051
0.03,true,0.030092043580471926,0.00278877
0.1,fit,0.0999206242217812,0.0100164
0.1,fit,0.09992078491716103,0.00977609
0.1,fit,0.0999209456127993,0.00952704
0.1,fit,0.099921106308696,0.00926982
0.1,fit,0.0999212670048511,0.00900502
0.1,fit,0.09992142770126468,0.00873326
0.1,fit,0.09992158839793669,0.00845517
0.1,fit,0.09992174909486715,0.00817141
0.1,fit,0.09992190979205604,0.00788266
0.1,fit,0.09992207048950337,0.0075896
0.1,fit,0.09992223118720914,0.00729294
0.1,fit,0.09992239188517335,0.00699339
0.1,fit,0.09992255258339594,0.00669169
0.1,fit,0.09992271328187703,0.00638856
0.1,fit,0.09992287398061656,0.00608475
0.1,fit,0.09992303467961453,0.00578101
0.1,fit,0.09992319537887093,0.0054781
0.1,fit,0.09992335607838579,0.00517676
0.1,fit,0.09992351677815907,0.00487776
0.1,fit,0.09992367747819075,0.00458184
0.1,fit,0.09992383817848094,0.00428975
0.1,fit,0.09992399887902956,0.00400224
0.1,fit,0.09992415957983662,0.00372003
0.1,fit,0.09992432028090213,0.00344386
0.1,fit,0.09992448098222607,0.00317443
0.1,fit,0.09992464168380848,0.00291245
0.1,fit,0.09992480238564931,0.00265859
0.1,fit,0.09992496308774855,0.00241354
0.1,fit,0.09992512379010629,0.00217792
0.1,fit,0.09992528449272246,0.00195236
0.1,fit,0.0999254451955971,0.00173748
0.1,fit,0.09992560589873016,0.00153385
0.1,fit,0.09992576660212169,0.00134203
0.1,fit,0.09992592730577166,0.00116253
0.1,fit,0.09992608800968007,0.000995861
0.1,fit,0.0999262487138469,0.000842482
0.1,fit,0.0999264094182722,0.000702829
0.1,fit,0.09992657012295597,0.000577302
0.1,fit,0.09992673082789819,0.000466269
0.1,fit,0.09992689153309885,0.00037006
0.1,fit,0.09992705223855797,0.000288967
0.1,fit,0.09992721294427553,0.000223249
0.1,fit,0.0999273736502515,0.000173121
0.1,fit,0.09992753435648598,0.000138764
0.1,fit,0.09992769506297891,0.000120314
0.1,fit,0.09992785576973029,0.000117868
0.1,fit,0.09992801647674011,0.000131484
0.1,fit,0.0999281771840084,0.000161176
0.1,fit,0.09992833789153514,0.000206916
0.1,fit,0.09992849859932033,0.000268635
0.1,fit,0.09992865930736394,0.000346224
0.1,fit,0.09992882001566604,0.000439527
0.1,fit,0.09992898072422661,0.00054835
0.1,fit,0.09992914143304563,0.000672457
0.1,fit,0.0999293021421231,0.00081157
0.1,fit,0.09992946285145902,0.000965372
0.1,fit,0.09992962356105342,0.0011335
0.1,fit,0.09992978427090622,0.00131557
0.1,fit,0.09992994498101752,0.00151113
0.1,fit,0.09993010569138729,0.00171972
0.1,fit,0.09993026640201551,0.00194083
0.1,fit,0.09993042711290219,0.00217391
0.1,fit,0.09993058782404735,0.00241838
0.1,fit,0.09993074853545095,0.00267364
0.1,fit,0.09993090924711301,0.00293904
0.1,fit,0.09993106995903349,0.00321392
0.1,fit,0.09993123067121247,0.00349758
0.1,fit,0.09993139138364993,0.00378929
0.1,fit,0.09993155209634584,0.00408831
0.1,fit,0.09993171280930022,0.00439386
0.1,fit,0.09993187352251305,0.00470517
0.1,fit,0.09993203423598436,0.00502141
0.1,fit,0.09993219494971413,0.00534177
0.1,fit,0.09993235566370232,0.00566542
0.1,fit,0.099932516377949,0.00599149
0.1,fit,0.09993267709245418,0.00631914
0.1,fit,0.0999328378072178,0.0066475
0.1,fit,0.0999329985222399,0.00697571
0.1,fit,0.09993315923752047,0.00730288
0.1,fit,0.0999333199530595,0.00762815
0.1,fit,0.09993348066885693,0.00795066
0.1,fit,0.09993364138491291,0.00826953
0.1,fit,0.09993380210122733,0.00858391
0.1,fit,0.09993396281780025,0.00889295
0.1,fit,0.09993412353463162,0.00919582
0.1,fit,0.09993428425172146,0.00949169
0.1,fit,0.09993444496906977,0.00977977
0.1,fit,0.09993460568667654,0.0100593
0.1,fit,0.09993476640454176,0.0103294
0.1,fit,0.09993492712266548,0.0105895
0.1,fit,0.09993508784104767,0.0108387
0.1,fit,0.09993524855968834,0.0110765
0.1,fit,0.09993540927858749,0.0113021
0.1,fit,0.0999355699977451,0.0115149
0.1,fit,0.09993573071716118,0.0117143
0.1,fit,0.09993589143683569,0.0118998
0.1,fit,0.09993605215676873,0.0120709
0.1,fit,0.09993621287696024,0.0122269
0.1,fit,0.09993637359741023,0.0123676
0.1,fit,0.09993653431811869,0.0124925
0.1,fit,0.09993669503908563,0.0126012
0.1,fit,0.09993685576031104,0.0126934
0.1,fit,0.09993701648179493,0.0127689
0.1,fit,0.09993717720353724,0.0128273
0.1,fit,0.09993733792553809,0.0128685
0.1,fit,0.09993749864779741,0.0128925
0.1,fit,0.09993765937031521,0.012899
0.1,fit,0.09993782009309149,0.012888
0.1,fit,0.09993798081612626,0.0128595
0.1,fit,0.09993814153941949,0.0128137
0.1,fit,0.09993830226297121,0.0127505
0.1,fit,0.09993846298678136,0.0126701
0.1,fit,0.09993862371085004,0.0125727
0.1,fit,0.0999387844351772,0.0124586
0.1,fit,0.09993894515976284,0.0123281
0.1,fit,0.09993910588460697,0.0121814
0.1,fit,0.09993926660970957,0.0120189
0.1,fit,0.09993942733507068,0.0118412
0.1,fit,0.0999395880606902,0.0116485
0.1,fit,0.09993974878656825,0.0114415
0.1,fit,0.09993990951270479,0.0112207
0.1,fit,0.09994007023909982,0.0109867
0.1,fit,0.09994023096575333,0.01074
0.1,fit,0.09994039169266533,0.0104815
0.1,fit,0.09994055241983582,0.0102117
0.1,fit,0.09994071314726478,0.00993133
0.1,fit,0.0999408738749522,0.00964126
0.1,fit,0.09994103460289813,0.00934222
0.1,fit,0.09994119533110257,0.00903504
0.1,fit,0.09994135605956549,0.00872056
0.1,fit,0.09994151678828689,0.00839963
0.1,fit,0.09994167751726679,0.00807315
0.1,fit,0.09994183824650518,0.007742
0.1,fit,0.099941998976002,0.00740712
0.1,fit,0.09994215970575737,0.00706943
0.1,fit,0.09994232043577123,0.00672987
0.1,fit,0.09994248116604357,0.00638937
0.1,fit,0.09994264189657441,0.00604891
0.1,fit,0.09994280262736374,0.00570942
0.1,fit,0.09994296335841156,0.00537186
0.1,fit,0.09994312408971788,0.00503718
0.1,fit,0.09994328482128263,0.00470632
0.1,fit,0.09994344555310593,0.00438022
0.1,fit,0.09994360628518772,0.00405979
0.1,fit,0.09994376701752801,0.00374595
0.1,fit,0.0999439277501268,0.00343959
0.1,fit,0.09994408848298408,0.00314158
0.1,fit,0.09994424921609986,0.00285277
0.1,fit,0.09994440994947412,0.00257398
0.1,fit,0.09994457068310683,0.00230601
0.1,fit,0.0999447314169981,0.00204963
0.1,fit,0.09994489215114787,0.00180557
0.1,fit,0.09994505288555612,0.00157453
0.1,fit,0.09994521362022288,0.00135718
0.1,fit,0.09994537435514812,0.00115415
0.1,fit,0.09994553509033188,0.000966011
0.1,fit,0.09994569582577409,0.000793312
0.1,fit,0.09994585656147484,0.000636552
0.1,fit,0.09994601729743409,0.000496179
0.1,fit,0.09994617803365184,0.000372598
0.1,fit,0.0999463387701281,0.000266164
0.1,fit,0.09994649950686284,0.00017718
0.1,fit,0.0999466602438561,0.000105899
0.1,fit,0.09994682098110785,5.25196e-05
0.1,fit,0.09994698171861807,1.71893e-05
0.1,fit,0.09994714245638683,0
0.1,fit,0.0999473031944141,9.89139e-07
0.1,fit,0.09994746393269986,2.01392e-05
0.1,fit,0.09994762467124414,5.73773e-05
0.1,fit,0.09994778541004692,0.000112575
0.1,fit,0.09994794614910821,0.00018555
0.1,fit,0.09994810688842795,0.000276062
0.1,fit,0.09994826762800624,0.00038382
0.1,fit,0.09994842836784304,0.000508476
0.1,fit,0.09994858910793836,0.000649631
0.1,fit,0.09994874984829216,0.000806833
0.1,fit,0.0999489105889045,0.000979577
0.1,fit,0.09994907132977532,0.00116731
0.1,fit,0.09994923207090466,0.00136944
0.1,fit,0.09994939281229245,0.0015853
0.1,fit,0.09994955355393882,0.00181422
0.1,fit,0.09994971429584368,0.00205545
0.1,fit,0.09994987503800706,0.00230821
0.1,fit,0.09995003578042895,0.00257169
0.1,fit,0.09995019652310935,0.00284504
0.1,fit,0.09995035726604826,0.00312737
0.1,fit,0.09995051800924568,0.00341776
0.1,fit,0.09995067875270155,0.00371527
0.1,fit,0.099950839496416,0.00401892
0.1,fit,0.09995100024038897,0.00432771
0.1,fit,0.09995116098462044,0.00464064
0.1,fit,0.09995132172911042,0.00495666
0.1,fit,0.09995148247385892,0.00527473
0.1,fit,0.09995164321886593,0.00559379
0.1,fit,0.09995180396413142,0.00591278
0.1,fit,0.09995196470965546,0.00623063
0.1,fit,0.09995212545543802,0.00654626
0.1,fit,0.0999522862014791,0.00685862
0.1,fit,0.09995244694777869,0.00716663
0.1,fit,0.09995260769433681,0.00746926
0.1,fit,0.09995276844115343,0.00776546
0.1,fit,0.09995292918822858,0.00805421
0.1,fit,0.09995308993556219,0.00833452
0.1,fit,0.09995325068315437,0.0086054
0.1,fit,0.09995341143100507,0.0088659
0.1,fit,0.0999535721791143,0.00911511
0.1,fit,0.09995373292748204,0.00935214
0.1,fit,0.09995389367610831,0.00957614
0.1,fit,0.09995405442499308,0.0097863
0.1,fit,0.09995421517413634,0.00998186
0.1,fit,0.09995437592353816,0.0101621
0.1,fit,0.09995453667319852,0.0103263
0.1,fit,0.09995469742311738,0.0104739
0.1,fit,0.09995485817329477,0.0106043
0.1,fit,0.0999550189237307,0.0107171
0.1,fit,0.09995517967442513,0.0108116
0.1,fit,0.0999553404253781,0.0108877
0.1,fit,0.09995550117658954,0.0109449
0.1,fit,0.09995566192805955,0.0109829
0.1,fit,0.09995582267978809,0.0110016
0.1,fit,0.09995598343177516,0.0110009
0.1,fit,0.09995614418402075,0.0109806
0.1,fit,0.09995630493652487,0.0109409
0.1,fit,0.09995646568928751,0.0108817
0.1,fit,0.09995662644230868,0.0108033
0.1,fit,0.09995678719558834,0.0107058
0.1,fit,0.09995694794912656,0.0105896
0.1,fit,0.09995710870292332,0.010455
0.1,fit,0.09995726945697861,0.0103025
0.1,fit,0.09995743021129243,0.0101326
0.1,fit,0.09995759096586478,0.00994592
0.1,fit,0.09995775172069565,0.00974305
0.1,fit,0.099957912475785,0.00952475
0.1,fit,0.09995807323113294,0.00929181
0.1,fit,0.09995823398673942,0.00904512
0.1,fit,0.09995839474260441,0.00878559
0.1,fit,0.09995855549872795,0.00851422
0.1,fit,0.09995871625511002,0.00823207
0.1,fit,0.09995887701175062,0.00794024
0.1,fit,0.09995903776864976,0.00763992
0.1,fit,0.09995919852580737,0.00733232
0.1,fit,0.09995935928322358,0.00701873
0.1,fit,0.09995952004089832,0.00670046
0.1,fit,0.0999596807988316,0.00637888
0.1,fit,0.0999598415570234,0.00605541
0.1,fit,0.09996000231547375,0.00573148
0.1,fit,0.09996016307418262,0.00540858
0.1,fit,0.09996032383315,0.00508821
0.1,fit,0.09996048459237596,0.00477191
0.1,fit,0.09996064535186044,0.00446123
0.1,fit,0.09996080611160348,0.00415775
0.1,fit,0.09996096687160505,0.00386305
0.1,fit,0.09996112763186517,0.00357871
0.1,fit,0.09996128839238382,0.00330634
0.1,fit,0.099961449153161,0.00304753
0.1,fit,0.09996160991419668,0.00280386
0.1,fit,0.09996177067549096,0.0025769
0.1,fit,0.09996193143704377,0.00236822
0.1,fit,0.09996209219885513,0.00217934
0.1,fit,0.09996225296092502,0.00201179
0.1,fit,0.09996241372325346,0.00186703
0.1,fit,0.09996257448584044,0.0017465
0.1,fit,0.09996273524868596,0.00165161
0.1,fit,0.09996289601178998,0.00158372
0.1,fit,0.09996305677515259,0.00154411
0.1,fit,0.09996321753877375,0.00153405
0.1,fit,0.09996337830265345,0.00155471
0.1,fit,0.0999635390667917,0.00160722
0.1,fit,0.0999636998311885,0.00169262
0.1,fit,0.09996386059584383,0.0018119
0.1,fit,0.09996402136075767,0.00196596
0.1,fit,0.0999641821259301,0.0021556
0.1,fit,0.09996434289136108,0.00238156
0.1,fit,0.0999645036570506,0.00264449
0.1,fit,0.09996466442299869,0.00294492
0.1,fit,0.09996482518920531,0.0032833
0.1,fit,0.09996498595567048,0.00365999
0.1,fit,0.0999651467223942,0.00407523
0.1,fit,0.09996530748937643,0.00452917
0.1,fit,0.09996546825661726,0.00502182
0.1,fit,0.09996562902411663,0.00555313
0.1,fit,0.09996578979187455,0.00612289
0.1,fit,0.09996595055989103,0.0067308
0.1,fit,0.09996611132816606,0.00737645
0.1,fit,0.09996627209669964,0.0080593
0.1,fit,0.09996643286549173,0.00877869
0.1,fit,0.09996659363454242,0.00953387
0.1,fit,0.09996675440385167,0.0103239
0.1,fit,0.09996691517341946,0.0111479
0.1,fit,0.0999670759432458,0.0120046
0.1,fit,0.09996723671333071,0.0128929
0.1,fit,0.09996739748367417,0.0138113
0.1,fit,0.0999675582542762,0.0147585
0.1,fit,0.09996771902513671,0.0157328
0.1,fit,0.09996787979625583,0.0167325
0.1,fit,0.09996804056763353,0.017756
0.1,fit,0.09996820133926977,0.0188012
0.1,fit,0.09996836211116457,0.0198662
0.1,fit,0.09996852288331792,0.0209489
0.1,fit,0.09996868365572985,0.0220471
0.1,fit,0.09996884442840033,0.0231585
0.1,fit,0.09996900520132931,0.0242809
0.1,fit,0.09996916597451691,0.0254117
0.1,fit,0.09996932674796306,0.0265484
0.1,fit,0.09996948752166779,0.0276886
0.1,fit,0.09996964829563106,0.0288295
0.1,fit,0.09996980906985291,0.0299684
0.1,fit,0.0999699698443333,0.0311026
0.1,fit,0.09997013061907221,0.0322294
0.1,fit,0.09997029139406974,0.0333458
0.1,fit,0.09997045216932583,0.0344491
0.1,fit,0.09997061294484048,0.0355364
0.1,fit,0.0999707737206137,0.0366047
0.1,fit,0.09997093449664549,0.0376512
0.1,fit,0.09997109527293584,0.0386731
0.1,fit,0.09997125604948476,0.0396673
0.1,fit,0.09997141682629218,0.0406311
0.1,fit,0.09997157760335823,0.0415617
0.1,fit,0.09997173838068284,0.0424561
0.1,fit,0.09997189915826601,0.0433116
0.1,fit,0.09997205993610776,0.0441257
0.1,fit,0.09997222071420808,0.0448954
0.1,fit,0.09997238149256696,0.0456184
0.1,fit,0.09997254227118436,0.0462921
0.1,fit,0.09997270305006038,0.0469141
0.1,fit,0.09997286382919497,0.0474821
0.1,fit,0.09997302460858813,0.0479939
0.1,fit,0.09997318538823985,0.0484473
0.1,fit,0.09997334616815015,0.0488403
0.1,fit,0.09997350694831902,0.0491713
0.1,fit,0.09997366772874647,0.0494383
0.1,fit,0.09997382850943243,0.0496399
0.1,fit,0.09997398929037701,0.0497747
0.1,fit,0.09997415007158018,0.0498413
0.1,fit,0.09997431085304191,0.0498388
0.1,fit,0.09997447163476222,0.0497663
0.1,fit,0.0999746324167411,0.0496229
0.1,fit,0.09997479319897855,0.0494083
0.1,fit,0.09997495398147459,0.049122
0.1,fit,0.09997511476422914,0.048764
0.1,fit,0.09997527554724232,0.0483344
0.1,fit,0.09997543633051408,0.0478334
0.1,fit,0.09997559711404441,0.0472616
0.1,fit,0.09997575789783332,0.0466198
0.1,fit,0.09997591868188081,0.0459088
0.1,fit,0.09997607946618688,0.0451301
0.1,fit,0.09997624025075147,0.0442849
0.1,fit,0.09997640103557469,0.043375
0.1,fit,0.09997656182065649,0.0424024
0.1,fit,0.09997672260599687,0.0413692
0.1,fit,0.09997688339159584,0.0402778
0.1,fit,0.09997704417745337,0.039131
0.1,fit,0.0999772049635695,0.0379317
0.1,fit,0.0999773657499442,0.036683
0.1,fit,0.09997752653657743,0.0353884
0.1,fit,0.0999776873234693,0.0340515
0.1,fit,0.09997784811061976,0.0326764
0.1,fit,0.09997800889802878,0.031267
0.1,fit,0.0999781696856964,0.0298279
0.1,fit,0.09997833047362259,0.0283636
0.1,fit,0.09997849126180738,0.0268791
0.1,fit,0.0999786520502507,0.0253793
0.1,fit,0.09997881283895264,0.0238698
0.1,fit,0.09997897362791318,0.0223559
0.1,fit,0.09997913441713231,0.0208435
0.1,fit,0.09997929520661002,0.0193384
0.1,fit,0.0999794559963463,0.0178469
0.1,fit,0.0999796167863412,0.0163752
0.1,fit,0.09997977757659467,0.01493
0.1,fit,0.09997993836710667,0.0135177
0.1,fit,0.09998009915787731,0.0121454
0.1,fit,0.09998025994890655,0.01082
0.1,fit,0.09998042074019436,0.00954855
0.1,fit,0.09998058153174079,0.00833842
0.1,fit,0.09998074232354578,0.00719695
0.1,fit,0.09998090311560938,0.00613162
0.1,fit,0.09998106390793156,0.00514999
0.1,fit,0.09998122470051228,0.00425972
0.1,fit,0.09998138549335166,0.00346852
0.1,fit,0.0999815462864496,0.00278416
0.1,fit,0.09998170707980616,0.00221444
0.1,fit,0.09998186787342131,0.00176719
0.1,fit,0.09998202866729504,0.00145024
0.1,fit,0.09998218946142737,0.00127143
0.1,fit,0.09998235025581824,0.00123855
0.1,fit,0.09998251105046776,0.00135939
0.1,fit,0.09998267184537588,0.00164167
0.1,fit,0.09998283264054258,0.00209303
0.1,fit,0.09998299343596788,0.00272106
0.1,fit,0.09998315423165179,0.00353323
0.1,fit,0.09998331502759428,0.00453689
0.1,fit,0.09998347582379538,0.00573928
0.1,fit,0.09998363662025501,0.0071475
0.1,fit,0.0999837974169733,0.00876846
0.1,fit,0.09998395821395019,0.0106089
0.1,fit,0.09998411901118567,0.0126755
0.1,fit,0.09998427980867976,0.0149744
0.1,fit,0.09998444060643244,0.017512
0.1,fit,0.09998460140444372,0.020294
0.1,fit,0.09998476220271356,0.0233262
0.1,fit,0.09998492300124204,0.0266139
0.1,fit,0.09998508380002913,0.0301623
0.1,fit,0.09998524459907482,0.0339762
0.1,fit,0.0999854053983791,0.0380602
0.1,fit,0.099985566197942,0.0424184
0.1,fit,0.0999857269977635,0.0470547
0.1,fit,0.09998588779784359,0.0519728
0.1,fit,0.09998604859818223,0.0571758
0.1,fit,0.09998620939877954,0.0626666
0.1,fit,0.09998637019963545,0.0684477
0.1,fit,0.09998653100074996,0.0745211
0.1,fit,0.09998669180212308,0.0808887
0.1,fit,0.09998685260375481,0.0875517
0.1,fit,0.09998701340564514,0.094511
0.1,fit,0.09998717420779407,0.101767
0.1,fit,0.09998733501020157,0.10932
0.1,fit,0.09998749581286773,0.11717
0.1,fit,0.09998765661579248,0.125316
0.1,fit,0.09998781741897585,0.133756
0.1,fit,0.09998797822241783,0.142489
0.1,fit,0.0999881390261184,0.151514
0.1,fit,0.0999882998300776,0.160826
0.1,fit,0.09998846063429535,0.170425
0.1,fit,0.09998862143877177,0.180305
0.1,fit,0.0999887822435068,0.190463
0.1,fit,0.09998894304850044,0.200896
0.1,fit,0.09998910385375268,0.211597
0.1,fit,0.09998926465926354,0.222563
0.1,fit,0.099989425465033,0.233787
0.1,fit,0.0999895862710611,0.245263
0.1,fit,0.09998974707734774,0.256984
0.1,fit,0.09998990788389304,0.268945
0.1,fit,0.09999006869069697,0.281136
0.1,fit,0.09999022949775951,0.293551
0.1,fit,0.09999039030508067,0.306182
0.1,fit,0.09999055111266043,0.319019
0.1,fit,0.09999071192049883,0.332053
0.1,fit,0.09999087272859578,0.345276
0.1,fit,0.0999910335369514,0.358677
0.1,fit,0.09999119434556562,0.372245
0.1,fit,0.09999135515443848,0.385971
0.1,fit,0.09999151596356995,0.399844
0.1,fit,0.09999167677296003,0.413852
0.1,fit,0.09999183758260874,0.427983
0.1,fit,0.09999199839251606,0.442226
0.1,fit,0.09999215920268195,0.456569
0.1,fit,0.09999232001310653,0.470998
0.1,fit,0.09999248082378971,0.485502
0.1,fit,0.09999264163473151,0.500066
0.1,fit,0.09999280244593194,0.514678
0.1,fit,0.09999296325739099,0.529324
0.1,fit,0.09999312406910865,0.54399
0.1,fit,0.09999328488108494,0.558663
0.1,fit,0.0999934456933198,0.573328
0.1,fit,0.09999360650581335,0.587971
0.1,fit,0.0999937673185655,0.602577
0.1,fit,0.09999392813157629,0.617132
0.1,fit,0.0999940889448457,0.631622
0.1,fit,0.09999424975837373,0.646031
0.1,fit,0.0999944105721604,0.660345
0.1,fit,0.09999457138620563,0.674549
0.1,fit,0.09999473220050954,0.688628
0.1,fit,0.09999489301507208,0.702566
0.1,fit,0.09999505382989324,0.716351
0.1,fit,0.09999521464497303,0.729965
0.1,fit,0.09999537546031145,0.743396
0.1,fit,0.0999955362759085,0.756627
0.1,fit,0.09999569709176417,0.769645
0.1,fit,0.09999585790787843,0.782436
0.1,fit,0.09999601872425136,0.794984
0.1,fit,0.09999617954088293,0.807276
0.1,fit,0.09999634035777312,0.819297
0.1,fit,0.09999650117492194,0.831035
0.1,fit,0.0999966619923294,0.842476
0.1,fit,0.09999682280999549,0.853606
0.1,fit,0.09999698362792016,0.864413
0.1,fit,0.09999714444610351,0.874884
0.1,fit,0.09999730526454549,0.885006
0.1,fit,0.09999746608324611,0.894769
0.1,fit,0.09999762690220536,0.904159
0.1,fit,0.09999778772142325,0.913167
0.1,fit,0.09999794854089976,0.921781
0.1,fit,0.09999810936063491,0.929991
0.1,fit,0.09999827018062865,0.937787
0.1,fit,0.09999843100088107,0.945159
0.1,fit,0.09999859182139213,0.952098
0.1,fit,0.09999875264216183,0.958597
0.1,fit,0.09999891346319018,0.964646
0.1,fit,0.09999907428447714,0.970238
0.1,fit,0.09999923510602275,0.975367
0.1,fit,0.099999395927827,0.980025
0.1,fit,0.09999955674988983,0.984207
0.1,fit,0.09999971757221135,0.987908
0.1,fit,0.09999987839479152,0.991122
0.1,fit,0.10000003921763032,0.993846
0.1,fit,0.10000020004072777,0.996075
0.1,fit,0.10000036086408381,0.997807
0.1,fit,0.10000052168769855,0.99904
0.1,fit,0.10000068251157192,0.999771
0.1,fit,0.10000084333570392,1
0.1,fit,0.10000100416009454,0.999725
0.1,fit,0.10000116498474385,0.998947
0.1,fit,0.10000132580965178,0.997667
0.1,fit,0.10000148663481835,0.995885
0.1,fit,0.10000164746024355,0.993604
0.1,fit,0.10000180828592742,0.990825
0.1,fit,0.10000196911186994,0.987553
0.1,fit,0.10000212993807109,0.983791
0.1,fit,0.10000229076453086,0.979542
0.1,fit,0.10000245159124932,0.974813
0.1,fit,0.10000261241822642,0.969608
0.1,fit,0.10000277324546213,0.963934
0.1,fit,0.10000293407295652,0.957797
0.1,fit,0.10000309490070956,0.951205
0.1,fit,0.10000325572872125,0.944165
0.1,fit,0.10000341655699155,0.936685
0.1,fit,0.10000357738552054,0.928774
0.1,fit,0.10000373821430816,0.920443
0.1,fit,0.10000389904335445,0.911699
0.1,fit,0.10000405987265935,0.902555
0.1,fit,0.10000422070222294,0.89302
0.1,fit,0.10000438153204518,0.883106
0.1,fit,0.10000454236212605,0.872824
0.1,fit,0.10000470319246557,0.862186
0.1,fit,0.10000486402306376,0.851206
0.1,fit,0.1000050248539206,0.839895
0.1,fit,0.1000051856850361,0.828266
0.1,fit,0.10000534651641022,0.816334
0.1,fit,0.10000550734804302,0.804112
0.1,fit,0.10000566817993448,0.791613
0.1,fit,0.10000582901208456,0.778853
0.1,fit,0.10000598984449333,0.765845
0.1,fit,0.10000615067716075,0.752605
0.1,fit,0.10000631151008683,0.739146
0.1,fit,0.10000647234327154,0.725485
0.1,fit,0.10000663317671493,0.711636
0.1,fit,0.10000679401041698,0.697615
0.1,fit,0.10000695484437769,0.683437
0.1,fit,0.10000711567859702,0.669117
0.1,fit,0.10000727651307505,0.65467
0.1,fit,0.10000743734781173,0.640113
0.1,fit,0.10000759818280706,0.62546
0.1,fit,0.10000775901806104,0.610727
0.1,fit,0.1000079198535737,0.595929
0.1,fit,0.10000808068934502,0.581082
0.1,fit,0.100008241525375,0.5662
0.1,fit,0.10000840236166363,0.551298
0.1,fit,0.10000856319821093,0.536392
0.1,fit,0.1000087240350169,0.521496
0.1,fit,0.1000088848720815,0.506624
0.1,fit,0.10000904570940479,0.491791
0.1,fit,0.10000920654698675,0.477011
0.1,fit,0.10000936738482737,0.462297
0.1,fit,0.10000952822292664,0.447664
0.1,fit,0.10000968906128459,0.433124
0.1,fit,0.1000098498999012,0.41869
0.1,fit,0.10001001073877648,0.404375
0.1,fit,0.1000101715779104,0.390191
0.1,fit,0.100010332417303,0.376151
0.1,fit,0.10001049325695428,0.362266
0.1,fit,0.10001065409686423,0.348547
0.1,fit,0.10001081493703283,0.335005
0.1,fit,0.10001097577746011,0.321651
0.1,fit,0.10001113661814606,0.308495
0.1,fit,0.10001129745909068,0.295546
0.1,fit,0.10001145830029394,0.282815
0.1,fit,0.1000116191417559,0.270309
0.1,fit,0.10001177998347653,0.258037
0.1,fit,0.1000119408254558,0.246008
0.1,fit,0.10001210166769377,0.234228
0.1,fit,0.10001226251019041,0.222706
0.1,fit,0.10001242335294573,0.211447
0.1,fit,0.10001258419595968,0.200459
0.1,fit,0.10001274503923234,0.189746
0.1,fit,0.10001290588276368,0.179315
0.1,fit,0.10001306672655368,0.169169
0.1,fit,0.10001322757060234,0.159315
0.1,fit,0.10001338841490968,0.149755
0.1,fit,0.10001354925947571,0.140492
0.1,fit,0.10001371010430042,0.131531
0.1,fit,0.10001387094938377,0.122874
0.1,fit,0.10001403179472582,0.114523
0.1,fit,0.10001419264032656,0.106479
0.1,fit,0.10001435348618597,0.0987443
0.1,fit,0.10001451433230402,0.0913192
0.1,fit,0.10001467517868078,0.0842042
0.1,fit,0.10001483602531622,0.0773992
0.1,fit,0.10001499687221031,0.0709038
0.1,fit,0.10001515771936312,0.064717
0.1,fit,0.10001531856677459,0.0588377
0.1,fit,0.10001547941444475,0.053264
0.1,fit,0.10001564026237356,0.047994
0.1,fit,0.10001580111056108,0.043025
0.1,fit,0.10001596195900726,0.0383542
0.1,fit,0.10001612280771215,0.0339785
0.1,fit,0.10001628365667568,0.0298942
0.1,fit,0.10001644450589793,0.0260973
0.1,fit,0.10001660535537886,0.0225837
0.1,fit,0.10001676620511846,0.0193486
0.1,fit,0.10001692705511672,0.0163872
0.1,fit,0.10001708790537371,0.0136943
0.1,fit,0.10001724875588937,0.0112644
0.1,fit,0.10001740960666371,0.00909164
0.1,fit,0.10001757045769671,0.00717005
0.1,fit,0.10001773130898843,0.00549333
0.1,fit,0.10001789216053883,0.00405496
0.1,fit,0.1000180530123479,0.0028482
0.1,fit,0.10001821386441567,0.00186609
0.1,fit,0.10001837471674213,0.00110151
0.1,fit,0.10001853556932729,0.000547134
0.1,fit,0.1000186964221711,0.000195494
0.1,fit,0.10001885727527361,3.89638e-05
0.1,fit,0.10001901812863483,6.97916e-05
0.1,fit,0.10001917898225474,0.000280107
0.1,fit,0.1000193398361333,0.000661939
0.1,fit,0.10001950069027059,0.00120723
0.1,fit,0.10001966154466656,0.00190785
0.1,fit,0.10001982239932122,0.00275563
0.1,fit,0.10001998325423456,0.00374232
0.1,fit,0.1000201441094066,0.00485969
0.1,fit,0.10002030496483734,0.00609946
0.1,fit,0.10002046582052677,0.00745339
0.1,fit,0.10002062667647488,0.00891324
0.1,fit,0.1000207875326817,0.0104708
0.1,fit,0.10002094838914721,0.0121179
0.1,fit,0.10002110924587139,0.0138464
0.1,fit,0.10002127010285429,0.0156483
0.1,fit,0.10002143096009589,0.0175157
0.1,fit,0.10002159181759619,0.0194407
0.1,fit,0.10002175267535515,0.0214155
0.1,fit,0.10002191353337284,0.0234326
0.1,fit,0.10002207439164922,0.0254845
0.1,fit,0.10002223525018429,0.0275639
0.1,fit,0.10002239610897805,0.0296635
0.1,fit,0.10002255696803052,0.0317763
0.1,fit,0.10002271782734169,0.0338955
0.1,fit,0.10002287868691156,0.0360146
0.1,fit,0.1000230395467401,0.0381268
0.1,fit,0.10002320040682738,0.0402262
0.1,fit,0.10002336126717334,0.0423065
0.1,fit,0.10002352212777803,0.044362
0.1,fit,0.10002368298864137,0.046387
0.1,fit,0.10002384384976344,0.0483761
0.1,fit,0.10002400471114421,0.0503243
0.1,fit,0.10002416557278367,0.0522266
0.1,fit,0.10002432643468184,0.0540784
0.1,fit,0.10002448729683873,0.0558751
0.1,fit,0.10002464815925431,0.0576127
0.1,fit,0.10002480902192858,0.0592873
0.1,fit,0.10002496988486158,0.0608952
0.1,fit,0.10002513074805328,0.062433
0.1,fit,0.10002529161150368,0.0638975
0.1,fit,0.10002545247521276,0.0652859
0.1,fit,0.10002561333918057,0.0665956
0.1,fit,0.1000257742034071,0.0678242
0.1,fit,0.10002593506789233,0.0689696
0.1,fit,0.10002609593263624,0.0700299
0.1,fit,0.10002625679763888,0.0710035
0.1,fit,0.10002641766290023,0.0718892
0.1,fit,0.10002657852842028,0.0726857
0.1,fit,0.10002673939419904,0.0733923
0.1,fit,0.10002690026023651,0.0740084
0.1,fit,0.1000270611265327,0.0745335
0.1,fit,0.10002722199308757,0.0749675
0.1,fit,0.10002738285990118,0.0753105
0.1,fit,0.10002754372697349,0.0755628
0.1,fit,0.10002770459430453,0.0757249
0.1,fit,0.10002786546189424,0.0757975
0.1,fit,0.1000280263297427,0.0757816
0.1,fit,0.10002818719784987,0.0756782
0.1,fit,0.10002834806621574,0.0754887
0.1,fit,0.1000285089348403,0.0752146
0.1,fit,0.10002866980372362,0.0748575
0.1,fit,0.10002883067286564,0.0744193
0.1,fit,0.10002899154226637,0.0739018
0.1,fit,0.1000291524119258,0.0733073
0.1,fit,0.10002931328184396,0.0726381
0.1,fit,0.10002947415202085,0.0718964
0.1,fit,0.10002963502245645,0.0710849
0.1,fit,0.10002979589315072,0.0702061
0.1,fit,0.10002995676410376,0.0692629
0.1,fit,0.10003011763531551,0.068258
0.1,fit,0.10003027850678595,0.0671943
0.1,fit,0.10003043937851513,0.066075
0.1,fit,0.10003060025050305,0.0649029
0.1,fit,0.10003076112274967,0.0636814
0.1,fit,0.10003092199525498,0.0624135
0.1,fit,0.10003108286801905,0.0611025
0.1,fit,0.10003124374104183,0.0597516
0.1,fit,0.10003140461432333,0.0583642
0.1,fit,0.10003156548786353,0.0569435
0.1,fit,0.10003172636166248,0.055493
0.1,fit,0.10003188723572015,0.0540158
0.1,fit,0.10003204811003655,0.0525153
0.1,fit,0.10003220898461164,0.0509948
0.1,fit,0.10003236985944547,0.0494577
0.1,fit,0.10003253073453804,0.0479071
0.1,fit,0.10003269160988933,0.0463463
0.1,fit,0.10003285248549931,0.0447785
0.1,fit,0.10003301336136805,0.0432067
0.1,fit,0.10003317423749551,0.0416341
0.1,fit,0.10003333511388167,0.0400637
0.1,fit,0.10003349599052659,0.0384984
0.1,fit,0.10003365686743022,0.0369412
0.1,fit,0.10003381774459259,0.0353947
0.1,fit,0.10003397862201366,0.0338618
0.1,fit,0.10003413949969349,0.032345
0.1,fit,0.10003430037763204,0.030847
0.1,fit,0.10003446125582932,0.0293701
0.1,fit,0.10003462213428531,0.0279166
0.1,fit,0.10003478301300005,0.0264889
0.1,fit,0.10003494389197351,0.025089
0.1,fit,0.10003510477120571,0.0237191
0.1,fit,0.10003526565069662,0.0223809
0.1,fit,0.10003542653044628,0.0210763
0.1,fit,0.10003558741045467,0.019807
0.1,fit,0.1000357482907218,0.0185746
0.1,fit,0.10003590917124763,0.0173804
0.1,fit,0.10003607005203222,0.0162259
0.1,fit,0.10003623093307555,0.0151122
0.1,fit,0.10003639181437758,0.0140405
0.1,fit,0.10003655269593838,0.0130116
0.1,fit,0.1000367135777579,0.0120264
0.1,fit,0.10003687445983617,0.0110857
0.1,fit,0.10003703534217313,0.01019
0.1,fit,0.10003719622476887,0.0093399
0.1,fit,0.10003735710762333,0.00853565
0.1,fit,0.10003751799073654,0.00777755
0.1,fit,0.10003767887410846,0.00706572
0.1,fit,0.10003783975773914,0.00640018
0.1,fit,0.10003800064162856,0.00578085
0.1,fit,0.10003816152577671,0.00520752
0.1,fit,0.1000383224101836,0.0046799
0.1,fit,0.10003848329484923,0.00419756
0.1,fit,0.1000386441797736,0.00376002
0.1,fit,0.10003880506495672,0.00336667
0.1,fit,0.10003896595039855,0.00301681
0.1,fit,0.10003912683609914,0.00270966
0.1,fit,0.10003928772205847,0.00244436
0.1,fit,0.10003944860827653,0.00221995
0.1,fit,0.10003960949475335,0.00203541
0.1,fit,0.10003977038148891,0.00188963
0.1,fit,0.10003993126848322,0.00178146
0.1,fit,0.10004009215573624,0.00170965
0.1,fit,0.10004025304324804,0.00167292
0.1,fit,0.10004041393101858,0.00166992
0.1,fit,0.10004057481904786,0.00169925
0.1,fit,0.10004073570733586,0.00175947
0.1,fit,0.10004089659588264,0.00184909
0.1,fit,0.10004105748468815,0.00196659
0.1,fit,0.10004121837375242,0.00211043
0.1,fit,0.10004137926307541,0.002279
0.1,fit,0.10004154015265716,0.00247072
0.1,fit,0.10004170104249767,0.00268397
0.1,fit,0.1000418619325969,0.0029171
0.1,fit,0.1000420228229549,0.00316847
0.1,fit,0.10004218371357165,0.00343644
0.1,fit,0.10004234460444715,0.00371936
0.1,fit,0.10004250549558137,0.00401558
0.1,fit,0.10004266638697437,0.00432347
0.1,fit,0.10004282727862612,0.0046414
0.1,fit,0.10004298817053663,0.00496778
0.1,fit,0.10004314906270585,0.00530101
0.1,fit,0.10004330995513386,0.00563954
0.1,fit,0.10004347084782061,0.00598183
0.1,fit,0.10004363174076612,0.00632639
0.1,fit,0.10004379263397037,0.00667174
0.1,fit,0.10004395352743338,0.00701645
0.1,fit,0.10004411442115514,0.00735915
0.1,fit,0.10004427531513567,0.00769848
0.1,fit,0.10004443620937492,0.00803316
0.1,fit,0.10004459710387295,0.00836192
0.1,fit,0.10004475799862975,0.00868358
0.1,fit,0.10004491889364527,0.00899699
0.1,fit,0.10004507978891956,0.00930106
0.1,fit,0.10004524068445261,0.00959476
0.1,fit,0.10004540158024443,0.00987713
0.1,fit,0.10004556247629498,0.0101472
0.1,fit,0.10004572337260431,0.0104042
0.1,fit,0.1000458842691724,0.0106474
0.1,fit,0.10004604516599924,0.0108759
0.1,fit,0.10004620606308481,0.0110891
0.1,fit,0.10004636696042919,0.0112864
0.1,fit,0.10004652785803231,0.0114673
0.1,fit,0.10004668875589419,0.0116314
0.1,fit,0.10004684965401482,0.0117781
0.1,fit,0.10004701055239422,0.0119073
0.1,fit,0.1000471714510324,0.0120185
0.1,fit,0.10004733234992932,0.0121116
0.1,fit,0.10004749324908499,0.0121865
0.1,fit,0.10004765414849945,0.012243
0.1,fit,0.10004781504817267,0.0122811
0.1,fit,0.10004797594810463,0.0123008
0.1,fit,0.10004813684829537,0.0123023
0.1,fit,0.1000482977487449,0.0122856
0.1,fit,0.10004845864945316,0.012251
0.1,fit,0.10004861955042019,0.0121987
0.1,fit,0.10004878045164599,0.0121291
0.1,fit,0.10004894135313057,0.0120423
0.1,fit,0.10004910225487391,0.011939
0.1,fit,0.10004926315687598,0.0118195
0.1,fit,0.10004942405913686,0.0116842
0.1,fit,0.10004958496165652,0.0115337
0.1,fit,0.10004974586443492,0.0113687
0.1,fit,0.10004990676747208,0.0111895
0.1,fit,0.10005006767076803,0.010997
0.1,fit,0.10005022857432275,0.0107917
0.1,fit,0.10005038947813624,0.0105744
0.1,fit,0.10005055038220848,0.0103457
0.1,fit,0.1000507112865395,0.0101065
0.1,fit,0.1000508721911293,0.00985732
0.1,fit,0.10005103309597785,0.00959909
0.1,fit,0.1000511940010852,0.00933257
0.1,fit,0.10005135490645131,0.00905855
0.1,fit,0.1000515158120762,0.00877784
0.1,fit,0.10005167671795985,0.00849125
0.1,fit,0.10005183762410229,0.0081996
0.1,fit,0.1000519985305035,0.00790372
0.1,fit,0.10005215943716349,0.00760441
0.1,fit,0.10005232034408222,0.00730251
0.1,fit,0.10005248125125976,0.00699881
0.1,fit,0.10005264215869607,0.00669412
0.1,fit,0.10005280306639117,0.00638924
0.1,fit,0.100052963974345,0.00608494
0.1,fit,0.10005312488255765,0.00578199
0.1,fit,0.10005328579102907,0.00548114
0.1,fit,0.10005344669975927,0.00518311
0.1,fit,0.10005360760874822,0.00488862
0.1,fit,0.10005376851799597,0.00459836
0.1,fit,0.1000539294275025,0.00431298
0.1,fit,0.1000540903372678,0.00403314
0.1,fit,0.10005425124729189,0.00375943
0.1,fit,0.10005441215757477,0.00349244
0.1,fit,0.10005457306811642,0.00323274
0.1,fit,0.10005473397891683,0.00298083
0.1,fit,0.10005489488997604,0.00273721
0.1,fit,0.10005505580129405,0.00250235
0.1,fit,0.10005521671287083,0.00227667
0.1,fit,0.10005537762470637,0.00206055
0.1,fit,0.10005553853680071,0.00185435
0.1,fit,0.10005569944915385,0.00165841
0.1,fit,0.10005586036176577,0.001473
0.1,fit,0.10005602127463645,0.00129837
0.1,fit,0.10005618218776594,0.00113473
0.1,fit,0.1000563431011542,0.000982278
0.1,fit,0.10005650401480126,0.000841138
0.1,fit,0.10005666492870707,0.000711423
0.1,fit,0.1000568258428717,0.000593202
0.1,fit,0.10005698675729512,0.000486511
0.1,fit,0.1000571476719773,0.000391351
0.1,fit,0.10005730858691829,0.00030769
0.1,fit,0.10005746950211808,0.00023546
0.1,fit,0.10005763041757665,0.000174561
0.1,fit,0.10005779133329398,0.000124864
0.1,fit,0.10005795224927012,8.62058e-05
0.1,fit,0.10005811316550506,5.8394e-05
0.1,fit,0.10005827408199879,4.12079e-05
0.1,fit,0.10005843499875129,3.4399e-05
0.1,fit,0.10005859591576259,3.76917e-05
0.1,fit,0.1000587568330327,5.07857e-05
0.1,fit,0.1000589177505616,7.33564e-05
0.1,fit,0.10005907866834926,0.000105057
0.1,fit,0.10005923958639573,0.000145519
0.1,fit,0.10005940050470101,0.000194354
0.1,fit,0.10005956142326507,0.000251157
0.1,fit,0.1000597223420879,0.000315503
0.1,fit,0.10005988326116956,0.000386957
0.1,fit,0.10006004418051001,0.000465065
0.1,fit,0.10006020510010923,0.000549364
0.1,fit,0.10006036601996728,0.000639381
0.1,fit,0.1000605269400841,0.000734632
0.1,fit,0.10006068786045974,0.000834627
0.1,fit,0.10006084878109416,0.000938872
0.1,fit,0.10006100970198738,0.00104687
0.1,fit,0.1000611706231394,0.00115811
0.1,fit,0.10006133154455023,0.0012721
0.1,fit,0.10006149246621983,0.00138833
0.1,fit,0.10006165338814825,0.00150631
0.1,fit,0.10006181431033548,0.00162554
0.1,fit,0.1000619752327815,0.00174552
0.1,fit,0.10006213615548629,0.00186579
0.1,fit,0.10006229707844991,0.00198585
0.1,fit,0.10006245800167234,0.00210524
0.1,fit,0.10006261892515356,0.00222352
0.1,fit,0.10006277984889357,0.00234023
0.1,fit,0.10006294077289239,0.00245495
0.1,fit,0.10006310169715003,0.00256726
0.1,fit,0.10006326262166644,0.00267676
0.1,fit,0.10006342354644168,0.00278306
0.1,fit,0.10006358447147573,0.00288581
0.1,fit,0.10006374539676857,0.00298465
0.1,fit,0.1000639063223202,0.00307926
0.1,fit,0.10006406724813066,0.00316933
0.1,fit,0.10006422817419992,0.00325456
0.1,fit,0.10006438910052799,0.0033347
0.1,fit,0.10006455002711485,0.0034095
0.1,fit,0.10006471095396054,0.00347874
0.1,fit,0.10006487188106503,0.00354222
0.1,fit,0.10006503280842832,0.00359976
0.1,fit,0.10006519373605041,0.00365121
0.1,fit,0.10006535466393132,0.00369645
0.1,fit,0.10006551559207105,0.00373537
0.1,fit,0.10006567652046959,0.00376789
0.1,fit,0.10006583744912691,0.00379395
0.1,fit,0.10006599837804306,0.00381352
0.1,fit,0.10006615930721803,0.00382659
0.1,fit,0.10006632023665178,0.00383318
0.1,fit,0.10006648116634437,0.00383333
0.1,fit,0.10006664209629577,0.00382709
0.1,fit,0.10006680302650599,0.00381456
0.1,fit,0.10006696395697498,0.00379583
0.1,fit,0.10006712488770282,0.00377104
0.1,fit,0.10006728581868948,0.00374033
0.1,fit,0.10006744674993495,0.00370387
0.1,fit,0.1000676076814392,0.00366185
0.1,fit,0.1000677686132023,0.00361449
0.1,fit,0.10006792954522421,0.003562
0.1,fit,0.10006809047750494,0.00350463
0.1,fit,0.10006825141004447,0.00344264
0.1,fit,0.10006841234284282,0.00337631
0.1,fit,0.1000685732759,0.00330593
0.1,fit,0.100068734209216,0.0032318
0.1,fit,0.10006889514279078,0.00315424
0.1,fit,0.10006905607662442,0.00307358
0.1,fit,0.10006921701071686,0.00299016
0.1,fit,0.10006937794506811,0.00290433
0.1,fit,0.10006953887967819,0.00281644
0.1,fit,0.10006969981454711,0.00272687
0.1,fit,0.10006986074967483,0.00263598
0.1,fit,0.10007002168506136,0.00254415
0.1,fit,0.10007018262070673,0.00245176
0.1,fit,0.10007034355661092,0.0023592
0.1,fit,0.10007050449277394,0.00226685
0.1,fit,0.10007066542919575,0.0021751
0.1,fit,0.10007082636587641,0.00208432
0.1,fit,0.1000709873028159,0.00199492
0.1,fit,0.1000711482400142,0.00190726
0.1,fit,0.1000713091774713,0.00182172
0.1,fit,0.10007147011518726,0.00173868
0.1,fit,0.10007163105316204,0.00165849
0.1,fit,0.10007179199139564,0.00158153
0.1,fit,0.10007195292988805,0.00150813
0.1,fit,0.1000721138686393,0.00143864
0.1,fit,0.1000722748076494,0.0013734
0.1,fit,0.10007243574691828,0.00131271
0.1,fit,0.10007259668644601,0.00125689
0.1,fit,0.10007275762623258,0.00120623
0.1,fit,0.10007291856627798,0.00116101
0.1,fit,0.10007307950658217,0.0011215
0.1,fit,0.10007324044714523,0.00108796
0.1,fit,0.10007340138796711,0.00106061
0.1,fit,0.10007356232904782,0.00103967
0.1,fit,0.10007372327038734,0.00102536
0.1,fit,0.10007388421198571,0.00101784
0.1,fit,0.10007404515384291,0.0010173
0.1,fit,0.10007420609595895,0.00102387
0.1,fit,0.10007436703833379,0.00103768
0.1,fit,0.1000745279809675,0.00105885
0.1,fit,0.10007468892386003,0.00108746
0.1,fit,0.10007484986701139,0.00112359
0.1,fit,0.10007501081042157,0.00116728
0.1,fit,0.1000751717540906,0.00121856
0.1,fit,0.10007533269801847,0.00127745
0.1,fit,0.10007549364220514,0.00134393
0.1,fit,0.10007565458665069,0.00141797
0.1,fit,0.10007581553135506,0.00149953
0.1,fit,0.10007597647631827,0.00158853
0.1,fit,0.10007613742154028,0.00168488
0.1,fit,0.10007629836702117,0.00178848
0.1,fit,0.1000764593127609,0.00189919
0.1,fit,0.10007662025875945,0.00201687
0.1,fit,0.10007678120501683,0.00214136
0.1,fit,0.10007694215153307,0.00227246
0.1,fit,0.10007710309830814,0.00240999
0.1,fit,0.10007726404534205,0.00255373
0.1,fit,0.10007742499263478,0.00270344
0.1,fit,0.10007758594018637,0.00285887
0.1,fit,0.10007774688799681,0.00301977
0.1,fit,0.10007790783606609,0.00318585
0.1,fit,0.10007806878439418,0.00335682
0.1,fit,0.10007822973298114,0.00353239
0.1,fit,0.10007839068182695,0.00371223
0.1,fit,0.10007855163093156,0.00389602
0.1,fit,0.10007871258029505,0.00408343
0.1,fit,0.10007887352991739,0.0042741
0.1,fit,0.10007903447979856,0.00446769
0.1,fit,0.10007919542993855,0.00466384
0.1,fit,0.10007935638033742,0.00486217
0.1,fit,0.10007951733099513,0.00506231
0.1,fit,0.1000796782819117,0.00526388
0.1,fit,0.10007983923308707,0.00546651
0.1,fit,0.10008000018452132,0.0056698
0.1,fit,0.10008016113621442,0.00587337
0.1,fit,0.10008032208816636,0.00607683
0.1,fit,0.10008048304037713,0.00627979
0.1,fit,0.10008064399284676,0.00648187
0.1,fit,0.10008080494557525,0.00668268
0.1,fit,0.1000809658985626,0.00688184
0.1,fit,0.10008112685180875,0.00707896
0.1,fit,0.10008128780531378,0.00727368
0.1,true,0.09992072816630239,0.00285426
0.1,true,0.09992151128890507,0.00217297
0.1,true,0.09992229441150777,0.00151208
0.1,true,0.09992237272376804,0.00144912
0.1,true,0.09992252934828857,0.00132559
0.1,true,0.09992268597280912,0.00120556
0.1,true,0.09992284259732966,0.00108944
0.1,true,0.09992299922185019,0.000977628
0.1,true,0.09992315584637072,0.000870506
0.1,true,0.09992331247089127,0.000768451
0.1,true,0.0999234690954118,0.000671828
0.1,true,0.09992362571993234,0.000580992
0.1,true,0.09992378234445289,0.000496283
0.1,true,0.09992386065671315,0.000456329
0.1,true,0.09992393896897342,0.000418029
0.1,true,0.09992409559349395,0.000346543
0.1,true,0.09992425221801449,0.000282123
0.1,true,0.09992440884253503,0.000225048
0.1,true,0.09992456546705557,0.000175582
0.1,true,0.0999247220915761,0.000133968
0.1,true,0.09992487871609665,0.000100431
0.1,true,0.09992503534061718,7.51772e-05
0.1,true,0.09992519196513772,5.83894e-05
0.1,true,0.09992534858965825,5.023e-05
0.1,true,0.09992542690191852,4.94308e-05
0.1,true,0.0999255052141788,5.08394e-05
0.1,true,0.09992566183869933,6.03347e-05
0.1,true,0.09992581846321986,7.88101e-05
0.1,true,0.09992597508774041,0.000106336
0.1,true,0.09992613171226095,0.000142958
0.1,true,0.09992628833678148,0.000188698
0.1,true,0.09992644496130201,0.000243553
0.1,true,0.09992660158582256,0.000307495
0.1,true,0.0999267582103431,0.00038047
0.1,true,0.09992691483486363,0.000462401
0.1,true,0.0999269931471239,0.000506692
0.1,true,0.09992707145938418,0.000553182
0.1,true,0.09992722808390471,0.000652687
0.1,true,0.09992738470842524,0.000760761
0.1,true,0.09992754133294578,0.000877226
0.1,true,0.09992769795746632,0.00100188
0.1,true,0.09992785458198686,0.00113449
0.1,true,0.09992801120650739,0.00127482
0.1,true,0.09992816783102794,0.00142258
0.1,true,0.09992832445554847,0.00157748
0.1,true,0.099928481080069,0.0017392
0.1,true,0.09992855939232928,0.00182251
0.1,true,0.09992863770458954,0.0019074
0.1,true,0.09992879432911009,0.00208172
0.1,true,0.09992895095363062,0.00226179
0.1,true,0.09992910757815116,0.00244719
0.1,true,0.0999292642026717,0.00263752
0.1,true,0.09992942082719224,0.00283234
0.1,true,0.09992957745171277,0.0030312
0.1,true,0.0999297340762333,0.00323363
0.1,true,0.09992989070075385,0.00343916
0.1,true,0.09993004732527438,0.00364729
0.1,true,0.09993012563753464,0.00375218
0.1,true,0.09993020394979492,0.00385753
0.1,true,0.09993036057431547,0.00406936
0.1,true,0.099930517198836,0.00428225
0.1,true,0.09993067382335653,0.00449568
0.1,true,0.09993083044787707,0.00470912
0.1,true,0.09993098707239761,0.00492203
0.1,true,0.09993114369691815,0.00513386
0.1,true,0.09993130032143868,0.00534407
0.1,true,0.09993145694595923,0.00555211
0.1,true,0.09993161357047976,0.00575745
0.1,true,0.09993169188274002,0.00585893
0.1,true,0.0999317701950003,0.00595954
0.1,true,0.09993192681952083,0.00615784
0.1,true,0.09993208344404138,0.00635183
0.1,true,0.09993224006856191,0.00654098
0.1,true,0.09993239669308245,0.00672478
0.1,true,0.09993255331760299,0.00690272
0.1,true,0.09993270994212353,0.00707431
0.1,true,0.09993286656664406,0.00723907
0.1,true,0.0999330231911646,0.00739653
0.1,true,0.09993317981568514,0.00754625
0.1,true,0.0999332581279454,0.00761807
0.1,true,0.09993333644020568,0.00768778
0.1,true,0.09993349306472621,0.00782073
0.1,true,0.09993364968924676,0.00794468
0.1,true,0.09993380631376729,0.00805928
0.1,true,0.09993396293828782,0.00816416
0.1,true,0.09993411956280836,0.008259
0.1,true,0.0999342761873289,0.0083435
0.1,true,0.09993443281184944,0.00841737
0.1,true,0.09993458943636997,0.00848037
0.1,true,0.09993474606089052,0.00853227
0.1,true,0.09993482437315078,0.008554
0.1,true,0.09993490268541105,0.00857288
0.1,true,0.09993505930993159,0.00860203
0.1,true,0.09993521593445212,0.00861958
0.1,true,0.09993537255897267,0.00862543
0.1,true,0.0999355291834932,0.0086195
0.1,true,0.09993568580801374,0.00860175
0.1,true,0.09993584243253428,0.00857216
0.1,true,0.09993599905705482,0.00853077
0.1,true,0.09993615568157535,0.00847761
0.1,true,0.09993631230609588,0.00841278
0.1,true,0.09993639061835616,0.00837603
0.1,true,0.09993646893061643,0.0083364
0.1,true,0.09993662555513697,0.00824863
0.1,true,0.0999367821796575,0.00814963
0.1,true,0.09993693880417805,0.00803964
0.1,true,0.09993709542869858,0.0079189
0.1,true,0.09993717374095884,0.00785459
0.1,true,0.09993725205321911,0.00778771
0.1,true,0.09993740867773965,0.00764636
0.1,true,0.0999375653022602,0.00749521
0.1,true,0.09993772192678073,0.00733464
0.1,true,0.09993787855130126,0.00716506
0.1,true,0.09993795686356154,0.00707702
0.1,true,0.09993803517582181,0.00698689
0.1,true,0.09993819180034234,0.0068006
0.1,true,0.09993834842486288,0.00660669
0.1,true,0.09993850504938341,0.00640568
0.1,true,0.09993866167390396,0.0061981
0.1,true,0.09993881829842449,0.00598453
0.1,true,0.09993897492294503,0.00576556
0.1,true,0.09993913154746557,0.00554179
0.1,true,0.09993928817198611,0.00531387
0.1,true,0.09993944479650664,0.00508245
0.1,true,0.09993952310876691,0.00496562
0.1,true,0.09993960142102717,0.00484818
0.1,true,0.09993975804554772,0.00461176
0.1,true,0.09993991467006826,0.00437389
0.1,true,0.09994007129458879,0.00413526
0.1,true,0.09994022791910934,0.00389662
0.1,true,0.09994038454362987,0.00365867
0.1,true,0.0999405411681504,0.00342216
0.1,true,0.09994069779267094,0.00318782
0.1,true,0.09994085441719149,0.00295641
0.1,true,0.09994101104171202,0.00272865
0.1,true,0.09994108935397228,0.00261638
0.1,true,0.09994116766623255,0.0025053
0.1,true,0.0999413242907531,0.00228708
0.1,true,0.09994148091527363,0.00207475
0.1,true,0.09994163753979417,0.001869
0.1,true,0.0999417941643147,0.00167057
0.1,true,0.09994195078883525,0.00148016
0.1,true,0.09994210741335578,0.00129846
0.1,true,0.09994226403787632,0.00112613
0.1,true,0.09994242066239686,0.000963845
0.1,true,0.0999425772869174,0.000812232
0.1,true,0.09994265559917766,0.000740621
0.1,true,0.09994273391143793,0.000671907
0.1,true,0.09994289053595846,0.000543461
0.1,true,0.09994304716047901,0.000427459
0.1,true,0.09994320378499955,0.00032444
0.1,true,0.09994336040952008,0.000234911
0.1,true,0.09994351703404063,0.00015935
0.1,true,0.09994367365856116,9.82015e-05
0.1,true,0.0999438302830817,5.18761e-05
0.1,true,0.09994398690760223,2.07481e-05
0.1,true,0.09994414353212278,5.15476e-06
0.1,true,0.09994422184438304,3.27848e-06
0.1,true,0.09994430015664331,5.39477e-06
0.1,true,0.09994445678116384,2.17268e-05
0.1,true,0.09994461340568439,5.43686e-05
0.1,true,0.09994477003020492,0.000103496
0.1,true,0.09994492665472546,0.00016924
0.1,true,0.09994500496698572,0.000208374
0.1,true,0.09994508327924599,0.000251691
0.1,true,0.09994523990376654,0.000350892
0.1,true,0.09994539652828707,0.000466842
0.1,true,0.0999455531528076,0.000599493
0.1,true,0.09994570977732815,0.000748752
0.1,true,0.09994578808958841,0.000829568
0.1,true,0.09994586640184869,0.000914479
0.1,true,0.09994602302636922,0.00109649
0.1,true,0.09994617965088975,0.00129454
0.1,true,0.0999463362754103,0.00150837
0.1,true,0.09994649289993084,0.00173764
0.1,true,0.09994664952445137,0.00198198
0.1,true,0.09994680614897192,0.00224098
0.1,true,0.09994696277349245,0.00251416
0.1,true,0.09994711939801298,0.00280104
0.1,true,0.09994727602253352,0.00310106
0.1,true,0.09994735433479379,0.00325581
0.1,true,0.09994743264705407,0.00341362
0.1,true,0.0999475892715746,0.00373811
0.1,true,0.09994774589609513,0.00407384
0.1,true,0.09994790252061568,0.00442011
0.1,true,0.09994805914513621,0.00477617
0.1,true,0.09994821576965675,0.00514125
0.1,true,0.09994837239417728,0.00551453
0.1,true,0.09994852901869783,0.00589516
0.1,true,0.09994868564321836,0.00628228
0.1,true,0.0999488422677389,0.00667498
0.1,true,0.09994892057999917,0.00687313
0.1,true,0.09994899889225943,0.00707233
0.1,true,0.09994915551677998,0.00747339
0.1,true,0.09994931214130051,0.00787719
0.1,true,0.09994946876582105,0.00828274
0.1,true,0.09994962539034159,0.00868903
0.1,true,0.09994978201486213,0.00909506
0.1,true,0.09994993863938266,0.00949979
0.1,true,0.0999500952639032,0.00990219
0.1,true,0.09995025188842374,0.0103012
0.1,true,0.09995040851294427,0.0106959
0.1,true,0.09995048682520455,0.0108912
0.1,true,0.09995056513746481,0.011085
0.1,true,0.09995072176198536,0.0114677
0.1,true,0.09995087838650589,0.0118429
0.1,true,0.09995103501102642,0.0122096
0.1,true,0.09995119163554696,0.0125667
0.1,true,0.0999513482600675,0.0129133
0.1,true,0.09995150488458804,0.0132484
0.1,true,0.09995166150910857,0.013571
0.1,true,0.09995181813362912,0.0138802
0.1,true,0.09995197475814965,0.0141751
0.1,true,0.09995205307040991,0.014317
0.1,true,0.09995213138267019,0.0144549
0.1,true,0.09995228800719072,0.0147186
0.1,true,0.09995244463171127,0.0149656
0.1,true,0.0999526012562318,0.0151949
0.1,true,0.09995275788075234,0.0154059
0.1,true,0.0999528361930126,0.0155044
0.1,true,0.09995291450527288,0.0155979
0.1,true,0.09995307112979342,0.0157703
0.1,true,0.09995322775431395,0.0159224
0.1,true,0.09995338437883448,0.0160538
0.1,true,0.09995354100335503,0.0161638
0.1,true,0.09995361931561529,0.0162107
0.1,true,0.09995369762787557,0.0162521
0.1,true,0.0999538542523961,0.0163183
0.1,true,0.09995401087691665,0.0163621
0.1,true,0.09995416750143718,0.0163831
0.1,true,0.09995432412595771,0.0163812
0.1,true,0.09995448075047825,0.0163563
0.1,true,0.0999546373749988,0.0163081
0.1,true,0.09995479399951933,0.0162369
0.1,true,0.09995495062403986,0.0161424
0.1,true,0.09995510724856041,0.016025
0.1,true,0.09995518556082067,0.0159577
0.1,true,0.09995526387308094,0.0158847
0.1,true,0.09995542049760148,0.0157218
0.1,true,0.09995557712212201,0.0155366
0.1,true,0.09995573374664256,0.0153295
0.1,true,0.09995589037116309,0.0151009
0.1,true,0.09995604699568363,0.0148513
0.1,true,0.09995620362020417,0.0145814
0.1,true,0.0999563602447247,0.0142917
0.1,true,0.09995651686924524,0.0139829
0.1,true,0.09995667349376577,0.013656
0.1,true,0.09995675180602605,0.0134859
0.1,true,0.09995683011828632,0.0133116
0.1,true,0.09995698674280686,0.0129506
0.1,true,0.09995714336732739,0.0125741
0.1,true,0.09995729999184794,0.0121831
0.1,true,0.09995745661636847,0.0117786
0.1,true,0.099957613240889,0.0113618
0.1,true,0.09995776986540954,0.0109338
0.1,true,0.09995792648993009,0.0104959
0.1,true,0.09995808311445062,0.0100493
0.1,true,0.09995823973897115,0.00959549
0.1,true,0.09995831805123143,0.00936626
0.1,true,0.0999583963634917,0.00913571
0.1,true,0.09995855298801223,0.00867141
0.1,true,0.09995870961253277,0.00820403
0.1,true,0.0999588662370533,0.00773506
0.1,true,0.09995902286157385,0.00726601
0.1,true,0.09995917948609438,0.00679842
0.1,true,0.09995933611061492,0.00633386
0.1,true,0.09995949273513546,0.00587389
0.1,true,0.099959649359656,0.00542012
0.1,true,0.09995980598417653,0.00497416
0.1,true,0.0999598842964368,0.00475461
0.1,true,0.09995996260869706,0.00453762
0.1,true,0.09996011923321761,0.00411213
0.1,true,0.09996027585773815,0.00369929
0.1,true,0.09996043248225868,0.00330072
0.1,true,0.09996058910677923,0.00291803
0.1,true,0.09996074573129976,0.00255281
0.1,true,0.0999609023558203,0.00220662
0.1,true,0.09996105898034083,0.00188101
0.1,true,0.09996121560486138,0.00157752
0.1,true,0.09996137222938191,0.00129761
0.1,true,0.09996145054164218,0.00116697
0.1,true,0.09996152885390244,0.00104276
0.1,true,0.09996168547842299,0.000814373
0.1,true,0.09996184210294352,0.000613817
0.1,true,0.09996199872746406,0.000442412
0.1,true,0.09996215535198459,0.000301426
0.1,true,0.09996231197650514,0.000192066
0.1,true,0.09996246860102567,0.000115481
0.1,true,0.0999626252255462,7.27503e-05
0.1,true,0.09996278185006675,6.48868e-05
0.1,true,0.09996293847458729,9.28283e-05
0.1,true,0.09996301678684755,0.000120498
0.1,true,0.09996309509910782,0.000157436
0.1,true,0.09996325172362835,0.00025949
0.1,true,0.0999634083481489,0.000399687
0.1,true,0.09996356497266944,0.000578636
0.1,true,0.09996372159718997,0.000796856
0.1,true,0.09996387822171052,0.00105477
0.1,true,0.09996403484623105,0.00135271
0.1,true,0.09996419147075158,0.00169091
0.1,true,0.09996434809527212,0.0020695
0.1,true,0.09996450471979267,0.0024885
0.1,true,0.09996458303205293,0.00271314
0.1,true,0.0999646613443132,0.00294785
0.1,true,0.09996481796883373,0.00344735
0.1,true,0.09996497459335428,0.00398672
0.1,true,0.09996513121787481,0.00456556
0.1,true,0.09996528784239535,0.00518337
0.1,true,0.09996544446691588,0.00583952
0.1,true,0.09996560109143643,0.0065333
0.1,true,0.09996575771595696,0.00726386
0.1,true,0.0999659143404775,0.00803026
0.1,true,0.09996607096499804,0.00883145
0.1,true,0.0999661492772583,0.00924473
0.1,true,0.09996622758951858,0.00966626
0.1,true,0.09996638421403911,0.0105334
0.1,true,0.09996654083855964,0.0114316
0.1,true,0.09996669746308019,0.0123592
0.1,true,0.09996685408760073,0.0133148
0.1,true,0.09996701071212126,0.0142966
0.1,true,0.09996716733664181,0.0153029
0.1,true,0.09996732396116234,0.0163318
0.1,true,0.09996748058568287,0.0173814
0.1,true,0.09996763721020341,0.0184495
0.1,true,0.09996771552246368,0.0189899
0.1,true,0.09996779383472396,0.0195341
0.1,true,0.09996795045924449,0.020633
0.1,true,0.09996810708376502,0.0217439
0.1,true,0.09996826370828557,0.0228644
0.1,true,0.0999684203328061,0.0239921
0.1,true,0.09996849864506636,0.0245579
0.1,true,0.09996857695732664,0.0251246
0.1,true,0.09996873358184717,0.0262592
0.1,true,0.09996889020636772,0.0273936
0.1,true,0.09996904683088825,0.0285249
0.1,true,0.09996920345540879,0.0296505
0.1,true,0.09996928176766906,0.0302104
0.1,true,0.09996936007992933,0.0307679
0.1,true,0.09996951670444987,0.0318741
0.1,true,0.0999696733289704,0.0329666
0.1,true,0.09996982995349094,0.0340426
0.1,true,0.09996998657801148,0.0350993
0.1,true,0.09997014320253202,0.0361339
0.1,true,0.09997029982705255,0.0371438
0.1,true,0.0999704564515731,0.0381262
0.1,true,0.09997061307609363,0.0390784
0.1,true,0.09997076970061416,0.0399978
0.1,true,0.09997084801287444,0.0404444
0.1,true,0.0999709263251347,0.0408818
0.1,true,0.09997108294965525,0.0417276
0.1,true,0.09997123957417578,0.042533
0.1,true,0.09997139619869631,0.0432953
0.1,true,0.09997155282321686,0.0440122
0.1,true,0.0999717094477374,0.0446814
0.1,true,0.09997186607225793,0.0453006
0.1,true,0.09997202269677846,0.0458678
0.1,true,0.09997217932129901,0.0463809
0.1,true,0.09997233594581954,0.0468379
0.1,true,0.09997241425807982,0.0470448
0.1,true,0.09997249257034008,0.047237
0.1,true,0.09997264919486062,0.0475767
0.1,true,0.09997280581938116,0.0478552
0.1,true,0.09997296244390169,0.0480712
0.1,true,0.09997311906842223,0.0482233
0.1,true,0.09997327569294277,0.0483106
0.1,true,0.0999734323174633,0.0483319
0.1,true,0.09997358894198384,0.0482865
0.1,true,0.09997374556650439,0.0481736
0.1,true,0.09997390219102492,0.047993
0.1,true,0.09997398050328518,0.0478771
0.1,true,0.09997405881554546,0.0477441
0.1,true,0.09997421544006599,0.047427
0.1,true,0.09997437206458654,0.0470418
0.1,true,0.09997452868910707,0.0465885
0.1,true,0.0999746853136276,0.0460679
0.1,true,0.09997484193814815,0.0454804
0.1,true,0.09997499856266868,0.0448271
0.1,true,0.09997515518718922,0.0441089
0.1,true,0.09997531181170975,0.0433272
0.1,true,0.0999754684362303,0.0424835
0.1,true,0.09997554674849056,0.0420389
0.1,true,0.09997562506075083,0.0415794
0.1,true,0.09997578168527137,0.0406171
0.1,true,0.09997593830979191,0.0395985
0.1,true,0.09997609493431245,0.0385261
0.1,true,0.09997625155883298,0.0374025
0.1,true,0.09997640818335352,0.0362306
0.1,true,0.09997656480787406,0.0350132
0.1,true,0.0999767214323946,0.0337538
0.1,true,0.09997687805691513,0.0324558
0.1,true,0.09997703468143568,0.0311229
0.1,true,0.09997711299369594,0.0304446
0.1,true,0.09997719130595621,0.029759
0.1,true,0.09997734793047675,0.0283682
0.1,true,0.09997750455499728,0.0269549
0.1,true,0.09997766117951783,0.0255235
0.1,true,0.09997781780403836,0.0240788
0.1,true,0.0999779744285589,0.0226258
0.1,true,0.09997813105307944,0.0211695
0.1,true,0.09997828767759998,0.0197153
0.1,true,0.09997844430212051,0.0182686
0.1,true,0.09997860092664104,0.0168351
0.1,true,0.09997867923890132,0.0161251
0.1,true,0.09997875755116159,0.0154206
0.1,true,0.09997891417568212,0.014031
0.1,true,0.09997907080020266,0.0126726
0.1,true,0.0999792274247232,0.0113515
0.1,true,0.09997938404924374,0.0100742
0.1,true,0.09997954067376427,0.00884724
0.1,true,0.0999796972982848,0.0076772
0.1,true,0.09997985392280535,0.00657085
0.1,true,0.09998001054732589,0.00553504
0.1,true,0.09998016717184642,0.0045767
0.1,true,0.0999802454841067,0.00412876
0.1,true,0.09998032379636697,0.00370282
0.1,true,0.0999804804208875,0.00292048
0.1,true,0.09998063704540804,0.00223679
0.1,true,0.09998079366992857,0.0016589
0.1,true,0.09998095029444912,0.001194
0.1,true,0.09998110691896965,0.000849292
0.1,true,0.09998126354349018,0.000631974
0.1,true,0.09998142016801073,0.00054924
0.1,true,0.09998157679253127,0.000608262
0.1,true,0.0999817334170518,0.000816173
0.1,true,0.09998181172931207,0.000978179
0.1,true,0.09998189004157233,0.00118006
0.1,true,0.09998204666609288,0.00170695
0.1,true,0.09998220329061341,0.00240378
0.1,true,0.09998235991513395,0.00327743
0.1,true,0.0999825165396545,0.00433465
0.1,true,0.09998267316417503,0.00558207
0.1,true,0.09998282978869556,0.00702622
0.1,true,0.0999829864132161,0.00867347
0.1,true,0.09998314303773664,0.01053
0.1,true,0.09998329966225718,0.0126019
0.1,true,0.09998337797451745,0.0137205
0.1,true,0.09998345628677771,0.0148951
0.1,true,0.09998361291129826,0.0174151
0.1,true,0.09998376953581879,0.0201675
0.1,true,0.09998392616033933,0.0231575
0.1,true,0.09998408278485986,0.0263901
0.1,true,0.09998416109712012,0.0280988
0.1,true,0.09998423940938041,0.02987
0.1,true,0.09998439603390094,0.0336018
0.1,true,0.09998455265842147,0.0375898
0.1,true,0.09998470928294202,0.0418378
0.1,true,0.09998486590746256,0.0463495
0.1,true,0.09998494421972282,0.0487053
0.1,true,0.09998502253198309,0.0511283
0.1,true,0.09998517915650362,0.0561773
0.1,true,0.09998533578102417,0.0614991
0.1,true,0.0999854924055447,0.0670962
0.1,true,0.09998564903006524,0.0729707
0.1,true,0.09998580565458579,0.0791242
0.1,true,0.09998596227910632,0.085558
0.1,true,0.09998611890362685,0.0922733
0.1,true,0.09998627552814739,0.0992706
0.1,true,0.09998643215266793,0.10655
0.1,true,0.0999865104649282,0.110296
0.1,true,0.09998658877718847,0.114112
0.1,true,0.099986745401709,0.121955
0.1,true,0.09998690202622955,0.130079
0.1,true,0.09998705865075008,0.138482
0.1,true,0.09998721527527062,0.147163
0.1,true,0.09998737189979115,0.156119
0.1,true,0.0999875285243117,0.165348
0.1,true,0.09998768514883223,0.174847
0.1,true,0.09998784177335276,0.184613
0.1,true,0.09998799839787331,0.194641
0.1,true,0.09998807671013357,0.199753
0.1,true,0.09998815502239385,0.204928
0.1,true,0.09998831164691438,0.215469
0.1,true,0.09998846827143491,0.22626
0.1,true,0.09998862489595546,0.237294
0.1,true,0.099988781520476,0.248565
0.1,true,0.09998893814499653,0.260069
0.1,true,0.09998909476951708,0.271797
0.1,true,0.09998925139403761,0.283744
0.1,true,0.09998940801855814,0.295901
0.1,true,0.09998956464307868,0.308261
0.1,true,0.09998964295533895,0.314514
0.1,true,0.09998972126759922,0.320815
0.1,true,0.09998987789211976,0.333556
0.1,true,0.09999003451664029,0.346474
0.1,true,0.09999019114116084,0.359561
0.1,true,0.09999034776568137,0.372806
0.1,true,0.0999905043902019,0.386199
0.1,true,0.09999066101472244,0.399731
0.1,true,0.09999081763924299,0.413391
0.1,true,0.09999097426376352,0.427168
0.1,true,0.09999113088828405,0.441051
0.1,true,0.09999120920054433,0.448029
0.1,true,0.0999912875128046,0.455029
0.1,true,0.09999144413732514,0.469089
0.1,true,0.09999160076184567,0.483221
0.1,true,0.0999917573863662,0.497411
0.1,true,0.09999191401088675,0.511648
0.1,true,0.09999207063540728,0.525919
0.1,true,0.09999222725992782,0.540211
0.1,true,0.09999238388444837,0.554512
0.1,true,0.0999925405089689,0.568807
0.1,true,0.09999269713348943,0.583085
0.1,true,0.09999277544574971,0.590213
0.1,true,0.09999285375800997,0.597331
0.1,true,0.09999301038253051,0.611533
0.1,true,0.09999316700705105,0.625675
0.1,true,0.09999332363157158,0.639746
0.1,true,0.09999348025609213,0.653731
0.1,true,0.09999363688061266,0.667617
0.1,true,0.0999937935051332,0.68139
0.1,true,0.09999395012965373,0.695036
0.1,true,0.09999410675417428,0.708541
0.1,true,0.09999426337869481,0.721892
0.1,true,0.09999434169095509,0.728505
0.1,true,0.09999442000321535,0.735075
0.1,true,0.09999457662773589,0.748076
0.1,true,0.09999473325225643,0.760883
0.1,true,0.09999488987677696,0.773481
0.1,true,0.0999950465012975,0.785859
0.1,true,0.09999520312581804,0.798002
0.1,true,0.09999535975033857,0.809897
0.1,true,0.09999551637485911,0.821533
0.1,true,0.09999567299937966,0.832896
0.1,true,0.09999582962390019,0.843975
0.1,true,0.09999590793616045,0.849404
0.1,true,0.09999598624842072,0.854758
0.1,true,0.09999614287294126,0.865232
0.1,true,0.0999962994974618,0.875386
0.1,true,0.09999645612198234,0.88521
0.1,true,0.09999661274650287,0.894692
0.1,true,0.09999676937102342,0.903821
0.1,true,0.09999692599554395,0.912589
0.1,true,0.09999708262006449,0.920985
0.1,true,0.09999723924458502,0.928999
0.1,true,0.09999739586910557,0.936623
0.1,true,0.09999747418136583,0.940286
0.1,true,0.0999975524936261,0.943849
0.1,true,0.09999770911814664,0.950667
0.1,true,0.09999786574266718,0.95707
0.1,true,0.09999802236718772,0.963052
0.1,true,0.09999817899170825,0.968605
0.1,true,0.09999833561622878,0.973723
0.1,true,0.09999849224074933,0.9784
0.1,true,0.09999864886526987,0.982631
0.1,true,0.0999988054897904,0.98641
0.1,true,0.09999896211431095,0.989735
0.1,true,0.0999990404265712,0.991225
0.1,true,0.09999911873883148,0.9926
0.1,true,0.09999927536335201,0.995002
0.1,true,0.09999943198787255,0.99694
0.1,true,0.0999995886123931,0.998409
0.1,true,0.09999974523691363,0.99941
0.1,true,0.09999982354917389,0.999734
0.1,true,0.09999990186143416,0.999941
0.1,true,0.10000005848595471,1
0.1,true,0.10000021511047524,0.999588
0.1,true,0.10000037173499578,0.998706
0.1,true,0.10000052835951631,0.997355
0.1,true,0.10000060667177658,0.996504
0.1,true,0.10000068498403686,0.995535
0.1,true,0.10000084160855739,0.99325
0.1,true,0.10000099823307793,0.990502
0.1,true,0.10000115485759846,0.987293
0.1,true,0.100001311482119,0.983628
0.1,true,0.10000146810663954,0.979511
0.1,true,0.10000162473116007,0.974947
0.1,true,0.10000178135568062,0.96994
0.1,true,0.10000193798020116,0.964497
0.1,true,0.10000209460472169,0.958624
0.1,true,0.10000217291698196,0.955528
0.1,true,0.10000225122924222,0.952328
0.1,true,0.10000240785376277,0.945615
0.1,true,0.1000025644782833,0.938493
0.1,true,0.10000272110280384,0.93097
0.1,true,0.10000287772732439,0.923056
0.1,true,0.10000303435184492,0.914758
0.1,true,0.10000319097636545,0.906086
0.1,true,0.10000334760088599,0.89705
0.1,true,0.10000350422540653,0.88766
0.1,true,0.10000366084992707,0.877926
0.1,true,0.10000373916218734,0.872934
0.1,true,0.1000038174744476,0.86786
0.1,true,0.10000397409896815,0.857471
0.1,true,0.10000413072348868,0.846772
0.1,true,0.10000428734800922,0.835774
0.1,true,0.10000444397252975,0.824489
0.1,true,0.1000046005970503,0.81293
0.1,true,0.10000475722157083,0.801109
0.1,true,0.10000491384609136,0.789038
0.1,true,0.10000507047061191,0.77673
0.1,true,0.10000522709513245,0.764199
0.1,true,0.1000053054073927,0.757854
0.1,true,0.10000538371965298,0.751458
0.1,true,0.10000554034417351,0.738519
0.1,true,0.10000569696869406,0.725397
0.1,true,0.1000058535932146,0.712104
0.1,true,0.10000601021773513,0.698655
0.1,true,0.10000616684225568,0.685063
0.1,true,0.10000632346677621,0.671342
0.1,true,0.10000648009129674,0.657506
0.1,true,0.10000663671581728,0.643568
0.1,true,0.10000679334033782,0.629542
0.1,true,0.10000687165259808,0.6225
0.1,true,0.10000694996485836,0.615441
0.1,true,0.10000710658937889,0.60128
0.1,true,0.10000726321389944,0.587072
0.1,true,0.10000741983841997,0.57283
0.1,true,0.1000075764629405,0.558567
0.1,true,0.10000773308746104,0.544297
0.1,true,0.10000788971198159,0.530034
0.1,true,0.10000804633650212,0.515789
0.1,true,0.10000820296102265,0.501575
0.1,true,0.1000083595855432,0.487406
0.1,true,0.10000843789780346,0.480341
0.1,true,0.10000851621006374,0.473292
0.1,true,0.10000867283458427,0.459248
0.1,true,0.1000088294591048,0.445283
0.1,true,0.10000898608362535,0.431411
0.1,true,0.10000914270814588,0.417641
0.1,true,0.10000929933266642,0.403986
0.1,true,0.10000945595718697,0.390456
0.1,true,0.1000096125817075,0.377062
0.1,true,0.10000976920622803,0.363813
0.1,true,0.10000992583074857,0.35072
0.1,true,0.10001000414300884,0.344235
0.1,true,0.10001008245526911,0.337792
0.1,true,0.10001023907978965,0.325038
0.1,true,0.10001039570431018,0.312467
0.1,true,0.10001055232883073,0.300088
0.1,true,0.10001070895335126,0.287909
0.1,true,0.1000108655778718,0.275937
0.1,true,0.10001102220239233,0.264179
0.1,true,0.10001117882691288,0.252644
0.1,true,0.10001133545143341,0.241336
0.1,true,0.10001149207595394,0.230263
0.1,true,0.10001157038821422,0.224817
0.1,true,0.10001164870047449,0.219431
0.1,true,0.10001180532499503,0.208844
0.1,true,0.10001196194951556,0.198508
0.1,true,0.1000121185740361,0.188427
0.1,true,0.10001227519855664,0.178606
0.1,true,0.10001243182307717,0.169049
0.1,true,0.10001258844759771,0.159757
0.1,true,0.10001274507211826,0.150736
0.1,true,0.10001290169663879,0.141987
0.1,true,0.10001305832115932,0.133513
0.1,true,0.1000131366334196,0.129379
0.1,true,0.10001321494567986,0.125315
0.1,true,0.1000133715702004,0.117395
0.1,true,0.10001352819472094,0.109754
0.1,true,0.10001368481924147,0.102392
0.1,true,0.10001384144376202,0.0953096
0.1,true,0.10001399806828255,0.088507
0.1,true,0.10001415469280309,0.0819836
0.1,true,0.10001431131732362,0.0757385
0.1,true,0.10001446794184417,0.0697704
0.1,true,0.1000146245663647,0.0640779
0.1,true,0.10001470287862498,0.0613343
0.1,true,0.10001478119088524,0.0586589
0.1,true,0.10001493781540578,0.0535114
0.1,true,0.10001509443992632,0.0486327
0.1,true,0.10001525106444685,0.04402
0.1,true,0.10001540768896738,0.03967
0.1,true,0.10001548600122764,0.0375925
0.1,true,0.10001556431348793,0.0355794
0.1,true,0.10001572093800846,0.0317443
0.1,true,0.100015877562529,0.0281607
0.1,true,0.10001603418704955,0.0248243
0.1,true,0.10001619081157008,0.0217305
0.1,true,0.10001626912383034,0.0202731
0.1,true,0.10001634743609061,0.0188745
0.1,true,0.10001650406061115,0.0162513
0.1,true,0.1000166606851317,0.0138555
0.1,true,0.10001681730965223,0.0116818
0.1,true,0.10001697393417276,0.00972436
0.1,true,0.10001713055869331,0.0079774
0.1,true,0.10001728718321384,0.00643485
0.1,true,0.10001744380773438,0.00509052
0.1,true,0.10001760043225491,0.00393807
0.1,true,0.10001775705677546,0.00297102
0.1,true,0.10001783536903572,0.00255495
0.1,true,0.10001791368129599,0.00218275
0.1,true,0.10001807030581653,0.00156655
0.1,true,0.10001822693033707,0.00111562
0.1,true,0.1000183835548576,0.000823058
0.1,true,0.10001854017937814,0.000681899
0.1,true,0.10001869680389867,0.000685122
0.1,true,0.10001885342841922,0.00082566
0.1,true,0.10001901005293976,0.00109641
0.1,true,0.10001916667746029,0.00149027
0.1,true,0.10001932330198084,0.00200009
0.1,true,0.1000194016142411,0.00229627
0.1,true,0.10001947992650137,0.00261877
0.1,true,0.1000196365510219,0.00333921
0.1,true,0.10001979317554244,0.00415432
0.1,true,0.10001994980006298,0.00505709
0.1,true,0.10002010642458352,0.00604053
0.1,true,0.10002026304910405,0.00709774
0.1,true,0.1000204196736246,0.00822188
0.1,true,0.10002057629814513,0.00940621
0.1,true,0.10002073292266567,0.0106441
0.1,true,0.1000208895471862,0.0119289
0.1,true,0.10002096785944647,0.0125869
0.1,true,0.10002104617170675,0.0132543
0.1,true,0.10002120279622728,0.0146139
0.1,true,0.10002135942074782,0.0160016
0.1,true,0.10002151604526836,0.0174114
0.1,true,0.1000216726697889,0.0188374
0.1,true,0.10002182929430943,0.0202739
0.1,true,0.10002198591882996,0.0217153
0.1,true,0.10002214254335051,0.0231562
0.1,true,0.10002229916787105,0.0245916
0.1,true,0.10002245579239158,0.0260163
0.1,true,0.10002253410465185,0.0267231
0.1,true,0.10002261241691213,0.0274255
0.1,true,0.10002276904143266,0.0288147
0.1,true,0.1000229256659532,0.0301794
0.1,true,0.10002308229047373,0.0315155
0.1,true,0.10002323891499428,0.0328188
0.1,true,0.10002339553951481,0.0340857
0.1,true,0.10002355216403534,0.0353126
0.1,true,0.10002370878855589,0.036496
0.1,true,0.10002386541307642,0.037633
0.1,true,0.10002402203759696,0.0387204
0.1,true,0.10002410034985723,0.0392448
0.1,true,0.10002417866211749,0.0397558
0.1,true,0.10002433528663804,0.0407365
0.1,true,0.10002449191115857,0.0416604
0.1,true,0.1000246485356791,0.0425253
0.1,true,0.10002480516019965,0.0433296
0.1,true,0.10002496178472019,0.0440715
0.1,true,0.10002511840924072,0.0447497
0.1,true,0.10002527503376125,0.0453631
0.1,true,0.1000254316582818,0.0459106
0.1,true,0.10002558828280234,0.0463915
0.1,true,0.10002566659506261,0.0466069
0.1,true,0.10002574490732287,0.0468054
0.1,true,0.10002590153184342,0.0471517
0.1,true,0.10002605815636395,0.0474304
0.1,true,0.10002621478088448,0.0476416
0.1,true,0.10002637140540502,0.0477853
0.1,true,0.10002652802992557,0.0478621
0.1,true,0.1000266846544461,0.0478725
0.1,true,0.10002684127896663,0.0478173
0.1,true,0.10002699790348718,0.0476973
0.1,true,0.10002715452800771,0.0475137
0.1,true,0.10002723284026797,0.0473984
0.1,true,0.10002731115252825,0.0472676
0.1,true,0.10002746777704878,0.0469605
0.1,true,0.10002762440156933,0.0465937
0.1,true,0.10002778102608986,0.0461691
0.1,true,0.1000279376506104,0.0456882
0.1,true,0.10002809427513094,0.045153
0.1,true,0.10002825089965148,0.0445654
0.1,true,0.10002840752417201,0.0439275
0.1,true,0.10002856414869254,0.0432416
0.1,true,0.10002872077321309,0.0425098
0.1,true,0.10002879908547335,0.0421274
0.1,true,0.10002887739773363,0.0417345
0.1,true,0.10002903402225416,0.0409181
0.1,true,0.10002919064677471,0.040063
0.1,true,0.10002934727129524,0.0391718
0.1,true,0.10002950389581577,0.0382471
0.1,true,0.10002966052033631,0.0372914
0.1,true,0.10002981714485686,0.0363075
0.1,true,0.10002997376937739,0.0352979
0.1,true,0.10003013039389792,0.0342655
0.1,true,0.10003028701841847,0.0332127
0.1,true,0.10003036533067873,0.0326796
0.1,true,0.100030443642939,0.0321425
0.1,true,0.10003060026745954,0.0310574
0.1,true,0.10003075689198007,0.0299602
0.1,true,0.10003091351650062,0.0288535
0.1,true,0.10003107014102115,0.0277401
0.1,true,0.10003114845328141,0.0271816
0.1,true,0.10003122676554169,0.0266224
0.1,true,0.10003138339006223,0.0255031
0.1,true,0.10003154001458277,0.0243848
0.1,true,0.1000316966391033,0.0232699
0.1,true,0.10003185326362384,0.0221609
0.1,true,0.10003193157588411,0.0216094
0.1,true,0.10003200988814438,0.0210602
0.1,true,0.10003216651266492,0.0199701
0.1,true,0.10003232313718545,0.0188928
0.1,true,0.100032479761706,0.0178307
0.1,true,0.10003263638622653,0.0167856
0.1,true,0.10003279301074706,0.0157598
0.1,true,0.1000329496352676,0.0147551
0.1,true,0.10003310625978815,0.0137735
0.1,true,0.10003326288430868,0.0128166
0.1,true,0.10003341950882921,0.0118861
0.1,true,0.10003349782108949,0.0114313
0.1,true,0.10003357613334976,0.0109837
0.1,true,0.1000337327578703,0.0101109
0.1,true,0.10003388938239083,0.00926889
0.1,true,0.10003404600691136,0.00845911
0.1,true,0.10003420263143191,0.00768269
0.1,true,0.10003435925595244,0.0069407
0.1,true,0.10003451588047298,0.00623413
0.1,true,0.10003467250499352,0.00556381
0.1,true,0.10003482912951406,0.00493052
0.1,true,0.10003498575403459,0.00433489
0.1,true,0.10003506406629487,0.00405137
0.1,true,0.10003514237855513,0.00377747
0.1,true,0.10003529900307567,0.00325868
0.1,true,0.1000354556275962,0.00277886
0.1,true,0.10003561225211674,0.00233823
0.1,true,0.10003576887663729,0.00193691
0.1,true,0.10003592550115782,0.00157491
0.1,true,0.10003608212567836,0.00125215
0.1,true,0.10003623875019889,0.000968447
0.1,true,0.10003639537471944,0.000723519
0.1,true,0.10003655199923997,0.000516992
0.1,true,0.10003663031150024,0.000427987
0.1,true,0.1000367086237605,0.000348399
0.1,true,0.10003686524828105,0.000217185
0.1,true,0.10003702187280158,0.000122705
0.1,true,0.10003717849732212,6.42353e-05
0.1,true,0.10003733512184265,4.09685e-05
0.1,true,0.1000374917463632,5.20219e-05
0.1,true,0.10003764837088373,9.6439e-05
0.1,true,0.10003780499540427,0.000173194
0.1,true,0.10003796161992481,0.000281195
0.1,true,0.10003811824444535,0.000419289
0.1,true,0.10003819655670561,0.000499243
0.1,true,0.10003827486896588,0.000586263
0.1,true,0.10003843149348642,0.000780852
0.1,true,0.10003858811800696,0.00100174
0.1,true,0.1000387447425275,0.00124757
0.1,true,0.10003890136704803,0.00151694
0.1,true,0.10003905799156858,0.0018084
0.1,true,0.10003921461608911,0.00212049
0.1,true,0.10003937124060965,0.00245172
0.1,true,0.10003952786513018,0.00280054
0.1,true,0.10003968448965073,0.00316544
0.1,true,0.10003976280191099,0.00335342
0.1,true,0.10003984111417126,0.00354484
0.1,true,0.1000399977386918,0.00393718
0.1,true,0.10004015436321234,0.00434088
0.1,true,0.10004031098773288,0.00475438
0.1,true,0.10004046761225341,0.00517609
0.1,true,0.10004062423677394,0.00560445
0.1,true,0.10004078086129449,0.00603791
0.1,true,0.10004093748581502,0.00647492
0.1,true,0.10004109411033556,0.00691395
0.1,true,0.1000412507348561,0.00735351
0.1,true,0.10004132904711636,0.00757303
0.1,true,0.10004140735937664,0.00779212
0.1,true,0.10004156398389717,0.00822833
0.1,true,0.1000417206084177,0.00866073
0.1,true,0.10004187723293825,0.00908794
0.1,true,0.10004203385745879,0.00950861
0.1,true,0.10004219048197932,0.00992146
0.1,true,0.10004234710649987,0.0103252
0.1,true,0.1000425037310204,0.0107187
0.1,true,0.10004266035554094,0.0111007
0.1,true,0.10004281698006147,0.0114702
0.1,true,0.10004289529232174,0.0116499
0.1,true,0.10004297360458202,0.0118261
0.1,true,0.10004313022910255,0.0121674
0.1,true,0.10004328685362308,0.0124932
0.1,true,0.10004344347814363,0.0128025
0.1,true,0.10004360010266417,0.0130947
0.1,true,0.1000437567271847,0.0133689
0.1,true,0.10004391335170523,0.0136244
0.1,true,0.10004406997622578,0.0138606
0.1,true,0.10004422660074631,0.014077
0.1,true,0.10004438322526685,0.0142731
0.1,true,0.10004446153752712,0.0143634
0.1,true,0.1000445398497874,0.0144484
0.1,true,0.10004469647430793,0.0146025
0.1,true,0.10004485309882846,0.0147353
0.1,true,0.100045009723349,0.0148463
0.1,true,0.10004516634786954,0.0149355
0.1,true,0.10004532297239008,0.0150028
0.1,true,0.10004547959691061,0.0150482
0.1,true,0.10004563622143116,0.0150715
0.1,true,0.10004579284595169,0.0150731
0.1,true,0.10004594947047223,0.0150529
0.1,true,0.1000460277827325,0.0150347
0.1,true,0.10004610609499276,0.0150112
0.1,true,0.10004626271951331,0.0149482
0.1,true,0.10004641934403384,0.0148644
0.1,true,0.10004657596855437,0.0147599
0.1,true,0.10004673259307492,0.0146354
0.1,true,0.10004681090533518,0.0145658
0.1,true,0.10004688921759546,0.0144913
0.1,true,0.10004704584211599,0.014328
0.1,true,0.10004720246663652,0.0141463
0.1,true,0.10004735909115707,0.0139466
0.1,true,0.1000475157156776,0.0137297
0.1,true,0.10004759402793788,0.013615
0.1,true,0.10004767234019814,0.0134963
0.1,true,0.10004782896471869,0.0132471
0.1,true,0.10004798558923922,0.0129828
0.1,true,0.10004814221375975,0.0127044
0.1,true,0.10004829883828029,0.0124127
0.1,true,0.10004845546280083,0.0121084
0.1,true,0.10004861208732137,0.0117926
0.1,true,0.1000487687118419,0.0114661
0.1,true,0.10004892533636245,0.0111298
0.1,true,0.10004908196088298,0.0107848
0.1,true,0.10004916027314324,0.0106093
0.1,true,0.10004923858540352,0.010432
0.1,true,0.10004939520992405,0.0100723
0.1,true,0.1000495518344446,0.00970675
0.1,true,0.10004970845896513,0.00933636
0.1,true,0.10004986508348566,0.0089621
0.1,true,0.10005002170800621,0.00858496
0.1,true,0.10005017833252675,0.00820595
0.1,true,0.10005033495704728,0.00782605
0.1,true,0.10005049158156781,0.00744624
0.1,true,0.10005064820608836,0.00706749
0.1,true,0.10005072651834862,0.00687882
0.1,true,0.1000508048306089,0.00669076
0.1,true,0.10005096145512943,0.00631699
0.1,true,0.10005111807964998,0.0059471
0.1,true,0.10005127470417051,0.00558201
0.1,true,0.10005143132869104,0.00522259
0.1,true,0.10005158795321158,0.0048697
0.1,true,0.10005174457773212,0.00452418
0.1,true,0.10005190120225266,0.00418684
0.1,true,0.10005205782677319,0.00385845
0.1,true,0.10005221445129374,0.00353976
0.1,true,0.100052292763554,0.00338427
0.1,true,0.10005237107581427,0.00323148
0.1,true,0.1000525277003348,0.00293428
0.1,true,0.10005268432485534,0.0026488
0.1,true,0.10005284094937589,0.00237565
0.1,true,0.10005299757389642,0.0021154
0.1,true,0.10005315419841695,0.00186856
0.1,true,0.1000533108229375,0.00163562
0.1,true,0.10005346744745804,0.00141702
0.1,true,0.10005362407197857,0.00121316
0.1,true,0.1000537806964991,0.00102439
0.1,true,0.10005385900875938,0.000935766
0.1,true,0.10005393732101965,0.000851029
0.1,true,0.10005409394554018,0.00069334
0.1,true,0.10005425057006072,0.000551547
0.1,true,0.10005440719458125,0.000425827
0.1,true,0.1000545638191018,0.000316313
0.1,true,0.10005472044362233,0.000223092
0.1,true,0.10005487706814287,0.000146208
0.1,true,0.10005503369266341,8.56611e-05
0.1,true,0.10005519031718395,4.14053e-05
0.1,true,0.10005534694170448,1.33527e-05
0.1,true,0.10005542525396476,5.36337e-06
0.1,true,0.10005550356622502,1.37241e-06
0.1,true,0.10005566019074556,5.29129e-06
0.1,true,0.1000558168152661,2.48951e-05
0.1,true,0.10005597343978663,5.99295e-05
0.1,true,0.10005613006430718,0.000110101
0.1,true,0.10005628668882771,0.000175077
0.1,true,0.10005644331334825,0.00025449
0.1,true,0.10005659993786878,0.000347936
0.1,true,0.10005675656238933,0.000454976
0.1,true,0.10005691318690986,0.000575141
0.1,true,0.10005699149917013,0.000639989
0.1,true,0.1000570698114304,0.000707928
0.1,true,0.10005722643595094,0.000852806
0.1,true,0.10005738306047147,0.00100922
0.1,true,0.10005753968499201,0.00117658
0.1,true,0.10005769630951254,0.00135428
0.1,true,0.10005785293403309,0.00154169
0.1,true,0.10005800955855362,0.00173815
0.1,true,0.10005816618307416,0.00194301
0.1,true,0.1000583228075947,0.00215557
0.1,true,0.10005847943211524,0.00237514
0.1,true,0.10005855774437551,0.00248732
0.1,true,0.10005863605663577,0.00260099
0.1,true,0.1000587926811563,0.00283242
0.1,true,0.10005894930567685,0.00306868
0.1,true,0.10005910593019739,0.00330904
0.1,true,0.10005926255471792,0.00355277
0.1,true,0.10005941917923847,0.00379912
0.1,true,0.100059575803759,0.00404734
0.1,true,0.10005973242827954,0.0042967
0.1,true,0.10005988905280007,0.00454646
0.1,true,0.10006004567732062,0.00479589
0.1,true,0.10006012398958088,0.00492026
0.1,true,0.10006020230184115,0.00504427
0.1,true,0.10006035892636168,0.00529088
0.1,true,0.10006051555088223,0.00553503
0.1,true,0.10006067217540277,0.00577603
0.1,true,0.1000608287999233,0.0060132
0.1,true,0.10006098542444383,0.00624589
0.1,true,0.10006114204896438,0.00647347
0.1,true,0.10006129867348491,0.00669532
0.1,true,0.10006145529800545,0.00691084
0.1,true,0.100061611922526,0.00711946
0.1,true,0.10006169023478625,0.00722102
0.1,true,0.10006176854704653,0.00732064
0.1,true,0.10006192517156706,0.00751385
0.1,true,0.1000620817960876,0.0076986
0.1,true,0.10006223842060814,0.00787442
0.1,true,0.10006239504512868,0.00804087
0.1,true,0.10006247335738894,0.00812045
0.1,true,0.10006255166964921,0.00819754
0.1,true,0.10006270829416976,0.00834405
0.1,true,0.10006286491869029,0.00848005
0.1,true,0.10006302154321083,0.00860523
0.1,true,0.10006317816773136,0.0087193
0.1,true,0.10006325647999163,0.00877209
0.1,true,0.1000633347922519,0.00882202
0.1,true,0.10006349141677244,0.00891315
0.1,true,0.10006364804129297,0.00899253
0.1,true,0.10006380466581352,0.00905998
0.1,true,0.10006396129033406,0.00911541
0.1,true,0.10006411791485459,0.00915871
0.1,true,0.10006427453937512,0.00918984
0.1,true,0.10006443116389567,0.00920878
0.1,true,0.1000645877884162,0.00921555
0.1,true,0.10006474441293674,0.00921018
0.1,true,0.10006482272519701,0.00920297
0.1,true,0.10006490103745729,0.00919276
0.1,true,0.10006505766197782,0.00916339
0.1,true,0.10006521428649835,0.00912221
0.1,true,0.10006537091101889,0.0090694
0.1,true,0.10006552753553943,0.00900516
0.1,true,0.10006568416005997,0.0089297
0.1,true,0.1000658407845805,0.00884328
0.1,true,0.10006599740910105,0.0087462
0.1,true,0.10006615403362158,0.00863874
0.1,true,0.10006631065814212,0.00852125
0.1,true,0.10006638897040239,0.00845885
0.1,true,0.10006646728266265,0.00839407
0.1,true,0.1000666239071832,0.00825759
0.1,true,0.10006678053170373,0.0081122
0.1,true,0.10006693715622426,0.00795832
0.1,true,0.10006709378074481,0.00779639
0.1,true,0.10006725040526535,0.00762685
0.1,true,0.10006740702978588,0.00745017
0.1,true,0.10006756365430641,0.00726684
0.1,true,0.10006772027882696,0.00707735
0.1,true,0.1000678769033475,0.00688222
0.1,true,0.10006795521560777,0.00678269
0.1,true,0.10006803352786803,0.00668194
0.1,true,0.10006819015238858,0.00647706
0.1,true,0.10006834677690911,0.0062681
0.1,true,0.10006850340142964,0.00605559
0.1,true,0.10006866002595018,0.00584009
0.1,true,0.10006881665047072,0.00562214
0.1,true,0.10006897327499126,0.00540228
0.1,true,0.10006912989951179,0.00518106
0.1,true,0.10006928652403234,0.00495902
0.1,true,0.10006944314855287,0.0047367
0.1,true,0.10006952146081315,0.00462561
0.1,true,0.1000695997730734,0.00451464
0.1,true,0.10006975639759394,0.00429338
0.1,true,0.10006991302211449,0.00407343
0.1,true,0.10007006964663502,0.00385532
0.1,true,0.10007022627115555,0.00363954
0.1,true,0.1000703828956761,0.00342659
0.1,true,0.10007053952019664,0.00321697
0.1,true,0.10007069614471717,0.00301113
0.1,true,0.1000708527692377,0.00280953
0.1,true,0.10007100939375825,0.00261261
0.1,true,0.10007108770601851,0.00251604
0.1,true,0.10007116601827878,0.0024208
0.1,true,0.10007132264279932,0.0022345
0.1,true,0.10007147926731987,0.00205411
0.1,true,0.1000716358918404,0.00187999
0.1,true,0.10007179251636093,0.00171249
0.1,true,0.10007194914088147,0.00155194
0.1,true,0.10007210576540201,0.00139864
0.1,true,0.10007226238992255,0.00125289
0.1,true,0.10007241901444308,0.00111495
0.1,true,0.10007257563896363,0.000985052
0.1,true,0.10007265395122389,0.000923189
0.1,true,0.10007273226348416,0.000863417
0.1,true,0.1000728888880047,0.000750238
0.1,true,0.10007304551252523,0.000645684
0.1,true,0.10007320213704578,0.000549898
0.1,true,0.10007335876156631,0.000463002
0.1,true,0.10007351538608684,0.00038509
0.1,true,0.10007367201060739,0.000316232
0.1,true,0.10007382863512793,0.000256475
0.1,true,0.10007398525964846,0.00020584
0.1,true,0.100074141884169,0.000164323
0.1,true,0.10007422019642927,0.000146976
0.1,true,0.10007429850868954,0.000131897
0.1,true,0.10007445513321007,0.000108511
0.1,true,0.10007461175773061,9.40903e-05
0.1,true,0.10007476838225116,8.85361e-05
0.1,true,0.10007492500677169,9.17278e-05
0.1,true,0.10007508163129222,0.000103522
0.1,true,0.10007523825581276,0.000123755
0.1,true,0.1000753948803333,0.000152239
0.1,true,0.10007555150485384,0.000188769
0.1,true,0.10007570812937437,0.00023312
0.1,true,0.10007578644163465,0.000258152
0.1,true,0.10007586475389492,0.000285046
0.1,true,0.10007602137841545,0.000344284
0.1,true,0.10007617800293599,0.000410556
0.1,true,0.10007633462745652,0.000483564
0.1,true,0.10007649125197707,0.000562998
0.1,true,0.1000766478764976,0.000648531
0.1,true,0.10007680450101814,0.000739825
0.1,true,0.10007696112553868,0.000836528
0.1,true,0.10007711775005922,0.000938278
0.1,true,0.10007727437457975,0.0010447
0.1,true,0.10007735268684002,0.00109955
0.1,true,0.10007743099910028,0.00115542
0.1,true,0.10007758762362083,0.00127004
0.1,true,0.10007774424814136,0.00138816
0.1,true,0.1000779008726619,0.00150939
0.1,true,0.10007805749718245,0.00163332
0.1,true,0.1000781358094427,0.00169617
0.1,true,0.10007821412170298,0.00175954
0.1,true,0.10007837074622351,0.00188764
0.1,true,0.10007852737074405,0.0020172
0.1,true,0.1000786839952646,0.00214781
0.1,true,0.10007884061978513,0.00227907
0.1,true,0.1000789189320454,0.00234481
0.1,true,0.10008048517725078,0.00359635
0.1,true,0.10008205142245614,0.0044942
